number,kind,url,route,category,reason,review_priority
2476,issue,https://github.com/lowRISC/ibex/issues/2476,deep_read,verification_interface,reported_mismatch,0.81
340,issue,https://github.com/lowRISC/ibex/issues/340,deep_read,rtl,transaction,0.8
574,issue,https://github.com/lowRISC/ibex/issues/574,deep_read,rtl,boundary_or_ordering,0.8
2452,issue,https://github.com/lowRISC/ibex/issues/2452,deep_read,rtl,reported_mismatch,0.79
2473,issue,https://github.com/lowRISC/ibex/issues/2473,deep_read,rtl,permission_or_state,0.79
2187,issue,https://github.com/lowRISC/ibex/issues/2187,deep_read,verification,reported_mismatch,0.78
2487,pr,https://github.com/lowRISC/ibex/pull/2487,deep_read,rtl,permission_or_state,0.78
849,issue,https://github.com/lowRISC/ibex/issues/849,deep_read,rtl,boundary_or_ordering,0.77
864,issue,https://github.com/lowRISC/ibex/issues/864,deep_read,rtl,boundary_or_ordering,0.76
2188,issue,https://github.com/lowRISC/ibex/issues/2188,deep_read,rtl,boundary_or_ordering,0.76
2490,issue,https://github.com/lowRISC/ibex/issues/2490,deep_read,rtl,reported_mismatch,0.76
2511,pr,https://github.com/lowRISC/ibex/pull/2511,deep_read,verification,boundary_or_ordering,0.76
142,issue,https://github.com/lowRISC/ibex/issues/142,deep_read,rtl,reported_mismatch,0.75
216,issue,https://github.com/lowRISC/ibex/issues/216,deep_read,rtl,boundary_or_ordering,0.75
1414,issue,https://github.com/lowRISC/ibex/issues/1414,deep_read,rtl,reported_mismatch,0.75
1465,issue,https://github.com/lowRISC/ibex/issues/1465,deep_read,rtl,boundary_or_ordering,0.75
1506,issue,https://github.com/lowRISC/ibex/issues/1506,deep_read,rtl,boundary_or_ordering,0.75
1720,issue,https://github.com/lowRISC/ibex/issues/1720,deep_read,rtl,reported_mismatch,0.75
2258,issue,https://github.com/lowRISC/ibex/issues/2258,deep_read,rtl,boundary_or_ordering,0.75
2314,issue,https://github.com/lowRISC/ibex/issues/2314,deep_read,verification,reported_mismatch,0.75
2353,issue,https://github.com/lowRISC/ibex/issues/2353,deep_read,rtl,boundary_or_ordering,0.75
2440,pr,https://github.com/lowRISC/ibex/pull/2440,deep_read,rtl,boundary_or_ordering,0.75
2441,pr,https://github.com/lowRISC/ibex/pull/2441,deep_read,rtl,boundary_or_ordering,0.75
2446,pr,https://github.com/lowRISC/ibex/pull/2446,deep_read,rtl,boundary_or_ordering,0.75
2461,issue,https://github.com/lowRISC/ibex/issues/2461,deep_read,verification,boundary_or_ordering,0.75
2498,pr,https://github.com/lowRISC/ibex/pull/2498,deep_read,rtl,reported_mismatch,0.75
2508,issue,https://github.com/lowRISC/ibex/issues/2508,deep_read,rtl,oracle_or_configuration,0.75
2512,pr,https://github.com/lowRISC/ibex/pull/2512,deep_read,verification,reported_mismatch,0.75
2515,pr,https://github.com/lowRISC/ibex/pull/2515,deep_read,verification,reported_mismatch,0.75
2516,pr,https://github.com/lowRISC/ibex/pull/2516,deep_read,verification,boundary_or_ordering,0.75
374,issue,https://github.com/lowRISC/ibex/issues/374,deep_read,rtl,boundary_or_ordering,0.74
834,pr,https://github.com/lowRISC/ibex/pull/834,deep_read,verification,boundary_or_ordering,0.74
1029,issue,https://github.com/lowRISC/ibex/issues/1029,deep_read,rtl,boundary_or_ordering,0.74
1178,issue,https://github.com/lowRISC/ibex/issues/1178,deep_read,rtl,reported_mismatch,0.74
2231,issue,https://github.com/lowRISC/ibex/issues/2231,deep_read,verification_interface,reported_mismatch,0.74
2252,issue,https://github.com/lowRISC/ibex/issues/2252,deep_read,rtl,reported_mismatch,0.74
2319,issue,https://github.com/lowRISC/ibex/issues/2319,deep_read,rtl,boundary_or_ordering,0.74
2329,issue,https://github.com/lowRISC/ibex/issues/2329,deep_read,rtl,reported_mismatch,0.74
2474,issue,https://github.com/lowRISC/ibex/issues/2474,deep_read,rtl,permission_or_state,0.74
2514,pr,https://github.com/lowRISC/ibex/pull/2514,deep_read,verification,boundary_or_ordering,0.74
164,issue,https://github.com/lowRISC/ibex/issues/164,deep_read,rtl,reported_mismatch,0.73
336,pr,https://github.com/lowRISC/ibex/pull/336,deep_read,rtl,reported_mismatch,0.73
557,issue,https://github.com/lowRISC/ibex/issues/557,deep_read,rtl,reported_mismatch,0.73
567,issue,https://github.com/lowRISC/ibex/issues/567,deep_read,rtl,reported_mismatch,0.73
986,pr,https://github.com/lowRISC/ibex/pull/986,deep_read,rtl,boundary_or_ordering,0.73
1774,issue,https://github.com/lowRISC/ibex/issues/1774,deep_read,rtl,reported_mismatch,0.73
1811,pr,https://github.com/lowRISC/ibex/pull/1811,deep_read,verification,boundary_or_ordering,0.73
1827,issue,https://github.com/lowRISC/ibex/issues/1827,deep_read,rtl,boundary_or_ordering,0.73
2015,issue,https://github.com/lowRISC/ibex/issues/2015,deep_read,verification_interface,boundary_or_ordering,0.73
2094,issue,https://github.com/lowRISC/ibex/issues/2094,deep_read,verification_interface,boundary_or_ordering,0.73
2165,issue,https://github.com/lowRISC/ibex/issues/2165,deep_read,rtl,boundary_or_ordering,0.73
2286,pr,https://github.com/lowRISC/ibex/pull/2286,deep_read,verification,oracle_or_configuration,0.73
2342,issue,https://github.com/lowRISC/ibex/issues/2342,deep_read,rtl,reported_mismatch,0.73
2344,issue,https://github.com/lowRISC/ibex/issues/2344,deep_read,rtl,reported_mismatch,0.73
2480,issue,https://github.com/lowRISC/ibex/issues/2480,deep_read,rtl,reported_mismatch,0.73
2491,issue,https://github.com/lowRISC/ibex/issues/2491,deep_read,rtl,reported_mismatch,0.73
2497,pr,https://github.com/lowRISC/ibex/pull/2497,deep_read,verification,boundary_or_ordering,0.73
2500,pr,https://github.com/lowRISC/ibex/pull/2500,deep_read,rtl,boundary_or_ordering,0.73
2509,issue,https://github.com/lowRISC/ibex/issues/2509,deep_read,rtl,boundary_or_ordering,0.73
2510,pr,https://github.com/lowRISC/ibex/pull/2510,deep_read,verification,reported_mismatch,0.73
2518,pr,https://github.com/lowRISC/ibex/pull/2518,deep_read,verification_interface,reported_mismatch,0.73
3,issue,https://github.com/lowRISC/ibex/issues/3,deep_read,rtl,boundary_or_ordering,0.72
24,issue,https://github.com/lowRISC/ibex/issues/24,deep_read,tooling,reported_mismatch,0.72
163,issue,https://github.com/lowRISC/ibex/issues/163,deep_read,rtl,reported_mismatch,0.72
730,issue,https://github.com/lowRISC/ibex/issues/730,deep_read,verification,reported_mismatch,0.72
828,pr,https://github.com/lowRISC/ibex/pull/828,deep_read,verification,boundary_or_ordering,0.72
1034,pr,https://github.com/lowRISC/ibex/pull/1034,deep_read,rtl,boundary_or_ordering,0.72
1068,issue,https://github.com/lowRISC/ibex/issues/1068,deep_read,rtl,boundary_or_ordering,0.72
1277,issue,https://github.com/lowRISC/ibex/issues/1277,deep_read,rtl,reported_mismatch,0.72
1280,issue,https://github.com/lowRISC/ibex/issues/1280,deep_read,verification,reported_mismatch,0.72
1342,issue,https://github.com/lowRISC/ibex/issues/1342,deep_read,verification,oracle_or_configuration,0.72
1462,issue,https://github.com/lowRISC/ibex/issues/1462,deep_read,rtl,reported_mismatch,0.72
1587,issue,https://github.com/lowRISC/ibex/issues/1587,deep_read,rtl,reported_mismatch,0.72
1769,issue,https://github.com/lowRISC/ibex/issues/1769,deep_read,rtl,reported_mismatch,0.72
1772,issue,https://github.com/lowRISC/ibex/issues/1772,deep_read,rtl,reported_mismatch,0.72
1825,issue,https://github.com/lowRISC/ibex/issues/1825,deep_read,verification,permission_or_state,0.72
2120,pr,https://github.com/lowRISC/ibex/pull/2120,deep_read,verification,reported_mismatch,0.72
2178,issue,https://github.com/lowRISC/ibex/issues/2178,deep_read,rtl,reported_mismatch,0.72
2186,issue,https://github.com/lowRISC/ibex/issues/2186,deep_read,rtl,reported_mismatch,0.72
2311,issue,https://github.com/lowRISC/ibex/issues/2311,deep_read,integration,reported_mismatch,0.72
2330,issue,https://github.com/lowRISC/ibex/issues/2330,deep_read,rtl,reported_mismatch,0.72
2341,issue,https://github.com/lowRISC/ibex/issues/2341,deep_read,rtl,reported_mismatch,0.72
2478,issue,https://github.com/lowRISC/ibex/issues/2478,deep_read,rtl,permission_or_state,0.72
2495,pr,https://github.com/lowRISC/ibex/pull/2495,deep_read,rtl,permission_or_state,0.72
2499,pr,https://github.com/lowRISC/ibex/pull/2499,deep_read,verification,reported_mismatch,0.72
119,issue,https://github.com/lowRISC/ibex/issues/119,deep_read,rtl,reported_mismatch,0.71
175,issue,https://github.com/lowRISC/ibex/issues/175,deep_read,rtl,reported_mismatch,0.71
270,issue,https://github.com/lowRISC/ibex/issues/270,deep_read,rtl,permission_or_state,0.71
628,pr,https://github.com/lowRISC/ibex/pull/628,deep_read,tooling,boundary_or_ordering,0.71
808,issue,https://github.com/lowRISC/ibex/issues/808,deep_read,verification_interface,reported_mismatch,0.71
832,issue,https://github.com/lowRISC/ibex/issues/832,deep_read,rtl,boundary_or_ordering,0.71
1092,issue,https://github.com/lowRISC/ibex/issues/1092,deep_read,verification,reported_mismatch,0.71
1317,issue,https://github.com/lowRISC/ibex/issues/1317,deep_read,verification,reported_mismatch,0.71
1547,pr,https://github.com/lowRISC/ibex/pull/1547,deep_read,tooling,reported_mismatch,0.71
1679,issue,https://github.com/lowRISC/ibex/issues/1679,deep_read,tooling,reported_mismatch,0.71
1719,issue,https://github.com/lowRISC/ibex/issues/1719,deep_read,rtl,reported_mismatch,0.71
1968,pr,https://github.com/lowRISC/ibex/pull/1968,deep_read,rtl,boundary_or_ordering,0.71
2030,issue,https://github.com/lowRISC/ibex/issues/2030,deep_read,rtl,reported_mismatch,0.71
2129,pr,https://github.com/lowRISC/ibex/pull/2129,deep_read,rtl,permission_or_state,0.71
2169,issue,https://github.com/lowRISC/ibex/issues/2169,deep_read,rtl,reported_mismatch,0.71
2193,issue,https://github.com/lowRISC/ibex/issues/2193,deep_read,rtl,permission_or_state,0.71
2242,issue,https://github.com/lowRISC/ibex/issues/2242,deep_read,verification,reported_mismatch,0.71
2297,pr,https://github.com/lowRISC/ibex/pull/2297,deep_read,verification,oracle_or_configuration,0.71
2496,pr,https://github.com/lowRISC/ibex/pull/2496,deep_read,rtl,boundary_or_ordering,0.71
2513,pr,https://github.com/lowRISC/ibex/pull/2513,deep_read,verification,reported_mismatch,0.71
94,issue,https://github.com/lowRISC/ibex/issues/94,deep_read,rtl,permission_or_state,0.7
105,issue,https://github.com/lowRISC/ibex/issues/105,deep_read,rtl,reported_mismatch,0.7
168,issue,https://github.com/lowRISC/ibex/issues/168,deep_read,rtl,permission_or_state,0.7
199,issue,https://github.com/lowRISC/ibex/issues/199,deep_read,rtl,boundary_or_ordering,0.7
290,issue,https://github.com/lowRISC/ibex/issues/290,deep_read,rtl,reported_mismatch,0.7
442,pr,https://github.com/lowRISC/ibex/pull/442,deep_read,rtl,boundary_or_ordering,0.7
669,issue,https://github.com/lowRISC/ibex/issues/669,deep_read,verification_interface,reported_mismatch,0.7
797,pr,https://github.com/lowRISC/ibex/pull/797,deep_read,verification,oracle_or_configuration,0.7
845,issue,https://github.com/lowRISC/ibex/issues/845,deep_read,rtl,reported_mismatch,0.7
886,issue,https://github.com/lowRISC/ibex/issues/886,deep_read,rtl,transaction,0.7
902,issue,https://github.com/lowRISC/ibex/issues/902,deep_read,rtl,reported_mismatch,0.7
912,issue,https://github.com/lowRISC/ibex/issues/912,deep_read,rtl,boundary_or_ordering,0.7
1135,pr,https://github.com/lowRISC/ibex/pull/1135,deep_read,rtl,reported_mismatch,0.7
1158,issue,https://github.com/lowRISC/ibex/issues/1158,deep_read,tooling,reported_mismatch,0.7
1174,issue,https://github.com/lowRISC/ibex/issues/1174,deep_read,verification,reported_mismatch,0.7
1176,pr,https://github.com/lowRISC/ibex/pull/1176,deep_read,verification,boundary_or_ordering,0.7
1262,pr,https://github.com/lowRISC/ibex/pull/1262,deep_read,verification,boundary_or_ordering,0.7
1451,issue,https://github.com/lowRISC/ibex/issues/1451,deep_read,verification,boundary_or_ordering,0.7
1469,pr,https://github.com/lowRISC/ibex/pull/1469,deep_read,rtl,boundary_or_ordering,0.7
1478,issue,https://github.com/lowRISC/ibex/issues/1478,deep_read,verification,oracle_or_configuration,0.7
1479,issue,https://github.com/lowRISC/ibex/issues/1479,deep_read,rtl,boundary_or_ordering,0.7
1638,issue,https://github.com/lowRISC/ibex/issues/1638,deep_read,verification_interface,reported_mismatch,0.7
1663,issue,https://github.com/lowRISC/ibex/issues/1663,deep_read,verification,reported_mismatch,0.7
1674,issue,https://github.com/lowRISC/ibex/issues/1674,deep_read,verification,reported_mismatch,0.7
1709,issue,https://github.com/lowRISC/ibex/issues/1709,deep_read,verification,permission_or_state,0.7
1770,issue,https://github.com/lowRISC/ibex/issues/1770,deep_read,verification,reported_mismatch,0.7
1809,issue,https://github.com/lowRISC/ibex/issues/1809,deep_read,rtl,reported_mismatch,0.7
1820,issue,https://github.com/lowRISC/ibex/issues/1820,deep_read,verification,oracle_or_configuration,0.7
1875,pr,https://github.com/lowRISC/ibex/pull/1875,deep_read,verification,permission_or_state,0.7
1879,pr,https://github.com/lowRISC/ibex/pull/1879,deep_read,verification,oracle_or_configuration,0.7
1948,issue,https://github.com/lowRISC/ibex/issues/1948,deep_read,verification,reported_mismatch,0.7
2054,issue,https://github.com/lowRISC/ibex/issues/2054,deep_read,rtl,reported_mismatch,0.7
2144,issue,https://github.com/lowRISC/ibex/issues/2144,deep_read,rtl,reported_mismatch,0.7
2312,issue,https://github.com/lowRISC/ibex/issues/2312,deep_read,verification,reported_mismatch,0.7
2443,pr,https://github.com/lowRISC/ibex/pull/2443,deep_read,tooling,oracle_or_configuration,0.7
2477,issue,https://github.com/lowRISC/ibex/issues/2477,deep_read,rtl,permission_or_state,0.7
166,pr,https://github.com/lowRISC/ibex/pull/166,deep_read,rtl,boundary_or_ordering,0.69
377,pr,https://github.com/lowRISC/ibex/pull/377,deep_read,rtl,boundary_or_ordering,0.69
450,issue,https://github.com/lowRISC/ibex/issues/450,deep_read,rtl,boundary_or_ordering,0.69
534,issue,https://github.com/lowRISC/ibex/issues/534,deep_read,verification,reported_mismatch,0.69
691,pr,https://github.com/lowRISC/ibex/pull/691,deep_read,verification,oracle_or_configuration,0.69
877,pr,https://github.com/lowRISC/ibex/pull/877,deep_read,verification,reported_mismatch,0.69
921,pr,https://github.com/lowRISC/ibex/pull/921,deep_read,rtl,boundary_or_ordering,0.69
1161,pr,https://github.com/lowRISC/ibex/pull/1161,deep_read,tooling,boundary_or_ordering,0.69
1421,pr,https://github.com/lowRISC/ibex/pull/1421,deep_read,rtl,boundary_or_ordering,0.69
1429,pr,https://github.com/lowRISC/ibex/pull/1429,deep_read,verification,boundary_or_ordering,0.69
1471,issue,https://github.com/lowRISC/ibex/issues/1471,deep_read,rtl,permission_or_state,0.69
1856,issue,https://github.com/lowRISC/ibex/issues/1856,deep_read,rtl,boundary_or_ordering,0.69
1919,issue,https://github.com/lowRISC/ibex/issues/1919,deep_read,rtl,permission_or_state,0.69
2031,issue,https://github.com/lowRISC/ibex/issues/2031,deep_read,rtl,reported_mismatch,0.69
2075,pr,https://github.com/lowRISC/ibex/pull/2075,deep_read,verification_interface,boundary_or_ordering,0.69
2117,pr,https://github.com/lowRISC/ibex/pull/2117,deep_read,rtl,oracle_or_configuration,0.69
2249,issue,https://github.com/lowRISC/ibex/issues/2249,deep_read,verification_interface,reported_mismatch,0.69
2260,issue,https://github.com/lowRISC/ibex/issues/2260,deep_read,tooling,reported_mismatch,0.69
2278,issue,https://github.com/lowRISC/ibex/issues/2278,deep_read,rtl,reported_mismatch,0.69
2338,pr,https://github.com/lowRISC/ibex/pull/2338,deep_read,verification,boundary_or_ordering,0.69
2403,pr,https://github.com/lowRISC/ibex/pull/2403,deep_read,rtl,permission_or_state,0.69
2439,pr,https://github.com/lowRISC/ibex/pull/2439,deep_read,verification,reported_mismatch,0.69
2442,pr,https://github.com/lowRISC/ibex/pull/2442,deep_read,verification,permission_or_state,0.69
2492,pr,https://github.com/lowRISC/ibex/pull/2492,deep_read,tooling,reported_mismatch,0.69
2502,pr,https://github.com/lowRISC/ibex/pull/2502,deep_read,verification_interface,transaction,0.69
16,issue,https://github.com/lowRISC/ibex/issues/16,deep_read,rtl,reported_mismatch,0.68
46,issue,https://github.com/lowRISC/ibex/issues/46,deep_read,rtl,reported_mismatch,0.68
51,issue,https://github.com/lowRISC/ibex/issues/51,deep_read,rtl,reported_mismatch,0.68
162,issue,https://github.com/lowRISC/ibex/issues/162,deep_read,rtl,reported_mismatch,0.68
170,issue,https://github.com/lowRISC/ibex/issues/170,deep_read,rtl,reported_mismatch,0.68
320,issue,https://github.com/lowRISC/ibex/issues/320,deep_read,rtl,reported_mismatch,0.68
428,issue,https://github.com/lowRISC/ibex/issues/428,deep_read,verification,reported_mismatch,0.68
485,issue,https://github.com/lowRISC/ibex/issues/485,deep_read,rtl,reported_mismatch,0.68
537,pr,https://github.com/lowRISC/ibex/pull/537,deep_read,verification,reported_mismatch,0.68
541,pr,https://github.com/lowRISC/ibex/pull/541,deep_read,rtl,oracle_or_configuration,0.68
732,pr,https://github.com/lowRISC/ibex/pull/732,deep_read,verification,transaction,0.68
749,pr,https://github.com/lowRISC/ibex/pull/749,deep_read,verification,boundary_or_ordering,0.68
846,pr,https://github.com/lowRISC/ibex/pull/846,deep_read,tooling,boundary_or_ordering,0.68
869,pr,https://github.com/lowRISC/ibex/pull/869,deep_read,verification,oracle_or_configuration,0.68
1223,issue,https://github.com/lowRISC/ibex/issues/1223,deep_read,verification,reported_mismatch,0.68
1256,pr,https://github.com/lowRISC/ibex/pull/1256,deep_read,rtl,boundary_or_ordering,0.68
1270,pr,https://github.com/lowRISC/ibex/pull/1270,deep_read,rtl,boundary_or_ordering,0.68
1556,pr,https://github.com/lowRISC/ibex/pull/1556,deep_read,rtl,boundary_or_ordering,0.68
1614,pr,https://github.com/lowRISC/ibex/pull/1614,deep_read,tooling,reported_mismatch,0.68
1662,pr,https://github.com/lowRISC/ibex/pull/1662,deep_read,verification,boundary_or_ordering,0.68
1690,issue,https://github.com/lowRISC/ibex/issues/1690,deep_read,verification,reported_mismatch,0.68
1735,pr,https://github.com/lowRISC/ibex/pull/1735,deep_read,rtl,boundary_or_ordering,0.68
1743,issue,https://github.com/lowRISC/ibex/issues/1743,deep_read,rtl,boundary_or_ordering,0.68
1799,issue,https://github.com/lowRISC/ibex/issues/1799,deep_read,verification,boundary_or_ordering,0.68
1837,issue,https://github.com/lowRISC/ibex/issues/1837,deep_read,rtl,reported_mismatch,0.68
1855,pr,https://github.com/lowRISC/ibex/pull/1855,deep_read,rtl,oracle_or_configuration,0.68
2021,issue,https://github.com/lowRISC/ibex/issues/2021,deep_read,verification,boundary_or_ordering,0.68
2230,issue,https://github.com/lowRISC/ibex/issues/2230,deep_read,rtl,reported_mismatch,0.68
2237,issue,https://github.com/lowRISC/ibex/issues/2237,deep_read,rtl,reported_mismatch,0.68
2346,pr,https://github.com/lowRISC/ibex/pull/2346,deep_read,verification_interface,boundary_or_ordering,0.68
2388,pr,https://github.com/lowRISC/ibex/pull/2388,deep_read,rtl,boundary_or_ordering,0.68
2445,issue,https://github.com/lowRISC/ibex/issues/2445,deep_read,verification,reported_mismatch,0.68
2454,pr,https://github.com/lowRISC/ibex/pull/2454,deep_read,tooling,reported_mismatch,0.68
2503,pr,https://github.com/lowRISC/ibex/pull/2503,deep_read,verification,reported_mismatch,0.68
274,issue,https://github.com/lowRISC/ibex/issues/274,deep_read,verification_interface,boundary_or_ordering,0.67
276,pr,https://github.com/lowRISC/ibex/pull/276,deep_read,rtl,transaction,0.67
463,issue,https://github.com/lowRISC/ibex/issues/463,deep_read,rtl,permission_or_state,0.67
612,issue,https://github.com/lowRISC/ibex/issues/612,deep_read,rtl,permission_or_state,0.67
709,issue,https://github.com/lowRISC/ibex/issues/709,deep_read,rtl,reported_mismatch,0.67
748,pr,https://github.com/lowRISC/ibex/pull/748,deep_read,verification,oracle_or_configuration,0.67
844,pr,https://github.com/lowRISC/ibex/pull/844,deep_read,tooling,reported_mismatch,0.67
957,issue,https://github.com/lowRISC/ibex/issues/957,deep_read,rtl,boundary_or_ordering,0.67
1180,pr,https://github.com/lowRISC/ibex/pull/1180,deep_read,verification,reported_mismatch,0.67
1183,pr,https://github.com/lowRISC/ibex/pull/1183,deep_read,verification,boundary_or_ordering,0.67
1416,pr,https://github.com/lowRISC/ibex/pull/1416,deep_read,verification_interface,reported_mismatch,0.67
1435,pr,https://github.com/lowRISC/ibex/pull/1435,deep_read,verification,reported_mismatch,0.67
1449,pr,https://github.com/lowRISC/ibex/pull/1449,deep_read,tooling,oracle_or_configuration,0.67
1595,pr,https://github.com/lowRISC/ibex/pull/1595,deep_read,rtl,oracle_or_configuration,0.67
1646,issue,https://github.com/lowRISC/ibex/issues/1646,deep_read,rtl,reported_mismatch,0.67
1712,issue,https://github.com/lowRISC/ibex/issues/1712,deep_read,rtl,permission_or_state,0.67
1738,issue,https://github.com/lowRISC/ibex/issues/1738,deep_read,rtl,reported_mismatch,0.67
1739,issue,https://github.com/lowRISC/ibex/issues/1739,deep_read,verification,oracle_or_configuration,0.67
1814,issue,https://github.com/lowRISC/ibex/issues/1814,deep_read,rtl,reported_mismatch,0.67
1863,issue,https://github.com/lowRISC/ibex/issues/1863,deep_read,verification,reported_mismatch,0.67
1869,issue,https://github.com/lowRISC/ibex/issues/1869,deep_read,verification,permission_or_state,0.67
1883,pr,https://github.com/lowRISC/ibex/pull/1883,deep_read,verification_interface,boundary_or_ordering,0.67
1908,pr,https://github.com/lowRISC/ibex/pull/1908,deep_read,verification,permission_or_state,0.67
1915,pr,https://github.com/lowRISC/ibex/pull/1915,deep_read,verification,permission_or_state,0.67
1967,pr,https://github.com/lowRISC/ibex/pull/1967,deep_read,verification,oracle_or_configuration,0.67
2166,pr,https://github.com/lowRISC/ibex/pull/2166,deep_read,rtl,transaction,0.67
2189,issue,https://github.com/lowRISC/ibex/issues/2189,deep_read,rtl,permission_or_state,0.67
2213,issue,https://github.com/lowRISC/ibex/issues/2213,deep_read,verification_interface,reported_mismatch,0.67
2214,pr,https://github.com/lowRISC/ibex/pull/2214,deep_read,rtl,boundary_or_ordering,0.67
2215,issue,https://github.com/lowRISC/ibex/issues/2215,deep_read,rtl,reported_mismatch,0.67
2331,issue,https://github.com/lowRISC/ibex/issues/2331,deep_read,rtl,boundary_or_ordering,0.67
2332,issue,https://github.com/lowRISC/ibex/issues/2332,deep_read,rtl,permission_or_state,0.67
2337,pr,https://github.com/lowRISC/ibex/pull/2337,deep_read,verification_interface,reported_mismatch,0.67
2471,pr,https://github.com/lowRISC/ibex/pull/2471,deep_read,tooling,boundary_or_ordering,0.67
2481,pr,https://github.com/lowRISC/ibex/pull/2481,deep_read,verification,oracle_or_configuration,0.67
2482,pr,https://github.com/lowRISC/ibex/pull/2482,deep_read,verification,oracle_or_configuration,0.67
2489,pr,https://github.com/lowRISC/ibex/pull/2489,deep_read,verification_interface,reported_mismatch,0.67
50,pr,https://github.com/lowRISC/ibex/pull/50,deep_read,verification_interface,reported_mismatch,0.66
80,issue,https://github.com/lowRISC/ibex/issues/80,deep_read,rtl,reported_mismatch,0.66
82,pr,https://github.com/lowRISC/ibex/pull/82,deep_read,rtl,boundary_or_ordering,0.66
370,issue,https://github.com/lowRISC/ibex/issues/370,deep_read,rtl,permission_or_state,0.66
492,issue,https://github.com/lowRISC/ibex/issues/492,deep_read,rtl,reported_mismatch,0.66
540,issue,https://github.com/lowRISC/ibex/issues/540,deep_read,rtl,reported_mismatch,0.66
548,issue,https://github.com/lowRISC/ibex/issues/548,deep_read,verification_interface,reported_mismatch,0.66
679,issue,https://github.com/lowRISC/ibex/issues/679,deep_read,verification,reported_mismatch,0.66
757,issue,https://github.com/lowRISC/ibex/issues/757,deep_read,integration,routine_or_capability,0.66
854,pr,https://github.com/lowRISC/ibex/pull/854,deep_read,rtl,boundary_or_ordering,0.66
1117,issue,https://github.com/lowRISC/ibex/issues/1117,deep_read,rtl,reported_mismatch,0.66
1159,issue,https://github.com/lowRISC/ibex/issues/1159,deep_read,verification,permission_or_state,0.66
1204,issue,https://github.com/lowRISC/ibex/issues/1204,deep_read,verification,oracle_or_configuration,0.66
1264,pr,https://github.com/lowRISC/ibex/pull/1264,deep_read,verification,routine_or_capability,0.66
1369,issue,https://github.com/lowRISC/ibex/issues/1369,deep_read,verification,reported_mismatch,0.66
1406,pr,https://github.com/lowRISC/ibex/pull/1406,deep_read,rtl,boundary_or_ordering,0.66
1452,issue,https://github.com/lowRISC/ibex/issues/1452,deep_read,verification_interface,reported_mismatch,0.66
1496,issue,https://github.com/lowRISC/ibex/issues/1496,deep_read,verification,boundary_or_ordering,0.66
1522,issue,https://github.com/lowRISC/ibex/issues/1522,deep_read,verification_interface,reported_mismatch,0.66
1744,pr,https://github.com/lowRISC/ibex/pull/1744,deep_read,rtl,boundary_or_ordering,0.66
1754,issue,https://github.com/lowRISC/ibex/issues/1754,deep_read,rtl,boundary_or_ordering,0.66
1835,pr,https://github.com/lowRISC/ibex/pull/1835,deep_read,rtl,transaction,0.66
1878,pr,https://github.com/lowRISC/ibex/pull/1878,deep_read,verification_interface,reported_mismatch,0.66
1982,pr,https://github.com/lowRISC/ibex/pull/1982,deep_read,verification,reported_mismatch,0.66
2039,issue,https://github.com/lowRISC/ibex/issues/2039,deep_read,tooling,reported_mismatch,0.66
2206,pr,https://github.com/lowRISC/ibex/pull/2206,deep_read,rtl,boundary_or_ordering,0.66
2300,pr,https://github.com/lowRISC/ibex/pull/2300,deep_read,tooling,reported_mismatch,0.66
2301,pr,https://github.com/lowRISC/ibex/pull/2301,deep_read,verification,permission_or_state,0.66
2360,issue,https://github.com/lowRISC/ibex/issues/2360,deep_read,integration,reported_mismatch,0.66
2370,issue,https://github.com/lowRISC/ibex/issues/2370,deep_read,tooling,reported_mismatch,0.66
2374,pr,https://github.com/lowRISC/ibex/pull/2374,deep_read,rtl,permission_or_state,0.66
126,pr,https://github.com/lowRISC/ibex/pull/126,deep_read,rtl,oracle_or_configuration,0.65
172,pr,https://github.com/lowRISC/ibex/pull/172,deep_read,rtl,reported_mismatch,0.65
287,issue,https://github.com/lowRISC/ibex/issues/287,deep_read,verification_interface,reported_mismatch,0.65
531,pr,https://github.com/lowRISC/ibex/pull/531,deep_read,verification,transaction,0.65
581,pr,https://github.com/lowRISC/ibex/pull/581,deep_read,verification,boundary_or_ordering,0.65
699,pr,https://github.com/lowRISC/ibex/pull/699,deep_read,verification_interface,sparse_or_mixed,0.65
838,pr,https://github.com/lowRISC/ibex/pull/838,deep_read,verification,reported_mismatch,0.65
883,pr,https://github.com/lowRISC/ibex/pull/883,deep_read,rtl,boundary_or_ordering,0.65
954,issue,https://github.com/lowRISC/ibex/issues/954,deep_read,verification,boundary_or_ordering,0.65
1080,issue,https://github.com/lowRISC/ibex/issues/1080,deep_read,rtl,reported_mismatch,0.65
1095,issue,https://github.com/lowRISC/ibex/issues/1095,deep_read,rtl,reported_mismatch,0.65
1129,issue,https://github.com/lowRISC/ibex/issues/1129,deep_read,rtl,reported_mismatch,0.65
1156,pr,https://github.com/lowRISC/ibex/pull/1156,deep_read,tooling,reported_mismatch,0.65
1181,issue,https://github.com/lowRISC/ibex/issues/1181,deep_read,rtl,reported_mismatch,0.65
1182,pr,https://github.com/lowRISC/ibex/pull/1182,deep_read,rtl,permission_or_state,0.65
1311,issue,https://github.com/lowRISC/ibex/issues/1311,deep_read,verification,reported_mismatch,0.65
1485,issue,https://github.com/lowRISC/ibex/issues/1485,deep_read,rtl,reported_mismatch,0.65
1586,issue,https://github.com/lowRISC/ibex/issues/1586,deep_read,rtl,boundary_or_ordering,0.65
1736,issue,https://github.com/lowRISC/ibex/issues/1736,deep_read,rtl,permission_or_state,0.65
1742,issue,https://github.com/lowRISC/ibex/issues/1742,deep_read,verification,oracle_or_configuration,0.65
1803,issue,https://github.com/lowRISC/ibex/issues/1803,deep_read,rtl,reported_mismatch,0.65
1847,issue,https://github.com/lowRISC/ibex/issues/1847,deep_read,verification,permission_or_state,0.65
1881,pr,https://github.com/lowRISC/ibex/pull/1881,deep_read,verification,oracle_or_configuration,0.65
1884,pr,https://github.com/lowRISC/ibex/pull/1884,deep_read,rtl,boundary_or_ordering,0.65
1942,pr,https://github.com/lowRISC/ibex/pull/1942,deep_read,rtl,boundary_or_ordering,0.65
2008,issue,https://github.com/lowRISC/ibex/issues/2008,deep_read,tooling,reported_mismatch,0.65
2124,issue,https://github.com/lowRISC/ibex/issues/2124,deep_read,verification,reported_mismatch,0.65
2302,issue,https://github.com/lowRISC/ibex/issues/2302,deep_read,verification,boundary_or_ordering,0.65
2323,issue,https://github.com/lowRISC/ibex/issues/2323,deep_read,integration,reported_mismatch,0.65
2356,pr,https://github.com/lowRISC/ibex/pull/2356,deep_read,tooling,reported_mismatch,0.65
2386,pr,https://github.com/lowRISC/ibex/pull/2386,deep_read,rtl,boundary_or_ordering,0.65
2465,pr,https://github.com/lowRISC/ibex/pull/2465,deep_read,verification,permission_or_state,0.65
15,issue,https://github.com/lowRISC/ibex/issues/15,deep_read,tooling,reported_mismatch,0.64
35,pr,https://github.com/lowRISC/ibex/pull/35,deep_read,rtl,reported_mismatch,0.64
114,issue,https://github.com/lowRISC/ibex/issues/114,deep_read,integration,boundary_or_ordering,0.64
122,pr,https://github.com/lowRISC/ibex/pull/122,deep_read,rtl,boundary_or_ordering,0.64
195,issue,https://github.com/lowRISC/ibex/issues/195,deep_read,rtl,reported_mismatch,0.64
222,pr,https://github.com/lowRISC/ibex/pull/222,deep_read,rtl,boundary_or_ordering,0.64
288,issue,https://github.com/lowRISC/ibex/issues/288,deep_read,verification,boundary_or_ordering,0.64
365,issue,https://github.com/lowRISC/ibex/issues/365,deep_read,rtl,reported_mismatch,0.64
399,pr,https://github.com/lowRISC/ibex/pull/399,deep_read,rtl,permission_or_state,0.64
427,pr,https://github.com/lowRISC/ibex/pull/427,deep_read,rtl,reported_mismatch,0.64
461,pr,https://github.com/lowRISC/ibex/pull/461,deep_read,rtl,reported_mismatch,0.64
482,issue,https://github.com/lowRISC/ibex/issues/482,deep_read,rtl,boundary_or_ordering,0.64
712,pr,https://github.com/lowRISC/ibex/pull/712,deep_read,rtl,transaction,0.64
804,pr,https://github.com/lowRISC/ibex/pull/804,deep_read,verification,reported_mismatch,0.64
843,issue,https://github.com/lowRISC/ibex/issues/843,deep_read,tooling,boundary_or_ordering,0.64
953,pr,https://github.com/lowRISC/ibex/pull/953,deep_read,verification,oracle_or_configuration,0.64
958,pr,https://github.com/lowRISC/ibex/pull/958,deep_read,verification,boundary_or_ordering,0.64
1196,issue,https://github.com/lowRISC/ibex/issues/1196,deep_read,rtl,reported_mismatch,0.64
1209,issue,https://github.com/lowRISC/ibex/issues/1209,deep_read,tooling,reported_mismatch,0.64
1282,issue,https://github.com/lowRISC/ibex/issues/1282,deep_read,verification_interface,reported_mismatch,0.64
1313,issue,https://github.com/lowRISC/ibex/issues/1313,deep_read,rtl,reported_mismatch,0.64
1387,pr,https://github.com/lowRISC/ibex/pull/1387,deep_read,verification,boundary_or_ordering,0.64
1588,pr,https://github.com/lowRISC/ibex/pull/1588,deep_read,tooling,boundary_or_ordering,0.64
1694,issue,https://github.com/lowRISC/ibex/issues/1694,deep_read,verification,reported_mismatch,0.64
1775,issue,https://github.com/lowRISC/ibex/issues/1775,deep_read,verification,reported_mismatch,0.64
1918,pr,https://github.com/lowRISC/ibex/pull/1918,deep_read,rtl,boundary_or_ordering,0.64
1956,issue,https://github.com/lowRISC/ibex/issues/1956,deep_read,verification,reported_mismatch,0.64
1994,issue,https://github.com/lowRISC/ibex/issues/1994,deep_read,verification,reported_mismatch,0.64
2091,issue,https://github.com/lowRISC/ibex/issues/2091,deep_read,tooling,reported_mismatch,0.64
2104,pr,https://github.com/lowRISC/ibex/pull/2104,deep_read,rtl,reported_mismatch,0.64
2136,pr,https://github.com/lowRISC/ibex/pull/2136,deep_read,verification_interface,reported_mismatch,0.64
2236,issue,https://github.com/lowRISC/ibex/issues/2236,deep_read,rtl,reported_mismatch,0.64
2325,issue,https://github.com/lowRISC/ibex/issues/2325,deep_read,tooling,reported_mismatch,0.64
2372,issue,https://github.com/lowRISC/ibex/issues/2372,deep_read,tooling,reported_mismatch,0.64
2447,issue,https://github.com/lowRISC/ibex/issues/2447,deep_read,rtl,reported_mismatch,0.64
2493,pr,https://github.com/lowRISC/ibex/pull/2493,deep_read,tooling,reported_mismatch,0.64
6,issue,https://github.com/lowRISC/ibex/issues/6,deep_read,rtl,permission_or_state,0.63
20,issue,https://github.com/lowRISC/ibex/issues/20,deep_read,rtl,reported_mismatch,0.63
84,pr,https://github.com/lowRISC/ibex/pull/84,deep_read,rtl,boundary_or_ordering,0.63
136,issue,https://github.com/lowRISC/ibex/issues/136,deep_read,rtl,reported_mismatch,0.63
143,issue,https://github.com/lowRISC/ibex/issues/143,deep_read,rtl,permission_or_state,0.63
157,pr,https://github.com/lowRISC/ibex/pull/157,deep_read,rtl,permission_or_state,0.63
167,pr,https://github.com/lowRISC/ibex/pull/167,deep_read,rtl,permission_or_state,0.63
169,pr,https://github.com/lowRISC/ibex/pull/169,deep_read,rtl,boundary_or_ordering,0.63
444,issue,https://github.com/lowRISC/ibex/issues/444,deep_read,rtl,permission_or_state,0.63
539,pr,https://github.com/lowRISC/ibex/pull/539,deep_read,verification,boundary_or_ordering,0.63
713,pr,https://github.com/lowRISC/ibex/pull/713,deep_read,rtl,boundary_or_ordering,0.63
715,pr,https://github.com/lowRISC/ibex/pull/715,deep_read,verification,boundary_or_ordering,0.63
782,pr,https://github.com/lowRISC/ibex/pull/782,deep_read,rtl,reported_mismatch,0.63
810,pr,https://github.com/lowRISC/ibex/pull/810,deep_read,verification,boundary_or_ordering,0.63
817,pr,https://github.com/lowRISC/ibex/pull/817,deep_read,rtl,boundary_or_ordering,0.63
867,issue,https://github.com/lowRISC/ibex/issues/867,deep_read,rtl,transaction,0.63
879,issue,https://github.com/lowRISC/ibex/issues/879,deep_read,rtl,reported_mismatch,0.63
1018,issue,https://github.com/lowRISC/ibex/issues/1018,deep_read,rtl,reported_mismatch,0.63
1036,pr,https://github.com/lowRISC/ibex/pull/1036,deep_read,rtl,reported_mismatch,0.63
1101,issue,https://github.com/lowRISC/ibex/issues/1101,deep_read,verification,reported_mismatch,0.63
1132,issue,https://github.com/lowRISC/ibex/issues/1132,deep_read,rtl,reported_mismatch,0.63
1241,pr,https://github.com/lowRISC/ibex/pull/1241,deep_read,tooling,reported_mismatch,0.63
1261,pr,https://github.com/lowRISC/ibex/pull/1261,deep_read,verification,boundary_or_ordering,0.63
1279,issue,https://github.com/lowRISC/ibex/issues/1279,deep_read,rtl,permission_or_state,0.63
1396,pr,https://github.com/lowRISC/ibex/pull/1396,deep_read,tooling,reported_mismatch,0.63
1561,pr,https://github.com/lowRISC/ibex/pull/1561,deep_read,rtl,boundary_or_ordering,0.63
1727,issue,https://github.com/lowRISC/ibex/issues/1727,deep_read,rtl,reported_mismatch,0.63
1859,issue,https://github.com/lowRISC/ibex/issues/1859,deep_read,verification,reported_mismatch,0.63
1862,pr,https://github.com/lowRISC/ibex/pull/1862,deep_read,verification,reported_mismatch,0.63
1920,issue,https://github.com/lowRISC/ibex/issues/1920,deep_read,tooling,reported_mismatch,0.63
2192,issue,https://github.com/lowRISC/ibex/issues/2192,deep_read,rtl,boundary_or_ordering,0.63
2384,pr,https://github.com/lowRISC/ibex/pull/2384,deep_read,rtl,permission_or_state,0.63
34,issue,https://github.com/lowRISC/ibex/issues/34,deep_read,rtl,reported_mismatch,0.62
103,issue,https://github.com/lowRISC/ibex/issues/103,deep_read,rtl,boundary_or_ordering,0.62
191,pr,https://github.com/lowRISC/ibex/pull/191,deep_read,verification_interface,boundary_or_ordering,0.62
202,issue,https://github.com/lowRISC/ibex/issues/202,deep_read,verification,oracle_or_configuration,0.62
239,issue,https://github.com/lowRISC/ibex/issues/239,deep_read,rtl,reported_mismatch,0.62
300,issue,https://github.com/lowRISC/ibex/issues/300,deep_read,rtl,reported_mismatch,0.62
348,issue,https://github.com/lowRISC/ibex/issues/348,deep_read,verification_interface,reported_mismatch,0.62
657,pr,https://github.com/lowRISC/ibex/pull/657,deep_read,verification,reported_mismatch,0.62
722,pr,https://github.com/lowRISC/ibex/pull/722,deep_read,rtl,boundary_or_ordering,0.62
763,issue,https://github.com/lowRISC/ibex/issues/763,deep_read,rtl,reported_mismatch,0.62
829,pr,https://github.com/lowRISC/ibex/pull/829,deep_read,rtl,boundary_or_ordering,0.62
904,issue,https://github.com/lowRISC/ibex/issues/904,deep_read,rtl,reported_mismatch,0.62
1160,pr,https://github.com/lowRISC/ibex/pull/1160,deep_read,tooling,oracle_or_configuration,0.62
1177,pr,https://github.com/lowRISC/ibex/pull/1177,deep_read,verification,boundary_or_ordering,0.62
1247,pr,https://github.com/lowRISC/ibex/pull/1247,deep_read,rtl,reported_mismatch,0.62
1397,pr,https://github.com/lowRISC/ibex/pull/1397,deep_read,tooling,reported_mismatch,0.62
1499,issue,https://github.com/lowRISC/ibex/issues/1499,deep_read,verification,boundary_or_ordering,0.62
1740,issue,https://github.com/lowRISC/ibex/issues/1740,deep_read,rtl,permission_or_state,0.62
1817,pr,https://github.com/lowRISC/ibex/pull/1817,deep_read,verification,oracle_or_configuration,0.62
1829,pr,https://github.com/lowRISC/ibex/pull/1829,deep_read,rtl,reported_mismatch,0.62
1839,pr,https://github.com/lowRISC/ibex/pull/1839,deep_read,rtl,boundary_or_ordering,0.62
1861,issue,https://github.com/lowRISC/ibex/issues/1861,deep_read,verification,reported_mismatch,0.62
1909,pr,https://github.com/lowRISC/ibex/pull/1909,deep_read,verification,boundary_or_ordering,0.62
1921,pr,https://github.com/lowRISC/ibex/pull/1921,deep_read,verification,permission_or_state,0.62
2006,issue,https://github.com/lowRISC/ibex/issues/2006,deep_read,tooling,reported_mismatch,0.62
2053,issue,https://github.com/lowRISC/ibex/issues/2053,deep_read,verification,permission_or_state,0.62
2135,issue,https://github.com/lowRISC/ibex/issues/2135,deep_read,integration,reported_mismatch,0.62
2142,pr,https://github.com/lowRISC/ibex/pull/2142,deep_read,rtl,reported_mismatch,0.62
2226,pr,https://github.com/lowRISC/ibex/pull/2226,deep_read,rtl,reported_mismatch,0.62
2246,issue,https://github.com/lowRISC/ibex/issues/2246,deep_read,rtl,reported_mismatch,0.62
2282,pr,https://github.com/lowRISC/ibex/pull/2282,deep_read,rtl,reported_mismatch,0.62
2345,issue,https://github.com/lowRISC/ibex/issues/2345,deep_read,tooling,reported_mismatch,0.62
109,issue,https://github.com/lowRISC/ibex/issues/109,deep_read,rtl,transaction,0.61
147,issue,https://github.com/lowRISC/ibex/issues/147,deep_read,verification_interface,boundary_or_ordering,0.61
153,issue,https://github.com/lowRISC/ibex/issues/153,deep_read,rtl,reported_mismatch,0.61
393,issue,https://github.com/lowRISC/ibex/issues/393,deep_read,rtl,boundary_or_ordering,0.61
497,issue,https://github.com/lowRISC/ibex/issues/497,deep_read,verification,reported_mismatch,0.61
1107,pr,https://github.com/lowRISC/ibex/pull/1107,deep_read,rtl,boundary_or_ordering,0.61
1217,issue,https://github.com/lowRISC/ibex/issues/1217,deep_read,verification,reported_mismatch,0.61
1245,pr,https://github.com/lowRISC/ibex/pull/1245,deep_read,rtl,oracle_or_configuration,0.61
1375,issue,https://github.com/lowRISC/ibex/issues/1375,deep_read,rtl,reported_mismatch,0.61
1472,issue,https://github.com/lowRISC/ibex/issues/1472,deep_read,rtl,permission_or_state,0.61
1560,issue,https://github.com/lowRISC/ibex/issues/1560,deep_read,tooling,reported_mismatch,0.61
1692,issue,https://github.com/lowRISC/ibex/issues/1692,deep_read,verification,reported_mismatch,0.61
1826,issue,https://github.com/lowRISC/ibex/issues/1826,deep_read,tooling,reported_mismatch,0.61
2107,issue,https://github.com/lowRISC/ibex/issues/2107,deep_read,tooling,reported_mismatch,0.61
2224,pr,https://github.com/lowRISC/ibex/pull/2224,deep_read,rtl,oracle_or_configuration,0.61
2239,issue,https://github.com/lowRISC/ibex/issues/2239,deep_read,rtl,reported_mismatch,0.61
2394,pr,https://github.com/lowRISC/ibex/pull/2394,deep_read,rtl,sparse_or_mixed,0.61
2395,pr,https://github.com/lowRISC/ibex/pull/2395,deep_read,rtl,sparse_or_mixed,0.61
2506,pr,https://github.com/lowRISC/ibex/pull/2506,deep_read,verification,oracle_or_configuration,0.61
4,issue,https://github.com/lowRISC/ibex/issues/4,deep_read,rtl,reported_mismatch,0.6
7,pr,https://github.com/lowRISC/ibex/pull/7,deep_read,rtl,boundary_or_ordering,0.6
18,issue,https://github.com/lowRISC/ibex/issues/18,deep_read,verification_interface,reported_mismatch,0.6
198,issue,https://github.com/lowRISC/ibex/issues/198,deep_read,rtl,reported_mismatch,0.6
275,issue,https://github.com/lowRISC/ibex/issues/275,deep_read,rtl,permission_or_state,0.6
301,issue,https://github.com/lowRISC/ibex/issues/301,deep_read,rtl,reported_mismatch,0.6
396,issue,https://github.com/lowRISC/ibex/issues/396,deep_read,verification_interface,reported_mismatch,0.6
469,issue,https://github.com/lowRISC/ibex/issues/469,deep_read,rtl,reported_mismatch,0.6
770,pr,https://github.com/lowRISC/ibex/pull/770,deep_read,verification,boundary_or_ordering,0.6
776,issue,https://github.com/lowRISC/ibex/issues/776,deep_read,verification,reported_mismatch,0.6
979,issue,https://github.com/lowRISC/ibex/issues/979,deep_read,tooling,reported_mismatch,0.6
983,issue,https://github.com/lowRISC/ibex/issues/983,deep_read,verification,reported_mismatch,0.6
1045,pr,https://github.com/lowRISC/ibex/pull/1045,deep_read,verification,boundary_or_ordering,0.6
1106,issue,https://github.com/lowRISC/ibex/issues/1106,deep_read,rtl,reported_mismatch,0.6
1214,issue,https://github.com/lowRISC/ibex/issues/1214,deep_read,rtl,reported_mismatch,0.6
1337,issue,https://github.com/lowRISC/ibex/issues/1337,deep_read,verification,reported_mismatch,0.6
1339,issue,https://github.com/lowRISC/ibex/issues/1339,deep_read,rtl,boundary_or_ordering,0.6
1557,issue,https://github.com/lowRISC/ibex/issues/1557,deep_read,tooling,reported_mismatch,0.6
1562,pr,https://github.com/lowRISC/ibex/pull/1562,deep_read,verification,reported_mismatch,0.6
1747,pr,https://github.com/lowRISC/ibex/pull/1747,deep_read,rtl,boundary_or_ordering,0.6
1815,pr,https://github.com/lowRISC/ibex/pull/1815,deep_read,verification,boundary_or_ordering,0.6
2082,pr,https://github.com/lowRISC/ibex/pull/2082,deep_read,tooling,oracle_or_configuration,0.6
2241,pr,https://github.com/lowRISC/ibex/pull/2241,deep_read,rtl,reported_mismatch,0.6
2288,issue,https://github.com/lowRISC/ibex/issues/2288,deep_read,tooling,reported_mismatch,0.6
2294,issue,https://github.com/lowRISC/ibex/issues/2294,deep_read,rtl,oracle_or_configuration,0.6
285,issue,https://github.com/lowRISC/ibex/issues/285,deep_read,rtl,permission_or_state,0.59
294,pr,https://github.com/lowRISC/ibex/pull/294,deep_read,rtl,reported_mismatch,0.59
322,issue,https://github.com/lowRISC/ibex/issues/322,deep_read,verification_interface,reported_mismatch,0.59
414,issue,https://github.com/lowRISC/ibex/issues/414,deep_read,verification_interface,reported_mismatch,0.59
429,issue,https://github.com/lowRISC/ibex/issues/429,deep_read,tooling,reported_mismatch,0.59
468,issue,https://github.com/lowRISC/ibex/issues/468,deep_read,verification_interface,reported_mismatch,0.59
680,pr,https://github.com/lowRISC/ibex/pull/680,deep_read,rtl,boundary_or_ordering,0.59
835,pr,https://github.com/lowRISC/ibex/pull/835,deep_read,rtl,reported_mismatch,0.59
872,pr,https://github.com/lowRISC/ibex/pull/872,deep_read,rtl,oracle_or_configuration,0.59
1145,pr,https://github.com/lowRISC/ibex/pull/1145,deep_read,tooling,reported_mismatch,0.59
1219,issue,https://github.com/lowRISC/ibex/issues/1219,deep_read,tooling,reported_mismatch,0.59
1329,pr,https://github.com/lowRISC/ibex/pull/1329,deep_read,rtl,boundary_or_ordering,0.59
1379,issue,https://github.com/lowRISC/ibex/issues/1379,deep_read,rtl,permission_or_state,0.59
1546,issue,https://github.com/lowRISC/ibex/issues/1546,deep_read,tooling,reported_mismatch,0.59
1607,pr,https://github.com/lowRISC/ibex/pull/1607,deep_read,rtl,reported_mismatch,0.59
1645,issue,https://github.com/lowRISC/ibex/issues/1645,deep_read,verification_interface,reported_mismatch,0.59
1713,pr,https://github.com/lowRISC/ibex/pull/1713,deep_read,verification,oracle_or_configuration,0.59
1789,issue,https://github.com/lowRISC/ibex/issues/1789,deep_read,verification,permission_or_state,0.59
1830,pr,https://github.com/lowRISC/ibex/pull/1830,deep_read,tooling,reported_mismatch,0.59
1871,pr,https://github.com/lowRISC/ibex/pull/1871,deep_read,verification,boundary_or_ordering,0.59
2024,issue,https://github.com/lowRISC/ibex/issues/2024,deep_read,verification,permission_or_state,0.59
2197,issue,https://github.com/lowRISC/ibex/issues/2197,deep_read,integration,reported_mismatch,0.59
2275,pr,https://github.com/lowRISC/ibex/pull/2275,deep_read,integration,oracle_or_configuration,0.59
2352,issue,https://github.com/lowRISC/ibex/issues/2352,deep_read,rtl,reported_mismatch,0.59
182,issue,https://github.com/lowRISC/ibex/issues/182,deep_read,rtl,permission_or_state,0.58
302,pr,https://github.com/lowRISC/ibex/pull/302,deep_read,rtl,reported_mismatch,0.58
394,issue,https://github.com/lowRISC/ibex/issues/394,deep_read,rtl,reported_mismatch,0.58
830,pr,https://github.com/lowRISC/ibex/pull/830,deep_read,verification,reported_mismatch,0.58
991,issue,https://github.com/lowRISC/ibex/issues/991,deep_read,rtl,permission_or_state,0.58
1082,pr,https://github.com/lowRISC/ibex/pull/1082,deep_read,tooling,reported_mismatch,0.58
1134,issue,https://github.com/lowRISC/ibex/issues/1134,deep_read,rtl,permission_or_state,0.58
1136,pr,https://github.com/lowRISC/ibex/pull/1136,deep_read,rtl,permission_or_state,0.58
1179,pr,https://github.com/lowRISC/ibex/pull/1179,deep_read,rtl,boundary_or_ordering,0.58
1189,issue,https://github.com/lowRISC/ibex/issues/1189,deep_read,verification,reported_mismatch,0.58
1368,issue,https://github.com/lowRISC/ibex/issues/1368,deep_read,verification_interface,reported_mismatch,0.58
1687,issue,https://github.com/lowRISC/ibex/issues/1687,deep_read,verification,boundary_or_ordering,0.58
1691,issue,https://github.com/lowRISC/ibex/issues/1691,deep_read,rtl,permission_or_state,0.58
1846,issue,https://github.com/lowRISC/ibex/issues/1846,deep_read,verification,oracle_or_configuration,0.58
1953,issue,https://github.com/lowRISC/ibex/issues/1953,deep_read,tooling,reported_mismatch,0.58
2022,issue,https://github.com/lowRISC/ibex/issues/2022,deep_read,rtl,reported_mismatch,0.58
2085,issue,https://github.com/lowRISC/ibex/issues/2085,deep_read,tooling,reported_mismatch,0.58
2458,issue,https://github.com/lowRISC/ibex/issues/2458,deep_read,tooling,reported_mismatch,0.58
836,pr,https://github.com/lowRISC/ibex/pull/836,deep_read,rtl,boundary_or_ordering,0.57
1230,issue,https://github.com/lowRISC/ibex/issues/1230,deep_read,tooling,reported_mismatch,0.57
1271,pr,https://github.com/lowRISC/ibex/pull/1271,deep_read,verification,boundary_or_ordering,0.57
1367,issue,https://github.com/lowRISC/ibex/issues/1367,deep_read,rtl,reported_mismatch,0.57
1402,issue,https://github.com/lowRISC/ibex/issues/1402,deep_read,verification,reported_mismatch,0.57
1425,issue,https://github.com/lowRISC/ibex/issues/1425,deep_read,tooling,reported_mismatch,0.57
1652,issue,https://github.com/lowRISC/ibex/issues/1652,deep_read,tooling,reported_mismatch,0.57
1773,issue,https://github.com/lowRISC/ibex/issues/1773,deep_read,verification,reported_mismatch,0.57
1922,pr,https://github.com/lowRISC/ibex/pull/1922,deep_read,verification_interface,boundary_or_ordering,0.57
2132,issue,https://github.com/lowRISC/ibex/issues/2132,deep_read,tooling,reported_mismatch,0.57
2180,issue,https://github.com/lowRISC/ibex/issues/2180,deep_read,rtl,permission_or_state,0.57
2216,pr,https://github.com/lowRISC/ibex/pull/2216,deep_read,rtl,sparse_or_mixed,0.57
2228,pr,https://github.com/lowRISC/ibex/pull/2228,deep_read,rtl,reported_mismatch,0.57
121,issue,https://github.com/lowRISC/ibex/issues/121,deep_read,rtl,reported_mismatch,0.56
137,issue,https://github.com/lowRISC/ibex/issues/137,deep_read,tooling,reported_mismatch,0.56
272,pr,https://github.com/lowRISC/ibex/pull/272,deep_read,rtl,permission_or_state,0.56
620,pr,https://github.com/lowRISC/ibex/pull/620,deep_read,verification,reported_mismatch,0.56
700,issue,https://github.com/lowRISC/ibex/issues/700,deep_read,tooling,reported_mismatch,0.56
853,issue,https://github.com/lowRISC/ibex/issues/853,deep_read,verification,reported_mismatch,0.56
981,issue,https://github.com/lowRISC/ibex/issues/981,deep_read,tooling,reported_mismatch,0.56
1083,issue,https://github.com/lowRISC/ibex/issues/1083,deep_read,tooling,reported_mismatch,0.56
1104,issue,https://github.com/lowRISC/ibex/issues/1104,deep_read,rtl,boundary_or_ordering,0.56
1206,issue,https://github.com/lowRISC/ibex/issues/1206,deep_read,rtl,boundary_or_ordering,0.56
1224,issue,https://github.com/lowRISC/ibex/issues/1224,deep_read,verification,reported_mismatch,0.56
1525,issue,https://github.com/lowRISC/ibex/issues/1525,deep_read,verification,reported_mismatch,0.56
2251,pr,https://github.com/lowRISC/ibex/pull/2251,deep_read,verification_interface,reported_mismatch,0.56
2396,issue,https://github.com/lowRISC/ibex/issues/2396,deep_read,tooling,reported_mismatch,0.56
636,issue,https://github.com/lowRISC/ibex/issues/636,deep_read,verification,reported_mismatch,0.55
859,issue,https://github.com/lowRISC/ibex/issues/859,deep_read,verification,oracle_or_configuration,0.55
1071,issue,https://github.com/lowRISC/ibex/issues/1071,deep_read,verification,reported_mismatch,0.55
1078,issue,https://github.com/lowRISC/ibex/issues/1078,deep_read,tooling,reported_mismatch,0.55
1193,issue,https://github.com/lowRISC/ibex/issues/1193,deep_read,tooling,reported_mismatch,0.55
1200,pr,https://github.com/lowRISC/ibex/pull/1200,deep_read,tooling,reported_mismatch,0.55
1361,issue,https://github.com/lowRISC/ibex/issues/1361,deep_read,tooling,reported_mismatch,0.55
1444,issue,https://github.com/lowRISC/ibex/issues/1444,deep_read,tooling,reported_mismatch,0.55
1517,issue,https://github.com/lowRISC/ibex/issues/1517,deep_read,tooling,reported_mismatch,0.55
1549,issue,https://github.com/lowRISC/ibex/issues/1549,deep_read,tooling,reported_mismatch,0.55
2002,issue,https://github.com/lowRISC/ibex/issues/2002,deep_read,integration,reported_mismatch,0.55
2025,issue,https://github.com/lowRISC/ibex/issues/2025,deep_read,verification,reported_mismatch,0.55
2095,issue,https://github.com/lowRISC/ibex/issues/2095,deep_read,tooling,reported_mismatch,0.55
2143,issue,https://github.com/lowRISC/ibex/issues/2143,deep_read,tooling,reported_mismatch,0.55
19,issue,https://github.com/lowRISC/ibex/issues/19,deep_read,rtl,oracle_or_configuration,0.54
134,issue,https://github.com/lowRISC/ibex/issues/134,deep_read,verification_interface,reported_mismatch,0.54
269,issue,https://github.com/lowRISC/ibex/issues/269,deep_read,verification,boundary_or_ordering,0.54
681,pr,https://github.com/lowRISC/ibex/pull/681,deep_read,verification,oracle_or_configuration,0.54
813,pr,https://github.com/lowRISC/ibex/pull/813,deep_read,rtl,permission_or_state,0.54
988,pr,https://github.com/lowRISC/ibex/pull/988,deep_read,verification_interface,boundary_or_ordering,0.54
1167,issue,https://github.com/lowRISC/ibex/issues/1167,deep_read,rtl,reported_mismatch,0.54
1352,issue,https://github.com/lowRISC/ibex/issues/1352,deep_read,verification,reported_mismatch,0.54
1500,issue,https://github.com/lowRISC/ibex/issues/1500,deep_read,tooling,reported_mismatch,0.54
2326,pr,https://github.com/lowRISC/ibex/pull/2326,deep_read,tooling,oracle_or_configuration,0.54
1810,issue,https://github.com/lowRISC/ibex/issues/1810,deep_read,verification_interface,reported_mismatch,0.53
1985,issue,https://github.com/lowRISC/ibex/issues/1985,deep_read,tooling,reported_mismatch,0.53
1186,issue,https://github.com/lowRISC/ibex/issues/1186,deep_read,tooling,reported_mismatch,0.52
1843,issue,https://github.com/lowRISC/ibex/issues/1843,deep_read,tooling,reported_mismatch,0.52
2018,issue,https://github.com/lowRISC/ibex/issues/2018,deep_read,tooling,reported_mismatch,0.52
2076,pr,https://github.com/lowRISC/ibex/pull/2076,deep_read,tooling,reported_mismatch,0.52
972,issue,https://github.com/lowRISC/ibex/issues/972,deep_read,tooling,reported_mismatch,0.51
1030,issue,https://github.com/lowRISC/ibex/issues/1030,deep_read,tooling,reported_mismatch,0.51
1094,issue,https://github.com/lowRISC/ibex/issues/1094,deep_read,rtl,reported_mismatch,0.51
1394,issue,https://github.com/lowRISC/ibex/issues/1394,deep_read,tooling,reported_mismatch,0.51
726,issue,https://github.com/lowRISC/ibex/issues/726,deep_read,tooling,reported_mismatch,0.5
2152,issue,https://github.com/lowRISC/ibex/issues/2152,deep_read,tooling,reported_mismatch,0.49
2253,issue,https://github.com/lowRISC/ibex/issues/2253,deep_read,verification,reported_mismatch,0.49
1860,issue,https://github.com/lowRISC/ibex/issues/1860,deep_read,tooling,reported_mismatch,0.47
1671,issue,https://github.com/lowRISC/ibex/issues/1671,deep_read,tooling,reported_mismatch,0.46
995,pr,https://github.com/lowRISC/ibex/pull/995,fetch_evidence,unclear,sparse_or_mixed,0.72
1695,pr,https://github.com/lowRISC/ibex/pull/1695,fetch_evidence,verification,permission_or_state,0.72
2309,pr,https://github.com/lowRISC/ibex/pull/2309,fetch_evidence,verification,oracle_or_configuration,0.72
987,pr,https://github.com/lowRISC/ibex/pull/987,fetch_evidence,verification,boundary_or_ordering,0.71
104,pr,https://github.com/lowRISC/ibex/pull/104,fetch_evidence,rtl,permission_or_state,0.7
268,pr,https://github.com/lowRISC/ibex/pull/268,fetch_evidence,verification,permission_or_state,0.7
515,pr,https://github.com/lowRISC/ibex/pull/515,fetch_evidence,verification,permission_or_state,0.7
723,pr,https://github.com/lowRISC/ibex/pull/723,fetch_evidence,verification,sparse_or_mixed,0.7
815,pr,https://github.com/lowRISC/ibex/pull/815,fetch_evidence,rtl,boundary_or_ordering,0.7
1044,issue,https://github.com/lowRISC/ibex/issues/1044,fetch_evidence,rtl,reported_mismatch,0.7
1140,pr,https://github.com/lowRISC/ibex/pull/1140,fetch_evidence,verification,oracle_or_configuration,0.7
1357,issue,https://github.com/lowRISC/ibex/issues/1357,fetch_evidence,verification,boundary_or_ordering,0.7
1551,pr,https://github.com/lowRISC/ibex/pull/1551,fetch_evidence,verification,sparse_or_mixed,0.7
1763,pr,https://github.com/lowRISC/ibex/pull/1763,fetch_evidence,verification,oracle_or_configuration,0.7
132,pr,https://github.com/lowRISC/ibex/pull/132,fetch_evidence,rtl,boundary_or_ordering,0.69
150,pr,https://github.com/lowRISC/ibex/pull/150,fetch_evidence,verification_interface,boundary_or_ordering,0.69
318,pr,https://github.com/lowRISC/ibex/pull/318,fetch_evidence,tooling,routine_or_capability,0.69
462,pr,https://github.com/lowRISC/ibex/pull/462,fetch_evidence,verification,sparse_or_mixed,0.69
660,pr,https://github.com/lowRISC/ibex/pull/660,fetch_evidence,verification,permission_or_state,0.69
803,pr,https://github.com/lowRISC/ibex/pull/803,fetch_evidence,verification_interface,routine_or_capability,0.69
806,pr,https://github.com/lowRISC/ibex/pull/806,fetch_evidence,verification_interface,routine_or_capability,0.69
894,pr,https://github.com/lowRISC/ibex/pull/894,fetch_evidence,integration,routine_or_capability,0.69
1072,pr,https://github.com/lowRISC/ibex/pull/1072,fetch_evidence,tooling,routine_or_capability,0.69
1343,issue,https://github.com/lowRISC/ibex/issues/1343,fetch_evidence,verification,reported_mismatch,0.69
2324,pr,https://github.com/lowRISC/ibex/pull/2324,fetch_evidence,verification,reported_mismatch,0.69
2469,issue,https://github.com/lowRISC/ibex/issues/2469,fetch_evidence,rtl,boundary_or_ordering,0.69
95,pr,https://github.com/lowRISC/ibex/pull/95,fetch_evidence,tooling,oracle_or_configuration,0.68
282,pr,https://github.com/lowRISC/ibex/pull/282,fetch_evidence,rtl,boundary_or_ordering,0.68
312,pr,https://github.com/lowRISC/ibex/pull/312,fetch_evidence,verification,sparse_or_mixed,0.68
372,issue,https://github.com/lowRISC/ibex/issues/372,fetch_evidence,verification_interface,reported_mismatch,0.68
385,pr,https://github.com/lowRISC/ibex/pull/385,fetch_evidence,verification,sparse_or_mixed,0.68
545,pr,https://github.com/lowRISC/ibex/pull/545,fetch_evidence,verification,sparse_or_mixed,0.68
569,issue,https://github.com/lowRISC/ibex/issues/569,fetch_evidence,verification,reported_mismatch,0.68
575,pr,https://github.com/lowRISC/ibex/pull/575,fetch_evidence,rtl,permission_or_state,0.68
632,pr,https://github.com/lowRISC/ibex/pull/632,fetch_evidence,verification,sparse_or_mixed,0.68
756,pr,https://github.com/lowRISC/ibex/pull/756,fetch_evidence,rtl,boundary_or_ordering,0.68
851,pr,https://github.com/lowRISC/ibex/pull/851,fetch_evidence,rtl,boundary_or_ordering,0.68
970,pr,https://github.com/lowRISC/ibex/pull/970,fetch_evidence,verification,sparse_or_mixed,0.68
1037,pr,https://github.com/lowRISC/ibex/pull/1037,fetch_evidence,verification,oracle_or_configuration,0.68
1063,pr,https://github.com/lowRISC/ibex/pull/1063,fetch_evidence,verification,reported_mismatch,0.68
1147,pr,https://github.com/lowRISC/ibex/pull/1147,fetch_evidence,verification,oracle_or_configuration,0.68
1320,pr,https://github.com/lowRISC/ibex/pull/1320,fetch_evidence,integration,routine_or_capability,0.68
1448,pr,https://github.com/lowRISC/ibex/pull/1448,fetch_evidence,unclear,sparse_or_mixed,0.68
1750,pr,https://github.com/lowRISC/ibex/pull/1750,fetch_evidence,verification,boundary_or_ordering,0.68
1864,pr,https://github.com/lowRISC/ibex/pull/1864,fetch_evidence,verification,boundary_or_ordering,0.68
1870,pr,https://github.com/lowRISC/ibex/pull/1870,fetch_evidence,verification,permission_or_state,0.68
1910,issue,https://github.com/lowRISC/ibex/issues/1910,fetch_evidence,verification,oracle_or_configuration,0.68
2270,pr,https://github.com/lowRISC/ibex/pull/2270,fetch_evidence,tooling,oracle_or_configuration,0.68
2390,pr,https://github.com/lowRISC/ibex/pull/2390,fetch_evidence,rtl,permission_or_state,0.68
2475,pr,https://github.com/lowRISC/ibex/pull/2475,fetch_evidence,rtl,oracle_or_configuration,0.68
108,issue,https://github.com/lowRISC/ibex/issues/108,fetch_evidence,rtl,reported_mismatch,0.67
130,issue,https://github.com/lowRISC/ibex/issues/130,fetch_evidence,rtl,reported_mismatch,0.67
232,pr,https://github.com/lowRISC/ibex/pull/232,fetch_evidence,verification,boundary_or_ordering,0.67
360,pr,https://github.com/lowRISC/ibex/pull/360,fetch_evidence,verification_interface,oracle_or_configuration,0.67
474,pr,https://github.com/lowRISC/ibex/pull/474,fetch_evidence,verification,routine_or_capability,0.67
523,pr,https://github.com/lowRISC/ibex/pull/523,fetch_evidence,verification,sparse_or_mixed,0.67
528,pr,https://github.com/lowRISC/ibex/pull/528,fetch_evidence,verification_interface,oracle_or_configuration,0.67
624,pr,https://github.com/lowRISC/ibex/pull/624,fetch_evidence,feature,routine_or_capability,0.67
781,issue,https://github.com/lowRISC/ibex/issues/781,fetch_evidence,rtl,boundary_or_ordering,0.67
827,pr,https://github.com/lowRISC/ibex/pull/827,fetch_evidence,rtl,boundary_or_ordering,0.67
882,pr,https://github.com/lowRISC/ibex/pull/882,fetch_evidence,rtl,boundary_or_ordering,0.67
1062,pr,https://github.com/lowRISC/ibex/pull/1062,fetch_evidence,verification,sparse_or_mixed,0.67
1162,pr,https://github.com/lowRISC/ibex/pull/1162,fetch_evidence,tooling,reported_mismatch,0.67
1291,pr,https://github.com/lowRISC/ibex/pull/1291,fetch_evidence,verification,routine_or_capability,0.67
1360,pr,https://github.com/lowRISC/ibex/pull/1360,fetch_evidence,verification,sparse_or_mixed,0.67
1470,issue,https://github.com/lowRISC/ibex/issues/1470,fetch_evidence,rtl,oracle_or_configuration,0.67
1584,pr,https://github.com/lowRISC/ibex/pull/1584,fetch_evidence,rtl,boundary_or_ordering,0.67
1848,pr,https://github.com/lowRISC/ibex/pull/1848,fetch_evidence,verification,oracle_or_configuration,0.67
1962,pr,https://github.com/lowRISC/ibex/pull/1962,fetch_evidence,verification,routine_or_capability,0.67
2245,pr,https://github.com/lowRISC/ibex/pull/2245,fetch_evidence,verification,oracle_or_configuration,0.67
2274,pr,https://github.com/lowRISC/ibex/pull/2274,fetch_evidence,verification,routine_or_capability,0.67
2339,pr,https://github.com/lowRISC/ibex/pull/2339,fetch_evidence,tooling,oracle_or_configuration,0.67
2387,pr,https://github.com/lowRISC/ibex/pull/2387,fetch_evidence,verification_interface,routine_or_capability,0.67
2444,pr,https://github.com/lowRISC/ibex/pull/2444,fetch_evidence,verification,oracle_or_configuration,0.67
2479,issue,https://github.com/lowRISC/ibex/issues/2479,fetch_evidence,tooling,oracle_or_configuration,0.67
45,pr,https://github.com/lowRISC/ibex/pull/45,fetch_evidence,rtl,sparse_or_mixed,0.66
53,pr,https://github.com/lowRISC/ibex/pull/53,fetch_evidence,rtl,permission_or_state,0.66
70,issue,https://github.com/lowRISC/ibex/issues/70,fetch_evidence,rtl,permission_or_state,0.66
93,issue,https://github.com/lowRISC/ibex/issues/93,fetch_evidence,rtl,reported_mismatch,0.66
177,pr,https://github.com/lowRISC/ibex/pull/177,fetch_evidence,verification_interface,oracle_or_configuration,0.66
234,pr,https://github.com/lowRISC/ibex/pull/234,fetch_evidence,verification,sparse_or_mixed,0.66
244,pr,https://github.com/lowRISC/ibex/pull/244,fetch_evidence,rtl,boundary_or_ordering,0.66
263,pr,https://github.com/lowRISC/ibex/pull/263,fetch_evidence,verification,sparse_or_mixed,0.66
283,issue,https://github.com/lowRISC/ibex/issues/283,fetch_evidence,rtl,boundary_or_ordering,0.66
343,pr,https://github.com/lowRISC/ibex/pull/343,fetch_evidence,rtl,permission_or_state,0.66
357,pr,https://github.com/lowRISC/ibex/pull/357,fetch_evidence,verification,sparse_or_mixed,0.66
496,issue,https://github.com/lowRISC/ibex/issues/496,fetch_evidence,verification,reported_mismatch,0.66
564,pr,https://github.com/lowRISC/ibex/pull/564,fetch_evidence,verification,routine_or_capability,0.66
614,pr,https://github.com/lowRISC/ibex/pull/614,fetch_evidence,tooling,oracle_or_configuration,0.66
758,issue,https://github.com/lowRISC/ibex/issues/758,fetch_evidence,integration,routine_or_capability,0.66
773,pr,https://github.com/lowRISC/ibex/pull/773,fetch_evidence,tooling,oracle_or_configuration,0.66
794,pr,https://github.com/lowRISC/ibex/pull/794,fetch_evidence,verification,permission_or_state,0.66
799,pr,https://github.com/lowRISC/ibex/pull/799,fetch_evidence,rtl,routine_or_capability,0.66
840,issue,https://github.com/lowRISC/ibex/issues/840,fetch_evidence,verification,reported_mismatch,0.66
847,pr,https://github.com/lowRISC/ibex/pull/847,fetch_evidence,verification,sparse_or_mixed,0.66
978,pr,https://github.com/lowRISC/ibex/pull/978,fetch_evidence,verification,boundary_or_ordering,0.66
1043,pr,https://github.com/lowRISC/ibex/pull/1043,fetch_evidence,verification,oracle_or_configuration,0.66
1112,pr,https://github.com/lowRISC/ibex/pull/1112,fetch_evidence,tooling,permission_or_state,0.66
1146,pr,https://github.com/lowRISC/ibex/pull/1146,fetch_evidence,verification,sparse_or_mixed,0.66
1251,pr,https://github.com/lowRISC/ibex/pull/1251,fetch_evidence,verification,oracle_or_configuration,0.66
1298,pr,https://github.com/lowRISC/ibex/pull/1298,fetch_evidence,verification,oracle_or_configuration,0.66
1668,pr,https://github.com/lowRISC/ibex/pull/1668,fetch_evidence,verification,sparse_or_mixed,0.66
1705,pr,https://github.com/lowRISC/ibex/pull/1705,fetch_evidence,tooling,routine_or_capability,0.66
1788,pr,https://github.com/lowRISC/ibex/pull/1788,fetch_evidence,verification,oracle_or_configuration,0.66
1801,pr,https://github.com/lowRISC/ibex/pull/1801,fetch_evidence,verification,oracle_or_configuration,0.66
1865,pr,https://github.com/lowRISC/ibex/pull/1865,fetch_evidence,rtl,permission_or_state,0.66
1954,pr,https://github.com/lowRISC/ibex/pull/1954,fetch_evidence,verification,oracle_or_configuration,0.66
2198,issue,https://github.com/lowRISC/ibex/issues/2198,fetch_evidence,verification,reported_mismatch,0.66
2255,pr,https://github.com/lowRISC/ibex/pull/2255,fetch_evidence,verification_interface,oracle_or_configuration,0.66
2470,pr,https://github.com/lowRISC/ibex/pull/2470,fetch_evidence,rtl,boundary_or_ordering,0.66
120,pr,https://github.com/lowRISC/ibex/pull/120,fetch_evidence,rtl,boundary_or_ordering,0.65
149,pr,https://github.com/lowRISC/ibex/pull/149,fetch_evidence,rtl,routine_or_capability,0.65
151,issue,https://github.com/lowRISC/ibex/issues/151,fetch_evidence,verification_interface,boundary_or_ordering,0.65
203,pr,https://github.com/lowRISC/ibex/pull/203,fetch_evidence,verification,sparse_or_mixed,0.65
226,pr,https://github.com/lowRISC/ibex/pull/226,fetch_evidence,rtl,permission_or_state,0.65
243,pr,https://github.com/lowRISC/ibex/pull/243,fetch_evidence,verification,boundary_or_ordering,0.65
251,pr,https://github.com/lowRISC/ibex/pull/251,fetch_evidence,verification,oracle_or_configuration,0.65
445,pr,https://github.com/lowRISC/ibex/pull/445,fetch_evidence,verification,sparse_or_mixed,0.65
549,pr,https://github.com/lowRISC/ibex/pull/549,fetch_evidence,verification,oracle_or_configuration,0.65
553,pr,https://github.com/lowRISC/ibex/pull/553,fetch_evidence,rtl,boundary_or_ordering,0.65
948,pr,https://github.com/lowRISC/ibex/pull/948,fetch_evidence,verification,oracle_or_configuration,0.65
994,pr,https://github.com/lowRISC/ibex/pull/994,fetch_evidence,verification,oracle_or_configuration,0.65
1042,pr,https://github.com/lowRISC/ibex/pull/1042,fetch_evidence,verification,routine_or_capability,0.65
1049,pr,https://github.com/lowRISC/ibex/pull/1049,fetch_evidence,verification,sparse_or_mixed,0.65
1064,pr,https://github.com/lowRISC/ibex/pull/1064,fetch_evidence,tooling,permission_or_state,0.65
1081,pr,https://github.com/lowRISC/ibex/pull/1081,fetch_evidence,verification,sparse_or_mixed,0.65
1122,issue,https://github.com/lowRISC/ibex/issues/1122,fetch_evidence,verification,routine_or_capability,0.65
1341,pr,https://github.com/lowRISC/ibex/pull/1341,fetch_evidence,rtl,oracle_or_configuration,0.65
1403,pr,https://github.com/lowRISC/ibex/pull/1403,fetch_evidence,verification,sparse_or_mixed,0.65
1474,pr,https://github.com/lowRISC/ibex/pull/1474,fetch_evidence,rtl,boundary_or_ordering,0.65
1483,pr,https://github.com/lowRISC/ibex/pull/1483,fetch_evidence,rtl,routine_or_capability,0.65
1484,pr,https://github.com/lowRISC/ibex/pull/1484,fetch_evidence,verification,oracle_or_configuration,0.65
1592,pr,https://github.com/lowRISC/ibex/pull/1592,fetch_evidence,verification,sparse_or_mixed,0.65
1706,pr,https://github.com/lowRISC/ibex/pull/1706,fetch_evidence,verification_interface,oracle_or_configuration,0.65
1733,issue,https://github.com/lowRISC/ibex/issues/1733,fetch_evidence,rtl,permission_or_state,0.65
1790,pr,https://github.com/lowRISC/ibex/pull/1790,fetch_evidence,verification,permission_or_state,0.65
1887,pr,https://github.com/lowRISC/ibex/pull/1887,fetch_evidence,verification,boundary_or_ordering,0.65
2061,pr,https://github.com/lowRISC/ibex/pull/2061,fetch_evidence,verification,oracle_or_configuration,0.65
2063,pr,https://github.com/lowRISC/ibex/pull/2063,fetch_evidence,tooling,oracle_or_configuration,0.65
2279,pr,https://github.com/lowRISC/ibex/pull/2279,fetch_evidence,verification,permission_or_state,0.65
2285,pr,https://github.com/lowRISC/ibex/pull/2285,fetch_evidence,rtl,oracle_or_configuration,0.65
2364,pr,https://github.com/lowRISC/ibex/pull/2364,fetch_evidence,rtl,boundary_or_ordering,0.65
2385,pr,https://github.com/lowRISC/ibex/pull/2385,fetch_evidence,rtl,oracle_or_configuration,0.65
2389,pr,https://github.com/lowRISC/ibex/pull/2389,fetch_evidence,rtl,boundary_or_ordering,0.65
2393,pr,https://github.com/lowRISC/ibex/pull/2393,fetch_evidence,rtl,permission_or_state,0.65
125,pr,https://github.com/lowRISC/ibex/pull/125,fetch_evidence,rtl,permission_or_state,0.64
233,pr,https://github.com/lowRISC/ibex/pull/233,fetch_evidence,verification,routine_or_capability,0.64
241,pr,https://github.com/lowRISC/ibex/pull/241,fetch_evidence,verification,sparse_or_mixed,0.64
406,pr,https://github.com/lowRISC/ibex/pull/406,fetch_evidence,verification,sparse_or_mixed,0.64
486,pr,https://github.com/lowRISC/ibex/pull/486,fetch_evidence,verification,permission_or_state,0.64
560,pr,https://github.com/lowRISC/ibex/pull/560,fetch_evidence,verification,boundary_or_ordering,0.64
568,pr,https://github.com/lowRISC/ibex/pull/568,fetch_evidence,rtl,boundary_or_ordering,0.64
610,pr,https://github.com/lowRISC/ibex/pull/610,fetch_evidence,verification,sparse_or_mixed,0.64
648,pr,https://github.com/lowRISC/ibex/pull/648,fetch_evidence,tooling,oracle_or_configuration,0.64
663,issue,https://github.com/lowRISC/ibex/issues/663,fetch_evidence,rtl,routine_or_capability,0.64
687,issue,https://github.com/lowRISC/ibex/issues/687,fetch_evidence,tooling,reported_mismatch,0.64
764,issue,https://github.com/lowRISC/ibex/issues/764,fetch_evidence,feature,routine_or_capability,0.64
774,pr,https://github.com/lowRISC/ibex/pull/774,fetch_evidence,tooling,reported_mismatch,0.64
848,pr,https://github.com/lowRISC/ibex/pull/848,fetch_evidence,tooling,reported_mismatch,0.64
863,pr,https://github.com/lowRISC/ibex/pull/863,fetch_evidence,rtl,routine_or_capability,0.64
975,pr,https://github.com/lowRISC/ibex/pull/975,fetch_evidence,verification_interface,oracle_or_configuration,0.64
1052,pr,https://github.com/lowRISC/ibex/pull/1052,fetch_evidence,verification,sparse_or_mixed,0.64
1065,pr,https://github.com/lowRISC/ibex/pull/1065,fetch_evidence,feature,routine_or_capability,0.64
1108,pr,https://github.com/lowRISC/ibex/pull/1108,fetch_evidence,verification,boundary_or_ordering,0.64
1141,pr,https://github.com/lowRISC/ibex/pull/1141,fetch_evidence,rtl,boundary_or_ordering,0.64
1222,pr,https://github.com/lowRISC/ibex/pull/1222,fetch_evidence,tooling,routine_or_capability,0.64
1226,pr,https://github.com/lowRISC/ibex/pull/1226,fetch_evidence,tooling,oracle_or_configuration,0.64
1325,pr,https://github.com/lowRISC/ibex/pull/1325,fetch_evidence,verification,sparse_or_mixed,0.64
1354,pr,https://github.com/lowRISC/ibex/pull/1354,fetch_evidence,integration,routine_or_capability,0.64
1372,pr,https://github.com/lowRISC/ibex/pull/1372,fetch_evidence,verification,boundary_or_ordering,0.64
1596,pr,https://github.com/lowRISC/ibex/pull/1596,fetch_evidence,verification,sparse_or_mixed,0.64
1613,pr,https://github.com/lowRISC/ibex/pull/1613,fetch_evidence,verification,oracle_or_configuration,0.64
1650,pr,https://github.com/lowRISC/ibex/pull/1650,fetch_evidence,verification,oracle_or_configuration,0.64
1664,issue,https://github.com/lowRISC/ibex/issues/1664,fetch_evidence,verification,boundary_or_ordering,0.64
1730,pr,https://github.com/lowRISC/ibex/pull/1730,fetch_evidence,verification,oracle_or_configuration,0.64
1886,pr,https://github.com/lowRISC/ibex/pull/1886,fetch_evidence,verification,oracle_or_configuration,0.64
1890,pr,https://github.com/lowRISC/ibex/pull/1890,fetch_evidence,verification,reported_mismatch,0.64
1926,issue,https://github.com/lowRISC/ibex/issues/1926,fetch_evidence,verification,oracle_or_configuration,0.64
1988,pr,https://github.com/lowRISC/ibex/pull/1988,fetch_evidence,verification,oracle_or_configuration,0.64
2044,pr,https://github.com/lowRISC/ibex/pull/2044,fetch_evidence,rtl,routine_or_capability,0.64
2057,issue,https://github.com/lowRISC/ibex/issues/2057,fetch_evidence,verification,reported_mismatch,0.64
2126,pr,https://github.com/lowRISC/ibex/pull/2126,fetch_evidence,tooling,routine_or_capability,0.64
2328,pr,https://github.com/lowRISC/ibex/pull/2328,fetch_evidence,rtl,routine_or_capability,0.64
2391,pr,https://github.com/lowRISC/ibex/pull/2391,fetch_evidence,rtl,oracle_or_configuration,0.64
2483,pr,https://github.com/lowRISC/ibex/pull/2483,fetch_evidence,verification_interface,permission_or_state,0.64
2484,pr,https://github.com/lowRISC/ibex/pull/2484,fetch_evidence,tooling,routine_or_capability,0.64
176,pr,https://github.com/lowRISC/ibex/pull/176,fetch_evidence,rtl,sparse_or_mixed,0.63
209,pr,https://github.com/lowRISC/ibex/pull/209,fetch_evidence,verification,oracle_or_configuration,0.63
246,pr,https://github.com/lowRISC/ibex/pull/246,fetch_evidence,verification,sparse_or_mixed,0.63
265,issue,https://github.com/lowRISC/ibex/issues/265,fetch_evidence,rtl,boundary_or_ordering,0.63
296,issue,https://github.com/lowRISC/ibex/issues/296,fetch_evidence,rtl,boundary_or_ordering,0.63
305,issue,https://github.com/lowRISC/ibex/issues/305,fetch_evidence,rtl,boundary_or_ordering,0.63
349,pr,https://github.com/lowRISC/ibex/pull/349,fetch_evidence,verification,sparse_or_mixed,0.63
435,pr,https://github.com/lowRISC/ibex/pull/435,fetch_evidence,verification,boundary_or_ordering,0.63
655,pr,https://github.com/lowRISC/ibex/pull/655,fetch_evidence,tooling,reported_mismatch,0.63
678,pr,https://github.com/lowRISC/ibex/pull/678,fetch_evidence,tooling,sparse_or_mixed,0.63
727,pr,https://github.com/lowRISC/ibex/pull/727,fetch_evidence,rtl,boundary_or_ordering,0.63
780,issue,https://github.com/lowRISC/ibex/issues/780,fetch_evidence,rtl,boundary_or_ordering,0.63
868,pr,https://github.com/lowRISC/ibex/pull/868,fetch_evidence,rtl,boundary_or_ordering,0.63
873,pr,https://github.com/lowRISC/ibex/pull/873,fetch_evidence,verification,boundary_or_ordering,0.63
911,pr,https://github.com/lowRISC/ibex/pull/911,fetch_evidence,verification,oracle_or_configuration,0.63
915,pr,https://github.com/lowRISC/ibex/pull/915,fetch_evidence,verification,permission_or_state,0.63
922,pr,https://github.com/lowRISC/ibex/pull/922,fetch_evidence,verification,routine_or_capability,0.63
982,pr,https://github.com/lowRISC/ibex/pull/982,fetch_evidence,rtl,permission_or_state,0.63
985,issue,https://github.com/lowRISC/ibex/issues/985,fetch_evidence,verification,sparse_or_mixed,0.63
1007,pr,https://github.com/lowRISC/ibex/pull/1007,fetch_evidence,unclear,sparse_or_mixed,0.63
1053,issue,https://github.com/lowRISC/ibex/issues/1053,fetch_evidence,rtl,boundary_or_ordering,0.63
1076,pr,https://github.com/lowRISC/ibex/pull/1076,fetch_evidence,tooling,routine_or_capability,0.63
1225,pr,https://github.com/lowRISC/ibex/pull/1225,fetch_evidence,tooling,sparse_or_mixed,0.63
1234,pr,https://github.com/lowRISC/ibex/pull/1234,fetch_evidence,rtl,sparse_or_mixed,0.63
1353,issue,https://github.com/lowRISC/ibex/issues/1353,fetch_evidence,rtl,permission_or_state,0.63
1386,pr,https://github.com/lowRISC/ibex/pull/1386,fetch_evidence,tooling,boundary_or_ordering,0.63
1418,pr,https://github.com/lowRISC/ibex/pull/1418,fetch_evidence,rtl,oracle_or_configuration,0.63
1439,pr,https://github.com/lowRISC/ibex/pull/1439,fetch_evidence,tooling,oracle_or_configuration,0.63
1493,pr,https://github.com/lowRISC/ibex/pull/1493,fetch_evidence,feature,oracle_or_configuration,0.63
1715,pr,https://github.com/lowRISC/ibex/pull/1715,fetch_evidence,verification,oracle_or_configuration,0.63
1753,issue,https://github.com/lowRISC/ibex/issues/1753,fetch_evidence,verification,oracle_or_configuration,0.63
1780,pr,https://github.com/lowRISC/ibex/pull/1780,fetch_evidence,rtl,permission_or_state,0.63
1876,pr,https://github.com/lowRISC/ibex/pull/1876,fetch_evidence,verification,oracle_or_configuration,0.63
1901,issue,https://github.com/lowRISC/ibex/issues/1901,fetch_evidence,verification,oracle_or_configuration,0.63
1970,issue,https://github.com/lowRISC/ibex/issues/1970,fetch_evidence,rtl,boundary_or_ordering,0.63
1981,pr,https://github.com/lowRISC/ibex/pull/1981,fetch_evidence,verification,oracle_or_configuration,0.63
2184,pr,https://github.com/lowRISC/ibex/pull/2184,fetch_evidence,verification,oracle_or_configuration,0.63
2195,pr,https://github.com/lowRISC/ibex/pull/2195,fetch_evidence,rtl,permission_or_state,0.63
2200,issue,https://github.com/lowRISC/ibex/issues/2200,fetch_evidence,tooling,reported_mismatch,0.63
2232,pr,https://github.com/lowRISC/ibex/pull/2232,fetch_evidence,rtl,permission_or_state,0.63
2336,pr,https://github.com/lowRISC/ibex/pull/2336,fetch_evidence,verification_interface,reported_mismatch,0.63
2450,pr,https://github.com/lowRISC/ibex/pull/2450,fetch_evidence,tooling,sparse_or_mixed,0.63
2517,pr,https://github.com/lowRISC/ibex/pull/2517,fetch_evidence,tooling,routine_or_capability,0.63
22,pr,https://github.com/lowRISC/ibex/pull/22,fetch_evidence,tooling,oracle_or_configuration,0.62
39,pr,https://github.com/lowRISC/ibex/pull/39,fetch_evidence,rtl,routine_or_capability,0.62
47,pr,https://github.com/lowRISC/ibex/pull/47,fetch_evidence,rtl,sparse_or_mixed,0.62
144,issue,https://github.com/lowRISC/ibex/issues/144,fetch_evidence,rtl,routine_or_capability,0.62
154,issue,https://github.com/lowRISC/ibex/issues/154,fetch_evidence,verification_interface,reported_mismatch,0.62
254,pr,https://github.com/lowRISC/ibex/pull/254,fetch_evidence,verification,sparse_or_mixed,0.62
280,pr,https://github.com/lowRISC/ibex/pull/280,fetch_evidence,verification,routine_or_capability,0.62
332,pr,https://github.com/lowRISC/ibex/pull/332,fetch_evidence,rtl,boundary_or_ordering,0.62
333,pr,https://github.com/lowRISC/ibex/pull/333,fetch_evidence,verification,sparse_or_mixed,0.62
347,pr,https://github.com/lowRISC/ibex/pull/347,fetch_evidence,verification,sparse_or_mixed,0.62
425,pr,https://github.com/lowRISC/ibex/pull/425,fetch_evidence,verification_interface,boundary_or_ordering,0.62
430,pr,https://github.com/lowRISC/ibex/pull/430,fetch_evidence,tooling,sparse_or_mixed,0.62
587,pr,https://github.com/lowRISC/ibex/pull/587,fetch_evidence,verification,sparse_or_mixed,0.62
604,pr,https://github.com/lowRISC/ibex/pull/604,fetch_evidence,tooling,routine_or_capability,0.62
617,pr,https://github.com/lowRISC/ibex/pull/617,fetch_evidence,verification,sparse_or_mixed,0.62
630,pr,https://github.com/lowRISC/ibex/pull/630,fetch_evidence,verification,reported_mismatch,0.62
654,pr,https://github.com/lowRISC/ibex/pull/654,fetch_evidence,integration,sparse_or_mixed,0.62
673,pr,https://github.com/lowRISC/ibex/pull/673,fetch_evidence,verification,sparse_or_mixed,0.62
693,pr,https://github.com/lowRISC/ibex/pull/693,fetch_evidence,tooling,reported_mismatch,0.62
719,issue,https://github.com/lowRISC/ibex/issues/719,fetch_evidence,verification_interface,routine_or_capability,0.62
739,pr,https://github.com/lowRISC/ibex/pull/739,fetch_evidence,tooling,oracle_or_configuration,0.62
746,pr,https://github.com/lowRISC/ibex/pull/746,fetch_evidence,rtl,boundary_or_ordering,0.62
793,pr,https://github.com/lowRISC/ibex/pull/793,fetch_evidence,verification,oracle_or_configuration,0.62
822,pr,https://github.com/lowRISC/ibex/pull/822,fetch_evidence,verification,sparse_or_mixed,0.62
860,pr,https://github.com/lowRISC/ibex/pull/860,fetch_evidence,verification,permission_or_state,0.62
892,pr,https://github.com/lowRISC/ibex/pull/892,fetch_evidence,rtl,routine_or_capability,0.62
947,pr,https://github.com/lowRISC/ibex/pull/947,fetch_evidence,rtl,boundary_or_ordering,0.62
965,pr,https://github.com/lowRISC/ibex/pull/965,fetch_evidence,rtl,boundary_or_ordering,0.62
1061,pr,https://github.com/lowRISC/ibex/pull/1061,fetch_evidence,tooling,oracle_or_configuration,0.62
1074,pr,https://github.com/lowRISC/ibex/pull/1074,fetch_evidence,verification,sparse_or_mixed,0.62
1163,pr,https://github.com/lowRISC/ibex/pull/1163,fetch_evidence,verification,sparse_or_mixed,0.62
1208,pr,https://github.com/lowRISC/ibex/pull/1208,fetch_evidence,tooling,reported_mismatch,0.62
1218,pr,https://github.com/lowRISC/ibex/pull/1218,fetch_evidence,integration,routine_or_capability,0.62
1250,pr,https://github.com/lowRISC/ibex/pull/1250,fetch_evidence,tooling,oracle_or_configuration,0.62
1278,issue,https://github.com/lowRISC/ibex/issues/1278,fetch_evidence,rtl,permission_or_state,0.62
1334,pr,https://github.com/lowRISC/ibex/pull/1334,fetch_evidence,verification,oracle_or_configuration,0.62
1392,pr,https://github.com/lowRISC/ibex/pull/1392,fetch_evidence,tooling,reported_mismatch,0.62
1476,pr,https://github.com/lowRISC/ibex/pull/1476,fetch_evidence,rtl,sparse_or_mixed,0.62
1605,pr,https://github.com/lowRISC/ibex/pull/1605,fetch_evidence,rtl,permission_or_state,0.62
1701,issue,https://github.com/lowRISC/ibex/issues/1701,fetch_evidence,verification,oracle_or_configuration,0.62
1722,pr,https://github.com/lowRISC/ibex/pull/1722,fetch_evidence,rtl,boundary_or_ordering,0.62
1930,pr,https://github.com/lowRISC/ibex/pull/1930,fetch_evidence,verification,sparse_or_mixed,0.62
2042,pr,https://github.com/lowRISC/ibex/pull/2042,fetch_evidence,tooling,reported_mismatch,0.62
2049,issue,https://github.com/lowRISC/ibex/issues/2049,fetch_evidence,tooling,reported_mismatch,0.62
2347,pr,https://github.com/lowRISC/ibex/pull/2347,fetch_evidence,rtl,routine_or_capability,0.62
2438,pr,https://github.com/lowRISC/ibex/pull/2438,fetch_evidence,tooling,reported_mismatch,0.62
2455,pr,https://github.com/lowRISC/ibex/pull/2455,fetch_evidence,rtl,routine_or_capability,0.62
2488,pr,https://github.com/lowRISC/ibex/pull/2488,fetch_evidence,feature,oracle_or_configuration,0.62
62,issue,https://github.com/lowRISC/ibex/issues/62,fetch_evidence,verification_interface,routine_or_capability,0.61
193,pr,https://github.com/lowRISC/ibex/pull/193,fetch_evidence,rtl,permission_or_state,0.61
293,pr,https://github.com/lowRISC/ibex/pull/293,fetch_evidence,rtl,boundary_or_ordering,0.61
388,pr,https://github.com/lowRISC/ibex/pull/388,fetch_evidence,rtl,reported_mismatch,0.61
421,issue,https://github.com/lowRISC/ibex/issues/421,fetch_evidence,verification_interface,boundary_or_ordering,0.61
471,pr,https://github.com/lowRISC/ibex/pull/471,fetch_evidence,verification,permission_or_state,0.61
475,pr,https://github.com/lowRISC/ibex/pull/475,fetch_evidence,rtl,permission_or_state,0.61
491,pr,https://github.com/lowRISC/ibex/pull/491,fetch_evidence,verification,sparse_or_mixed,0.61
500,pr,https://github.com/lowRISC/ibex/pull/500,fetch_evidence,verification,routine_or_capability,0.61
588,pr,https://github.com/lowRISC/ibex/pull/588,fetch_evidence,verification,oracle_or_configuration,0.61
662,pr,https://github.com/lowRISC/ibex/pull/662,fetch_evidence,tooling,reported_mismatch,0.61
667,issue,https://github.com/lowRISC/ibex/issues/667,fetch_evidence,rtl,routine_or_capability,0.61
771,pr,https://github.com/lowRISC/ibex/pull/771,fetch_evidence,rtl,boundary_or_ordering,0.61
821,pr,https://github.com/lowRISC/ibex/pull/821,fetch_evidence,rtl,routine_or_capability,0.61
866,issue,https://github.com/lowRISC/ibex/issues/866,fetch_evidence,verification,reported_mismatch,0.61
874,pr,https://github.com/lowRISC/ibex/pull/874,fetch_evidence,rtl,routine_or_capability,0.61
885,issue,https://github.com/lowRISC/ibex/issues/885,fetch_evidence,rtl,boundary_or_ordering,0.61
916,pr,https://github.com/lowRISC/ibex/pull/916,fetch_evidence,verification,sparse_or_mixed,0.61
968,pr,https://github.com/lowRISC/ibex/pull/968,fetch_evidence,verification,boundary_or_ordering,0.61
1066,pr,https://github.com/lowRISC/ibex/pull/1066,fetch_evidence,verification,oracle_or_configuration,0.61
1213,issue,https://github.com/lowRISC/ibex/issues/1213,fetch_evidence,verification_interface,reported_mismatch,0.61
1480,pr,https://github.com/lowRISC/ibex/pull/1480,fetch_evidence,rtl,oracle_or_configuration,0.61
1488,pr,https://github.com/lowRISC/ibex/pull/1488,fetch_evidence,rtl,oracle_or_configuration,0.61
1604,pr,https://github.com/lowRISC/ibex/pull/1604,fetch_evidence,tooling,boundary_or_ordering,0.61
1630,pr,https://github.com/lowRISC/ibex/pull/1630,fetch_evidence,tooling,routine_or_capability,0.61
1643,pr,https://github.com/lowRISC/ibex/pull/1643,fetch_evidence,rtl,oracle_or_configuration,0.61
1659,pr,https://github.com/lowRISC/ibex/pull/1659,fetch_evidence,tooling,sparse_or_mixed,0.61
1737,pr,https://github.com/lowRISC/ibex/pull/1737,fetch_evidence,rtl,permission_or_state,0.61
1749,pr,https://github.com/lowRISC/ibex/pull/1749,fetch_evidence,verification_interface,oracle_or_configuration,0.61
1802,issue,https://github.com/lowRISC/ibex/issues/1802,fetch_evidence,verification,reported_mismatch,0.61
1812,pr,https://github.com/lowRISC/ibex/pull/1812,fetch_evidence,verification_interface,routine_or_capability,0.61
1816,pr,https://github.com/lowRISC/ibex/pull/1816,fetch_evidence,rtl,permission_or_state,0.61
1868,pr,https://github.com/lowRISC/ibex/pull/1868,fetch_evidence,verification,permission_or_state,0.61
1975,pr,https://github.com/lowRISC/ibex/pull/1975,fetch_evidence,verification_interface,oracle_or_configuration,0.61
1989,pr,https://github.com/lowRISC/ibex/pull/1989,fetch_evidence,verification,permission_or_state,0.61
1991,pr,https://github.com/lowRISC/ibex/pull/1991,fetch_evidence,verification,permission_or_state,0.61
2000,pr,https://github.com/lowRISC/ibex/pull/2000,fetch_evidence,tooling,routine_or_capability,0.61
2037,pr,https://github.com/lowRISC/ibex/pull/2037,fetch_evidence,verification,oracle_or_configuration,0.61
2099,issue,https://github.com/lowRISC/ibex/issues/2099,fetch_evidence,verification_interface,oracle_or_configuration,0.61
2268,issue,https://github.com/lowRISC/ibex/issues/2268,fetch_evidence,rtl,sparse_or_mixed,0.61
2320,issue,https://github.com/lowRISC/ibex/issues/2320,fetch_evidence,verification,boundary_or_ordering,0.61
2363,pr,https://github.com/lowRISC/ibex/pull/2363,fetch_evidence,rtl,boundary_or_ordering,0.61
2375,pr,https://github.com/lowRISC/ibex/pull/2375,fetch_evidence,tooling,oracle_or_configuration,0.61
2380,pr,https://github.com/lowRISC/ibex/pull/2380,fetch_evidence,rtl,boundary_or_ordering,0.61
2381,pr,https://github.com/lowRISC/ibex/pull/2381,fetch_evidence,rtl,boundary_or_ordering,0.61
2437,pr,https://github.com/lowRISC/ibex/pull/2437,fetch_evidence,tooling,routine_or_capability,0.61
2456,pr,https://github.com/lowRISC/ibex/pull/2456,fetch_evidence,integration,boundary_or_ordering,0.61
101,pr,https://github.com/lowRISC/ibex/pull/101,fetch_evidence,tooling,reported_mismatch,0.6
155,pr,https://github.com/lowRISC/ibex/pull/155,fetch_evidence,verification_interface,sparse_or_mixed,0.6
185,pr,https://github.com/lowRISC/ibex/pull/185,fetch_evidence,rtl,permission_or_state,0.6
266,pr,https://github.com/lowRISC/ibex/pull/266,fetch_evidence,verification,sparse_or_mixed,0.6
321,pr,https://github.com/lowRISC/ibex/pull/321,fetch_evidence,tooling,sparse_or_mixed,0.6
440,pr,https://github.com/lowRISC/ibex/pull/440,fetch_evidence,rtl,routine_or_capability,0.6
465,pr,https://github.com/lowRISC/ibex/pull/465,fetch_evidence,rtl,permission_or_state,0.6
536,pr,https://github.com/lowRISC/ibex/pull/536,fetch_evidence,verification_interface,boundary_or_ordering,0.6
554,pr,https://github.com/lowRISC/ibex/pull/554,fetch_evidence,tooling,boundary_or_ordering,0.6
623,pr,https://github.com/lowRISC/ibex/pull/623,fetch_evidence,verification_interface,routine_or_capability,0.6
646,pr,https://github.com/lowRISC/ibex/pull/646,fetch_evidence,tooling,routine_or_capability,0.6
649,issue,https://github.com/lowRISC/ibex/issues/649,fetch_evidence,rtl,boundary_or_ordering,0.6
686,pr,https://github.com/lowRISC/ibex/pull/686,fetch_evidence,tooling,routine_or_capability,0.6
778,issue,https://github.com/lowRISC/ibex/issues/778,fetch_evidence,verification,routine_or_capability,0.6
809,pr,https://github.com/lowRISC/ibex/pull/809,fetch_evidence,verification,oracle_or_configuration,0.6
907,pr,https://github.com/lowRISC/ibex/pull/907,fetch_evidence,rtl,boundary_or_ordering,0.6
955,pr,https://github.com/lowRISC/ibex/pull/955,fetch_evidence,verification,oracle_or_configuration,0.6
960,pr,https://github.com/lowRISC/ibex/pull/960,fetch_evidence,tooling,oracle_or_configuration,0.6
1047,pr,https://github.com/lowRISC/ibex/pull/1047,fetch_evidence,tooling,routine_or_capability,0.6
1102,pr,https://github.com/lowRISC/ibex/pull/1102,fetch_evidence,verification,sparse_or_mixed,0.6
1233,issue,https://github.com/lowRISC/ibex/issues/1233,fetch_evidence,verification,routine_or_capability,0.6
1297,issue,https://github.com/lowRISC/ibex/issues/1297,fetch_evidence,rtl,permission_or_state,0.6
1304,pr,https://github.com/lowRISC/ibex/pull/1304,fetch_evidence,rtl,boundary_or_ordering,0.6
1319,pr,https://github.com/lowRISC/ibex/pull/1319,fetch_evidence,verification,reported_mismatch,0.6
1332,issue,https://github.com/lowRISC/ibex/issues/1332,fetch_evidence,rtl,boundary_or_ordering,0.6
1336,pr,https://github.com/lowRISC/ibex/pull/1336,fetch_evidence,rtl,sparse_or_mixed,0.6
1458,pr,https://github.com/lowRISC/ibex/pull/1458,fetch_evidence,rtl,boundary_or_ordering,0.6
1497,issue,https://github.com/lowRISC/ibex/issues/1497,fetch_evidence,verification_interface,reported_mismatch,0.6
1539,pr,https://github.com/lowRISC/ibex/pull/1539,fetch_evidence,verification,boundary_or_ordering,0.6
1672,pr,https://github.com/lowRISC/ibex/pull/1672,fetch_evidence,tooling,sparse_or_mixed,0.6
1716,pr,https://github.com/lowRISC/ibex/pull/1716,fetch_evidence,verification,boundary_or_ordering,0.6
1752,issue,https://github.com/lowRISC/ibex/issues/1752,fetch_evidence,rtl,boundary_or_ordering,0.6
1834,pr,https://github.com/lowRISC/ibex/pull/1834,fetch_evidence,rtl,permission_or_state,0.6
1840,issue,https://github.com/lowRISC/ibex/issues/1840,fetch_evidence,tooling,permission_or_state,0.6
1854,pr,https://github.com/lowRISC/ibex/pull/1854,fetch_evidence,tooling,sparse_or_mixed,0.6
1880,pr,https://github.com/lowRISC/ibex/pull/1880,fetch_evidence,rtl,permission_or_state,0.6
1952,pr,https://github.com/lowRISC/ibex/pull/1952,fetch_evidence,verification,permission_or_state,0.6
1990,pr,https://github.com/lowRISC/ibex/pull/1990,fetch_evidence,tooling,routine_or_capability,0.6
2059,pr,https://github.com/lowRISC/ibex/pull/2059,fetch_evidence,tooling,sparse_or_mixed,0.6
2133,pr,https://github.com/lowRISC/ibex/pull/2133,fetch_evidence,tooling,reported_mismatch,0.6
2138,pr,https://github.com/lowRISC/ibex/pull/2138,fetch_evidence,tooling,boundary_or_ordering,0.6
2335,issue,https://github.com/lowRISC/ibex/issues/2335,fetch_evidence,verification_interface,routine_or_capability,0.6
2383,pr,https://github.com/lowRISC/ibex/pull/2383,fetch_evidence,rtl,routine_or_capability,0.6
2397,pr,https://github.com/lowRISC/ibex/pull/2397,fetch_evidence,tooling,reported_mismatch,0.6
2459,pr,https://github.com/lowRISC/ibex/pull/2459,fetch_evidence,rtl,sparse_or_mixed,0.6
37,pr,https://github.com/lowRISC/ibex/pull/37,fetch_evidence,tooling,reported_mismatch,0.59
83,pr,https://github.com/lowRISC/ibex/pull/83,fetch_evidence,rtl,sparse_or_mixed,0.59
131,pr,https://github.com/lowRISC/ibex/pull/131,fetch_evidence,rtl,sparse_or_mixed,0.59
262,pr,https://github.com/lowRISC/ibex/pull/262,fetch_evidence,verification_interface,routine_or_capability,0.59
295,pr,https://github.com/lowRISC/ibex/pull/295,fetch_evidence,verification,boundary_or_ordering,0.59
297,issue,https://github.com/lowRISC/ibex/issues/297,fetch_evidence,integration,reported_mismatch,0.59
401,pr,https://github.com/lowRISC/ibex/pull/401,fetch_evidence,rtl,permission_or_state,0.59
408,pr,https://github.com/lowRISC/ibex/pull/408,fetch_evidence,verification_interface,sparse_or_mixed,0.59
424,pr,https://github.com/lowRISC/ibex/pull/424,fetch_evidence,rtl,sparse_or_mixed,0.59
426,pr,https://github.com/lowRISC/ibex/pull/426,fetch_evidence,verification,oracle_or_configuration,0.59
511,pr,https://github.com/lowRISC/ibex/pull/511,fetch_evidence,rtl,permission_or_state,0.59
512,pr,https://github.com/lowRISC/ibex/pull/512,fetch_evidence,verification,sparse_or_mixed,0.59
529,pr,https://github.com/lowRISC/ibex/pull/529,fetch_evidence,verification,permission_or_state,0.59
573,pr,https://github.com/lowRISC/ibex/pull/573,fetch_evidence,verification,sparse_or_mixed,0.59
579,issue,https://github.com/lowRISC/ibex/issues/579,fetch_evidence,tooling,oracle_or_configuration,0.59
590,pr,https://github.com/lowRISC/ibex/pull/590,fetch_evidence,rtl,boundary_or_ordering,0.59
613,pr,https://github.com/lowRISC/ibex/pull/613,fetch_evidence,rtl,permission_or_state,0.59
637,pr,https://github.com/lowRISC/ibex/pull/637,fetch_evidence,verification,boundary_or_ordering,0.59
689,issue,https://github.com/lowRISC/ibex/issues/689,fetch_evidence,tooling,boundary_or_ordering,0.59
718,pr,https://github.com/lowRISC/ibex/pull/718,fetch_evidence,rtl,transaction,0.59
747,pr,https://github.com/lowRISC/ibex/pull/747,fetch_evidence,tooling,oracle_or_configuration,0.59
783,issue,https://github.com/lowRISC/ibex/issues/783,fetch_evidence,rtl,routine_or_capability,0.59
790,issue,https://github.com/lowRISC/ibex/issues/790,fetch_evidence,verification,routine_or_capability,0.59
890,pr,https://github.com/lowRISC/ibex/pull/890,fetch_evidence,verification,routine_or_capability,0.59
913,pr,https://github.com/lowRISC/ibex/pull/913,fetch_evidence,verification,routine_or_capability,0.59
950,pr,https://github.com/lowRISC/ibex/pull/950,fetch_evidence,verification,oracle_or_configuration,0.59
976,issue,https://github.com/lowRISC/ibex/issues/976,fetch_evidence,rtl,boundary_or_ordering,0.59
1000,pr,https://github.com/lowRISC/ibex/pull/1000,fetch_evidence,tooling,oracle_or_configuration,0.59
1033,issue,https://github.com/lowRISC/ibex/issues/1033,fetch_evidence,tooling,oracle_or_configuration,0.59
1054,pr,https://github.com/lowRISC/ibex/pull/1054,fetch_evidence,rtl,permission_or_state,0.59
1115,pr,https://github.com/lowRISC/ibex/pull/1115,fetch_evidence,tooling,sparse_or_mixed,0.59
1154,issue,https://github.com/lowRISC/ibex/issues/1154,fetch_evidence,verification,reported_mismatch,0.59
1252,pr,https://github.com/lowRISC/ibex/pull/1252,fetch_evidence,tooling,sparse_or_mixed,0.59
1316,pr,https://github.com/lowRISC/ibex/pull/1316,fetch_evidence,integration,routine_or_capability,0.59
1326,pr,https://github.com/lowRISC/ibex/pull/1326,fetch_evidence,verification_interface,oracle_or_configuration,0.59
1417,pr,https://github.com/lowRISC/ibex/pull/1417,fetch_evidence,rtl,oracle_or_configuration,0.59
1422,pr,https://github.com/lowRISC/ibex/pull/1422,fetch_evidence,rtl,routine_or_capability,0.59
1442,pr,https://github.com/lowRISC/ibex/pull/1442,fetch_evidence,tooling,oracle_or_configuration,0.59
1443,pr,https://github.com/lowRISC/ibex/pull/1443,fetch_evidence,verification_interface,sparse_or_mixed,0.59
1501,pr,https://github.com/lowRISC/ibex/pull/1501,fetch_evidence,tooling,routine_or_capability,0.59
1507,pr,https://github.com/lowRISC/ibex/pull/1507,fetch_evidence,integration,reported_mismatch,0.59
1550,pr,https://github.com/lowRISC/ibex/pull/1550,fetch_evidence,verification,oracle_or_configuration,0.59
1582,pr,https://github.com/lowRISC/ibex/pull/1582,fetch_evidence,verification,sparse_or_mixed,0.59
1624,pr,https://github.com/lowRISC/ibex/pull/1624,fetch_evidence,tooling,reported_mismatch,0.59
1699,pr,https://github.com/lowRISC/ibex/pull/1699,fetch_evidence,verification,sparse_or_mixed,0.59
1702,issue,https://github.com/lowRISC/ibex/issues/1702,fetch_evidence,verification,permission_or_state,0.59
1703,issue,https://github.com/lowRISC/ibex/issues/1703,fetch_evidence,verification,oracle_or_configuration,0.59
1711,issue,https://github.com/lowRISC/ibex/issues/1711,fetch_evidence,verification,oracle_or_configuration,0.59
1944,issue,https://github.com/lowRISC/ibex/issues/1944,fetch_evidence,verification,oracle_or_configuration,0.59
1964,pr,https://github.com/lowRISC/ibex/pull/1964,fetch_evidence,feature,sparse_or_mixed,0.59
2014,pr,https://github.com/lowRISC/ibex/pull/2014,fetch_evidence,verification,sparse_or_mixed,0.59
2130,pr,https://github.com/lowRISC/ibex/pull/2130,fetch_evidence,rtl,sparse_or_mixed,0.59
2131,issue,https://github.com/lowRISC/ibex/issues/2131,fetch_evidence,tooling,sparse_or_mixed,0.59
2156,pr,https://github.com/lowRISC/ibex/pull/2156,fetch_evidence,tooling,routine_or_capability,0.59
2229,pr,https://github.com/lowRISC/ibex/pull/2229,fetch_evidence,rtl,reported_mismatch,0.59
2272,pr,https://github.com/lowRISC/ibex/pull/2272,fetch_evidence,verification,oracle_or_configuration,0.59
2283,pr,https://github.com/lowRISC/ibex/pull/2283,fetch_evidence,tooling,oracle_or_configuration,0.59
2399,pr,https://github.com/lowRISC/ibex/pull/2399,fetch_evidence,tooling,routine_or_capability,0.59
38,pr,https://github.com/lowRISC/ibex/pull/38,fetch_evidence,verification_interface,reported_mismatch,0.58
59,pr,https://github.com/lowRISC/ibex/pull/59,fetch_evidence,tooling,sparse_or_mixed,0.58
92,pr,https://github.com/lowRISC/ibex/pull/92,fetch_evidence,tooling,reported_mismatch,0.58
102,pr,https://github.com/lowRISC/ibex/pull/102,fetch_evidence,tooling,oracle_or_configuration,0.58
107,pr,https://github.com/lowRISC/ibex/pull/107,fetch_evidence,verification,routine_or_capability,0.58
117,issue,https://github.com/lowRISC/ibex/issues/117,fetch_evidence,tooling,reported_mismatch,0.58
178,pr,https://github.com/lowRISC/ibex/pull/178,fetch_evidence,verification,reported_mismatch,0.58
214,issue,https://github.com/lowRISC/ibex/issues/214,fetch_evidence,tooling,oracle_or_configuration,0.58
256,pr,https://github.com/lowRISC/ibex/pull/256,fetch_evidence,verification,permission_or_state,0.58
339,pr,https://github.com/lowRISC/ibex/pull/339,fetch_evidence,verification_interface,reported_mismatch,0.58
342,pr,https://github.com/lowRISC/ibex/pull/342,fetch_evidence,tooling,routine_or_capability,0.58
344,pr,https://github.com/lowRISC/ibex/pull/344,fetch_evidence,verification,sparse_or_mixed,0.58
439,pr,https://github.com/lowRISC/ibex/pull/439,fetch_evidence,rtl,sparse_or_mixed,0.58
441,pr,https://github.com/lowRISC/ibex/pull/441,fetch_evidence,verification,sparse_or_mixed,0.58
472,pr,https://github.com/lowRISC/ibex/pull/472,fetch_evidence,verification_interface,boundary_or_ordering,0.58
476,pr,https://github.com/lowRISC/ibex/pull/476,fetch_evidence,verification,sparse_or_mixed,0.58
483,pr,https://github.com/lowRISC/ibex/pull/483,fetch_evidence,verification,permission_or_state,0.58
538,pr,https://github.com/lowRISC/ibex/pull/538,fetch_evidence,tooling,routine_or_capability,0.58
570,pr,https://github.com/lowRISC/ibex/pull/570,fetch_evidence,rtl,oracle_or_configuration,0.58
577,pr,https://github.com/lowRISC/ibex/pull/577,fetch_evidence,rtl,permission_or_state,0.58
592,pr,https://github.com/lowRISC/ibex/pull/592,fetch_evidence,verification_interface,sparse_or_mixed,0.58
599,pr,https://github.com/lowRISC/ibex/pull/599,fetch_evidence,verification,oracle_or_configuration,0.58
629,pr,https://github.com/lowRISC/ibex/pull/629,fetch_evidence,tooling,sparse_or_mixed,0.58
639,pr,https://github.com/lowRISC/ibex/pull/639,fetch_evidence,verification,routine_or_capability,0.58
671,issue,https://github.com/lowRISC/ibex/issues/671,fetch_evidence,verification,sparse_or_mixed,0.58
677,pr,https://github.com/lowRISC/ibex/pull/677,fetch_evidence,tooling,oracle_or_configuration,0.58
704,pr,https://github.com/lowRISC/ibex/pull/704,fetch_evidence,verification,oracle_or_configuration,0.58
735,issue,https://github.com/lowRISC/ibex/issues/735,fetch_evidence,tooling,oracle_or_configuration,0.58
772,pr,https://github.com/lowRISC/ibex/pull/772,fetch_evidence,tooling,sparse_or_mixed,0.58
791,pr,https://github.com/lowRISC/ibex/pull/791,fetch_evidence,rtl,sparse_or_mixed,0.58
944,pr,https://github.com/lowRISC/ibex/pull/944,fetch_evidence,rtl,boundary_or_ordering,0.58
973,pr,https://github.com/lowRISC/ibex/pull/973,fetch_evidence,tooling,oracle_or_configuration,0.58
974,pr,https://github.com/lowRISC/ibex/pull/974,fetch_evidence,rtl,boundary_or_ordering,0.58
990,pr,https://github.com/lowRISC/ibex/pull/990,fetch_evidence,rtl,reported_mismatch,0.58
1013,pr,https://github.com/lowRISC/ibex/pull/1013,fetch_evidence,tooling,oracle_or_configuration,0.58
1020,pr,https://github.com/lowRISC/ibex/pull/1020,fetch_evidence,tooling,sparse_or_mixed,0.58
1024,pr,https://github.com/lowRISC/ibex/pull/1024,fetch_evidence,rtl,sparse_or_mixed,0.58
1031,pr,https://github.com/lowRISC/ibex/pull/1031,fetch_evidence,tooling,oracle_or_configuration,0.58
1038,issue,https://github.com/lowRISC/ibex/issues/1038,fetch_evidence,verification,oracle_or_configuration,0.58
1056,pr,https://github.com/lowRISC/ibex/pull/1056,fetch_evidence,integration,oracle_or_configuration,0.58
1097,issue,https://github.com/lowRISC/ibex/issues/1097,fetch_evidence,rtl,boundary_or_ordering,0.58
1099,pr,https://github.com/lowRISC/ibex/pull/1099,fetch_evidence,verification,sparse_or_mixed,0.58
1184,pr,https://github.com/lowRISC/ibex/pull/1184,fetch_evidence,verification,sparse_or_mixed,0.58
1194,issue,https://github.com/lowRISC/ibex/issues/1194,fetch_evidence,tooling,reported_mismatch,0.58
1227,issue,https://github.com/lowRISC/ibex/issues/1227,fetch_evidence,tooling,sparse_or_mixed,0.58
1232,pr,https://github.com/lowRISC/ibex/pull/1232,fetch_evidence,rtl,permission_or_state,0.58
1235,issue,https://github.com/lowRISC/ibex/issues/1235,fetch_evidence,verification,oracle_or_configuration,0.58
1258,pr,https://github.com/lowRISC/ibex/pull/1258,fetch_evidence,tooling,sparse_or_mixed,0.58
1259,pr,https://github.com/lowRISC/ibex/pull/1259,fetch_evidence,verification_interface,oracle_or_configuration,0.58
1283,pr,https://github.com/lowRISC/ibex/pull/1283,fetch_evidence,rtl,reported_mismatch,0.58
1374,pr,https://github.com/lowRISC/ibex/pull/1374,fetch_evidence,tooling,boundary_or_ordering,0.58
1390,issue,https://github.com/lowRISC/ibex/issues/1390,fetch_evidence,tooling,reported_mismatch,0.58
1412,pr,https://github.com/lowRISC/ibex/pull/1412,fetch_evidence,rtl,boundary_or_ordering,0.58
1413,issue,https://github.com/lowRISC/ibex/issues/1413,fetch_evidence,feature,reported_mismatch,0.58
1427,pr,https://github.com/lowRISC/ibex/pull/1427,fetch_evidence,tooling,permission_or_state,0.58
1457,issue,https://github.com/lowRISC/ibex/issues/1457,fetch_evidence,verification,sparse_or_mixed,0.58
1460,pr,https://github.com/lowRISC/ibex/pull/1460,fetch_evidence,feature,routine_or_capability,0.58
1600,pr,https://github.com/lowRISC/ibex/pull/1600,fetch_evidence,verification,oracle_or_configuration,0.58
1647,pr,https://github.com/lowRISC/ibex/pull/1647,fetch_evidence,verification_interface,oracle_or_configuration,0.58
1700,pr,https://github.com/lowRISC/ibex/pull/1700,fetch_evidence,verification,boundary_or_ordering,0.58
1717,pr,https://github.com/lowRISC/ibex/pull/1717,fetch_evidence,verification,sparse_or_mixed,0.58
1725,pr,https://github.com/lowRISC/ibex/pull/1725,fetch_evidence,verification,transaction,0.58
1734,pr,https://github.com/lowRISC/ibex/pull/1734,fetch_evidence,verification,oracle_or_configuration,0.58
1757,issue,https://github.com/lowRISC/ibex/issues/1757,fetch_evidence,verification,oracle_or_configuration,0.58
1795,issue,https://github.com/lowRISC/ibex/issues/1795,fetch_evidence,verification,permission_or_state,0.58
1891,pr,https://github.com/lowRISC/ibex/pull/1891,fetch_evidence,verification,oracle_or_configuration,0.58
1893,issue,https://github.com/lowRISC/ibex/issues/1893,fetch_evidence,tooling,sparse_or_mixed,0.58
1917,pr,https://github.com/lowRISC/ibex/pull/1917,fetch_evidence,verification,boundary_or_ordering,0.58
1971,pr,https://github.com/lowRISC/ibex/pull/1971,fetch_evidence,tooling,boundary_or_ordering,0.58
2020,pr,https://github.com/lowRISC/ibex/pull/2020,fetch_evidence,rtl,permission_or_state,0.58
2033,pr,https://github.com/lowRISC/ibex/pull/2033,fetch_evidence,tooling,sparse_or_mixed,0.58
2034,pr,https://github.com/lowRISC/ibex/pull/2034,fetch_evidence,tooling,boundary_or_ordering,0.58
2069,issue,https://github.com/lowRISC/ibex/issues/2069,fetch_evidence,verification_interface,reported_mismatch,0.58
2112,pr,https://github.com/lowRISC/ibex/pull/2112,fetch_evidence,tooling,boundary_or_ordering,0.58
2119,pr,https://github.com/lowRISC/ibex/pull/2119,fetch_evidence,tooling,sparse_or_mixed,0.58
2157,pr,https://github.com/lowRISC/ibex/pull/2157,fetch_evidence,tooling,oracle_or_configuration,0.58
2173,issue,https://github.com/lowRISC/ibex/issues/2173,fetch_evidence,verification,oracle_or_configuration,0.58
2174,issue,https://github.com/lowRISC/ibex/issues/2174,fetch_evidence,verification,oracle_or_configuration,0.58
2210,issue,https://github.com/lowRISC/ibex/issues/2210,fetch_evidence,verification,reported_mismatch,0.58
2233,issue,https://github.com/lowRISC/ibex/issues/2233,fetch_evidence,verification,permission_or_state,0.58
2296,pr,https://github.com/lowRISC/ibex/pull/2296,fetch_evidence,rtl,sparse_or_mixed,0.58
2382,pr,https://github.com/lowRISC/ibex/pull/2382,fetch_evidence,rtl,boundary_or_ordering,0.58
2494,pr,https://github.com/lowRISC/ibex/pull/2494,fetch_evidence,tooling,reported_mismatch,0.58
25,issue,https://github.com/lowRISC/ibex/issues/25,fetch_evidence,rtl,sparse_or_mixed,0.57
113,pr,https://github.com/lowRISC/ibex/pull/113,fetch_evidence,verification_interface,sparse_or_mixed,0.57
127,pr,https://github.com/lowRISC/ibex/pull/127,fetch_evidence,verification,permission_or_state,0.57
259,pr,https://github.com/lowRISC/ibex/pull/259,fetch_evidence,verification,oracle_or_configuration,0.57
277,pr,https://github.com/lowRISC/ibex/pull/277,fetch_evidence,rtl,permission_or_state,0.57
286,pr,https://github.com/lowRISC/ibex/pull/286,fetch_evidence,rtl,permission_or_state,0.57
353,pr,https://github.com/lowRISC/ibex/pull/353,fetch_evidence,verification,permission_or_state,0.57
375,pr,https://github.com/lowRISC/ibex/pull/375,fetch_evidence,tooling,reported_mismatch,0.57
391,issue,https://github.com/lowRISC/ibex/issues/391,fetch_evidence,rtl,reported_mismatch,0.57
420,issue,https://github.com/lowRISC/ibex/issues/420,fetch_evidence,rtl,routine_or_capability,0.57
443,pr,https://github.com/lowRISC/ibex/pull/443,fetch_evidence,verification,routine_or_capability,0.57
458,pr,https://github.com/lowRISC/ibex/pull/458,fetch_evidence,verification,oracle_or_configuration,0.57
481,pr,https://github.com/lowRISC/ibex/pull/481,fetch_evidence,verification,permission_or_state,0.57
498,pr,https://github.com/lowRISC/ibex/pull/498,fetch_evidence,verification,reported_mismatch,0.57
501,issue,https://github.com/lowRISC/ibex/issues/501,fetch_evidence,tooling,sparse_or_mixed,0.57
530,pr,https://github.com/lowRISC/ibex/pull/530,fetch_evidence,verification,reported_mismatch,0.57
582,pr,https://github.com/lowRISC/ibex/pull/582,fetch_evidence,tooling,reported_mismatch,0.57
651,issue,https://github.com/lowRISC/ibex/issues/651,fetch_evidence,rtl,routine_or_capability,0.57
664,issue,https://github.com/lowRISC/ibex/issues/664,fetch_evidence,integration,routine_or_capability,0.57
683,pr,https://github.com/lowRISC/ibex/pull/683,fetch_evidence,rtl,routine_or_capability,0.57
692,pr,https://github.com/lowRISC/ibex/pull/692,fetch_evidence,tooling,oracle_or_configuration,0.57
717,pr,https://github.com/lowRISC/ibex/pull/717,fetch_evidence,rtl,permission_or_state,0.57
731,pr,https://github.com/lowRISC/ibex/pull/731,fetch_evidence,rtl,reported_mismatch,0.57
738,pr,https://github.com/lowRISC/ibex/pull/738,fetch_evidence,verification,oracle_or_configuration,0.57
767,pr,https://github.com/lowRISC/ibex/pull/767,fetch_evidence,verification,oracle_or_configuration,0.57
768,pr,https://github.com/lowRISC/ibex/pull/768,fetch_evidence,tooling,oracle_or_configuration,0.57
850,issue,https://github.com/lowRISC/ibex/issues/850,fetch_evidence,rtl,reported_mismatch,0.57
917,pr,https://github.com/lowRISC/ibex/pull/917,fetch_evidence,rtl,oracle_or_configuration,0.57
936,pr,https://github.com/lowRISC/ibex/pull/936,fetch_evidence,verification,routine_or_capability,0.57
980,pr,https://github.com/lowRISC/ibex/pull/980,fetch_evidence,tooling,sparse_or_mixed,0.57
1012,pr,https://github.com/lowRISC/ibex/pull/1012,fetch_evidence,rtl,oracle_or_configuration,0.57
1126,pr,https://github.com/lowRISC/ibex/pull/1126,fetch_evidence,rtl,routine_or_capability,0.57
1220,issue,https://github.com/lowRISC/ibex/issues/1220,fetch_evidence,verification,oracle_or_configuration,0.57
1239,pr,https://github.com/lowRISC/ibex/pull/1239,fetch_evidence,verification,routine_or_capability,0.57
1248,issue,https://github.com/lowRISC/ibex/issues/1248,fetch_evidence,verification,oracle_or_configuration,0.57
1327,pr,https://github.com/lowRISC/ibex/pull/1327,fetch_evidence,verification,transaction,0.57
1385,issue,https://github.com/lowRISC/ibex/issues/1385,fetch_evidence,verification,reported_mismatch,0.57
1423,issue,https://github.com/lowRISC/ibex/issues/1423,fetch_evidence,feature,routine_or_capability,0.57
1475,issue,https://github.com/lowRISC/ibex/issues/1475,fetch_evidence,tooling,oracle_or_configuration,0.57
1512,pr,https://github.com/lowRISC/ibex/pull/1512,fetch_evidence,rtl,permission_or_state,0.57
1554,pr,https://github.com/lowRISC/ibex/pull/1554,fetch_evidence,tooling,reported_mismatch,0.57
1609,pr,https://github.com/lowRISC/ibex/pull/1609,fetch_evidence,tooling,oracle_or_configuration,0.57
1610,pr,https://github.com/lowRISC/ibex/pull/1610,fetch_evidence,tooling,routine_or_capability,0.57
1611,pr,https://github.com/lowRISC/ibex/pull/1611,fetch_evidence,tooling,routine_or_capability,0.57
1642,pr,https://github.com/lowRISC/ibex/pull/1642,fetch_evidence,tooling,sparse_or_mixed,0.57
1670,pr,https://github.com/lowRISC/ibex/pull/1670,fetch_evidence,verification,routine_or_capability,0.57
1689,pr,https://github.com/lowRISC/ibex/pull/1689,fetch_evidence,verification,boundary_or_ordering,0.57
1697,issue,https://github.com/lowRISC/ibex/issues/1697,fetch_evidence,verification,oracle_or_configuration,0.57
1708,pr,https://github.com/lowRISC/ibex/pull/1708,fetch_evidence,tooling,sparse_or_mixed,0.57
1714,pr,https://github.com/lowRISC/ibex/pull/1714,fetch_evidence,verification,routine_or_capability,0.57
1729,pr,https://github.com/lowRISC/ibex/pull/1729,fetch_evidence,verification,oracle_or_configuration,0.57
1741,issue,https://github.com/lowRISC/ibex/issues/1741,fetch_evidence,verification,permission_or_state,0.57
1779,pr,https://github.com/lowRISC/ibex/pull/1779,fetch_evidence,verification,routine_or_capability,0.57
1786,pr,https://github.com/lowRISC/ibex/pull/1786,fetch_evidence,tooling,sparse_or_mixed,0.57
1808,pr,https://github.com/lowRISC/ibex/pull/1808,fetch_evidence,verification,oracle_or_configuration,0.57
1818,pr,https://github.com/lowRISC/ibex/pull/1818,fetch_evidence,verification,oracle_or_configuration,0.57
1821,pr,https://github.com/lowRISC/ibex/pull/1821,fetch_evidence,verification,oracle_or_configuration,0.57
1833,pr,https://github.com/lowRISC/ibex/pull/1833,fetch_evidence,verification,routine_or_capability,0.57
1836,issue,https://github.com/lowRISC/ibex/issues/1836,fetch_evidence,tooling,reported_mismatch,0.57
1852,issue,https://github.com/lowRISC/ibex/issues/1852,fetch_evidence,verification,oracle_or_configuration,0.57
1873,pr,https://github.com/lowRISC/ibex/pull/1873,fetch_evidence,verification,oracle_or_configuration,0.57
1925,issue,https://github.com/lowRISC/ibex/issues/1925,fetch_evidence,verification,oracle_or_configuration,0.57
1945,pr,https://github.com/lowRISC/ibex/pull/1945,fetch_evidence,verification,routine_or_capability,0.57
1949,pr,https://github.com/lowRISC/ibex/pull/1949,fetch_evidence,verification,oracle_or_configuration,0.57
1973,issue,https://github.com/lowRISC/ibex/issues/1973,fetch_evidence,rtl,permission_or_state,0.57
1983,pr,https://github.com/lowRISC/ibex/pull/1983,fetch_evidence,verification,oracle_or_configuration,0.57
1986,issue,https://github.com/lowRISC/ibex/issues/1986,fetch_evidence,tooling,reported_mismatch,0.57
2013,pr,https://github.com/lowRISC/ibex/pull/2013,fetch_evidence,tooling,oracle_or_configuration,0.57
2081,pr,https://github.com/lowRISC/ibex/pull/2081,fetch_evidence,tooling,sparse_or_mixed,0.57
2102,pr,https://github.com/lowRISC/ibex/pull/2102,fetch_evidence,verification,oracle_or_configuration,0.57
2103,pr,https://github.com/lowRISC/ibex/pull/2103,fetch_evidence,tooling,sparse_or_mixed,0.57
2118,pr,https://github.com/lowRISC/ibex/pull/2118,fetch_evidence,tooling,boundary_or_ordering,0.57
2121,pr,https://github.com/lowRISC/ibex/pull/2121,fetch_evidence,tooling,reported_mismatch,0.57
2170,pr,https://github.com/lowRISC/ibex/pull/2170,fetch_evidence,rtl,sparse_or_mixed,0.57
2175,issue,https://github.com/lowRISC/ibex/issues/2175,fetch_evidence,verification,oracle_or_configuration,0.57
2299,pr,https://github.com/lowRISC/ibex/pull/2299,fetch_evidence,verification,routine_or_capability,0.57
2449,pr,https://github.com/lowRISC/ibex/pull/2449,fetch_evidence,rtl,boundary_or_ordering,0.57
2501,pr,https://github.com/lowRISC/ibex/pull/2501,fetch_evidence,verification,reported_mismatch,0.57
33,issue,https://github.com/lowRISC/ibex/issues/33,fetch_evidence,rtl,sparse_or_mixed,0.56
48,pr,https://github.com/lowRISC/ibex/pull/48,fetch_evidence,rtl,sparse_or_mixed,0.56
49,pr,https://github.com/lowRISC/ibex/pull/49,fetch_evidence,rtl,routine_or_capability,0.56
138,issue,https://github.com/lowRISC/ibex/issues/138,fetch_evidence,rtl,routine_or_capability,0.56
152,pr,https://github.com/lowRISC/ibex/pull/152,fetch_evidence,tooling,routine_or_capability,0.56
227,pr,https://github.com/lowRISC/ibex/pull/227,fetch_evidence,tooling,routine_or_capability,0.56
228,issue,https://github.com/lowRISC/ibex/issues/228,fetch_evidence,verification,oracle_or_configuration,0.56
237,issue,https://github.com/lowRISC/ibex/issues/237,fetch_evidence,verification_interface,reported_mismatch,0.56
240,pr,https://github.com/lowRISC/ibex/pull/240,fetch_evidence,tooling,reported_mismatch,0.56
257,pr,https://github.com/lowRISC/ibex/pull/257,fetch_evidence,verification,sparse_or_mixed,0.56
258,issue,https://github.com/lowRISC/ibex/issues/258,fetch_evidence,verification_interface,boundary_or_ordering,0.56
335,pr,https://github.com/lowRISC/ibex/pull/335,fetch_evidence,rtl,boundary_or_ordering,0.56
350,pr,https://github.com/lowRISC/ibex/pull/350,fetch_evidence,tooling,sparse_or_mixed,0.56
473,issue,https://github.com/lowRISC/ibex/issues/473,fetch_evidence,rtl,reported_mismatch,0.56
543,pr,https://github.com/lowRISC/ibex/pull/543,fetch_evidence,tooling,routine_or_capability,0.56
544,pr,https://github.com/lowRISC/ibex/pull/544,fetch_evidence,tooling,routine_or_capability,0.56
566,pr,https://github.com/lowRISC/ibex/pull/566,fetch_evidence,tooling,routine_or_capability,0.56
571,pr,https://github.com/lowRISC/ibex/pull/571,fetch_evidence,rtl,routine_or_capability,0.56
572,pr,https://github.com/lowRISC/ibex/pull/572,fetch_evidence,tooling,sparse_or_mixed,0.56
594,pr,https://github.com/lowRISC/ibex/pull/594,fetch_evidence,tooling,sparse_or_mixed,0.56
597,issue,https://github.com/lowRISC/ibex/issues/597,fetch_evidence,tooling,reported_mismatch,0.56
607,issue,https://github.com/lowRISC/ibex/issues/607,fetch_evidence,rtl,sparse_or_mixed,0.56
619,issue,https://github.com/lowRISC/ibex/issues/619,fetch_evidence,verification_interface,oracle_or_configuration,0.56
641,pr,https://github.com/lowRISC/ibex/pull/641,fetch_evidence,tooling,sparse_or_mixed,0.56
666,pr,https://github.com/lowRISC/ibex/pull/666,fetch_evidence,rtl,boundary_or_ordering,0.56
670,issue,https://github.com/lowRISC/ibex/issues/670,fetch_evidence,tooling,oracle_or_configuration,0.56
711,pr,https://github.com/lowRISC/ibex/pull/711,fetch_evidence,verification,routine_or_capability,0.56
725,pr,https://github.com/lowRISC/ibex/pull/725,fetch_evidence,rtl,routine_or_capability,0.56
755,pr,https://github.com/lowRISC/ibex/pull/755,fetch_evidence,tooling,oracle_or_configuration,0.56
762,pr,https://github.com/lowRISC/ibex/pull/762,fetch_evidence,verification,routine_or_capability,0.56
769,issue,https://github.com/lowRISC/ibex/issues/769,fetch_evidence,verification,reported_mismatch,0.56
814,pr,https://github.com/lowRISC/ibex/pull/814,fetch_evidence,verification,reported_mismatch,0.56
831,pr,https://github.com/lowRISC/ibex/pull/831,fetch_evidence,verification,oracle_or_configuration,0.56
900,issue,https://github.com/lowRISC/ibex/issues/900,fetch_evidence,verification,oracle_or_configuration,0.56
903,pr,https://github.com/lowRISC/ibex/pull/903,fetch_evidence,rtl,permission_or_state,0.56
905,pr,https://github.com/lowRISC/ibex/pull/905,fetch_evidence,rtl,oracle_or_configuration,0.56
932,pr,https://github.com/lowRISC/ibex/pull/932,fetch_evidence,tooling,sparse_or_mixed,0.56
938,pr,https://github.com/lowRISC/ibex/pull/938,fetch_evidence,tooling,sparse_or_mixed,0.56
1017,pr,https://github.com/lowRISC/ibex/pull/1017,fetch_evidence,tooling,routine_or_capability,0.56
1046,pr,https://github.com/lowRISC/ibex/pull/1046,fetch_evidence,tooling,reported_mismatch,0.56
1100,pr,https://github.com/lowRISC/ibex/pull/1100,fetch_evidence,tooling,sparse_or_mixed,0.56
1103,issue,https://github.com/lowRISC/ibex/issues/1103,fetch_evidence,feature,oracle_or_configuration,0.56
1116,issue,https://github.com/lowRISC/ibex/issues/1116,fetch_evidence,tooling,routine_or_capability,0.56
1152,pr,https://github.com/lowRISC/ibex/pull/1152,fetch_evidence,tooling,reported_mismatch,0.56
1199,pr,https://github.com/lowRISC/ibex/pull/1199,fetch_evidence,verification,routine_or_capability,0.56
1201,pr,https://github.com/lowRISC/ibex/pull/1201,fetch_evidence,tooling,oracle_or_configuration,0.56
1276,pr,https://github.com/lowRISC/ibex/pull/1276,fetch_evidence,tooling,oracle_or_configuration,0.56
1290,pr,https://github.com/lowRISC/ibex/pull/1290,fetch_evidence,tooling,sparse_or_mixed,0.56
1410,pr,https://github.com/lowRISC/ibex/pull/1410,fetch_evidence,tooling,oracle_or_configuration,0.56
1419,issue,https://github.com/lowRISC/ibex/issues/1419,fetch_evidence,feature,routine_or_capability,0.56
1490,pr,https://github.com/lowRISC/ibex/pull/1490,fetch_evidence,verification,reported_mismatch,0.56
1513,pr,https://github.com/lowRISC/ibex/pull/1513,fetch_evidence,rtl,sparse_or_mixed,0.56
1514,issue,https://github.com/lowRISC/ibex/issues/1514,fetch_evidence,rtl,routine_or_capability,0.56
1617,pr,https://github.com/lowRISC/ibex/pull/1617,fetch_evidence,verification_interface,oracle_or_configuration,0.56
1632,pr,https://github.com/lowRISC/ibex/pull/1632,fetch_evidence,rtl,oracle_or_configuration,0.56
1644,pr,https://github.com/lowRISC/ibex/pull/1644,fetch_evidence,tooling,reported_mismatch,0.56
1677,pr,https://github.com/lowRISC/ibex/pull/1677,fetch_evidence,verification,reported_mismatch,0.56
1688,pr,https://github.com/lowRISC/ibex/pull/1688,fetch_evidence,verification,routine_or_capability,0.56
1704,issue,https://github.com/lowRISC/ibex/issues/1704,fetch_evidence,verification,oracle_or_configuration,0.56
1718,issue,https://github.com/lowRISC/ibex/issues/1718,fetch_evidence,verification,oracle_or_configuration,0.56
1721,pr,https://github.com/lowRISC/ibex/pull/1721,fetch_evidence,verification,oracle_or_configuration,0.56
1726,pr,https://github.com/lowRISC/ibex/pull/1726,fetch_evidence,verification,oracle_or_configuration,0.56
1759,issue,https://github.com/lowRISC/ibex/issues/1759,fetch_evidence,verification,oracle_or_configuration,0.56
1778,issue,https://github.com/lowRISC/ibex/issues/1778,fetch_evidence,tooling,routine_or_capability,0.56
1832,pr,https://github.com/lowRISC/ibex/pull/1832,fetch_evidence,tooling,routine_or_capability,0.56
1838,pr,https://github.com/lowRISC/ibex/pull/1838,fetch_evidence,tooling,sparse_or_mixed,0.56
1845,pr,https://github.com/lowRISC/ibex/pull/1845,fetch_evidence,verification,routine_or_capability,0.56
1851,issue,https://github.com/lowRISC/ibex/issues/1851,fetch_evidence,verification,reported_mismatch,0.56
1857,issue,https://github.com/lowRISC/ibex/issues/1857,fetch_evidence,verification,sparse_or_mixed,0.56
1895,pr,https://github.com/lowRISC/ibex/pull/1895,fetch_evidence,verification,oracle_or_configuration,0.56
2012,issue,https://github.com/lowRISC/ibex/issues/2012,fetch_evidence,tooling,reported_mismatch,0.56
2047,issue,https://github.com/lowRISC/ibex/issues/2047,fetch_evidence,verification,oracle_or_configuration,0.56
2058,issue,https://github.com/lowRISC/ibex/issues/2058,fetch_evidence,tooling,reported_mismatch,0.56
2141,pr,https://github.com/lowRISC/ibex/pull/2141,fetch_evidence,tooling,reported_mismatch,0.56
2209,pr,https://github.com/lowRISC/ibex/pull/2209,fetch_evidence,verification,sparse_or_mixed,0.56
2227,pr,https://github.com/lowRISC/ibex/pull/2227,fetch_evidence,tooling,sparse_or_mixed,0.56
2244,issue,https://github.com/lowRISC/ibex/issues/2244,fetch_evidence,verification,reported_mismatch,0.56
2266,pr,https://github.com/lowRISC/ibex/pull/2266,fetch_evidence,rtl,routine_or_capability,0.56
2269,pr,https://github.com/lowRISC/ibex/pull/2269,fetch_evidence,rtl,sparse_or_mixed,0.56
2303,pr,https://github.com/lowRISC/ibex/pull/2303,fetch_evidence,tooling,oracle_or_configuration,0.56
2313,pr,https://github.com/lowRISC/ibex/pull/2313,fetch_evidence,rtl,sparse_or_mixed,0.56
2348,pr,https://github.com/lowRISC/ibex/pull/2348,fetch_evidence,feature,routine_or_capability,0.56
2392,pr,https://github.com/lowRISC/ibex/pull/2392,fetch_evidence,rtl,permission_or_state,0.56
2398,pr,https://github.com/lowRISC/ibex/pull/2398,fetch_evidence,verification,oracle_or_configuration,0.56
9,pr,https://github.com/lowRISC/ibex/pull/9,fetch_evidence,tooling,routine_or_capability,0.55
29,issue,https://github.com/lowRISC/ibex/issues/29,fetch_evidence,feature,routine_or_capability,0.55
41,issue,https://github.com/lowRISC/ibex/issues/41,fetch_evidence,tooling,sparse_or_mixed,0.55
128,pr,https://github.com/lowRISC/ibex/pull/128,fetch_evidence,tooling,permission_or_state,0.55
196,pr,https://github.com/lowRISC/ibex/pull/196,fetch_evidence,rtl,sparse_or_mixed,0.55
217,issue,https://github.com/lowRISC/ibex/issues/217,fetch_evidence,verification_interface,oracle_or_configuration,0.55
224,pr,https://github.com/lowRISC/ibex/pull/224,fetch_evidence,rtl,transaction,0.55
248,pr,https://github.com/lowRISC/ibex/pull/248,fetch_evidence,rtl,sparse_or_mixed,0.55
249,pr,https://github.com/lowRISC/ibex/pull/249,fetch_evidence,rtl,transaction,0.55
327,pr,https://github.com/lowRISC/ibex/pull/327,fetch_evidence,tooling,sparse_or_mixed,0.55
390,pr,https://github.com/lowRISC/ibex/pull/390,fetch_evidence,tooling,sparse_or_mixed,0.55
411,pr,https://github.com/lowRISC/ibex/pull/411,fetch_evidence,feature,routine_or_capability,0.55
447,pr,https://github.com/lowRISC/ibex/pull/447,fetch_evidence,verification,oracle_or_configuration,0.55
449,pr,https://github.com/lowRISC/ibex/pull/449,fetch_evidence,verification,oracle_or_configuration,0.55
453,pr,https://github.com/lowRISC/ibex/pull/453,fetch_evidence,verification,routine_or_capability,0.55
460,pr,https://github.com/lowRISC/ibex/pull/460,fetch_evidence,verification,sparse_or_mixed,0.55
555,pr,https://github.com/lowRISC/ibex/pull/555,fetch_evidence,rtl,routine_or_capability,0.55
600,pr,https://github.com/lowRISC/ibex/pull/600,fetch_evidence,tooling,routine_or_capability,0.55
626,pr,https://github.com/lowRISC/ibex/pull/626,fetch_evidence,tooling,oracle_or_configuration,0.55
650,issue,https://github.com/lowRISC/ibex/issues/650,fetch_evidence,rtl,reported_mismatch,0.55
652,issue,https://github.com/lowRISC/ibex/issues/652,fetch_evidence,feature,routine_or_capability,0.55
697,pr,https://github.com/lowRISC/ibex/pull/697,fetch_evidence,verification,sparse_or_mixed,0.55
701,pr,https://github.com/lowRISC/ibex/pull/701,fetch_evidence,tooling,sparse_or_mixed,0.55
707,pr,https://github.com/lowRISC/ibex/pull/707,fetch_evidence,rtl,boundary_or_ordering,0.55
733,pr,https://github.com/lowRISC/ibex/pull/733,fetch_evidence,verification,routine_or_capability,0.55
736,issue,https://github.com/lowRISC/ibex/issues/736,fetch_evidence,tooling,oracle_or_configuration,0.55
742,pr,https://github.com/lowRISC/ibex/pull/742,fetch_evidence,rtl,boundary_or_ordering,0.55
792,pr,https://github.com/lowRISC/ibex/pull/792,fetch_evidence,rtl,transaction,0.55
807,pr,https://github.com/lowRISC/ibex/pull/807,fetch_evidence,verification,oracle_or_configuration,0.55
811,pr,https://github.com/lowRISC/ibex/pull/811,fetch_evidence,verification,sparse_or_mixed,0.55
855,pr,https://github.com/lowRISC/ibex/pull/855,fetch_evidence,verification,boundary_or_ordering,0.55
870,pr,https://github.com/lowRISC/ibex/pull/870,fetch_evidence,rtl,routine_or_capability,0.55
878,pr,https://github.com/lowRISC/ibex/pull/878,fetch_evidence,rtl,sparse_or_mixed,0.55
888,pr,https://github.com/lowRISC/ibex/pull/888,fetch_evidence,verification,routine_or_capability,0.55
899,issue,https://github.com/lowRISC/ibex/issues/899,fetch_evidence,verification_interface,routine_or_capability,0.55
906,pr,https://github.com/lowRISC/ibex/pull/906,fetch_evidence,verification,sparse_or_mixed,0.55
930,issue,https://github.com/lowRISC/ibex/issues/930,fetch_evidence,tooling,sparse_or_mixed,0.55
942,pr,https://github.com/lowRISC/ibex/pull/942,fetch_evidence,verification_interface,routine_or_capability,0.55
945,pr,https://github.com/lowRISC/ibex/pull/945,fetch_evidence,verification,boundary_or_ordering,0.55
977,pr,https://github.com/lowRISC/ibex/pull/977,fetch_evidence,tooling,oracle_or_configuration,0.55
1032,pr,https://github.com/lowRISC/ibex/pull/1032,fetch_evidence,rtl,oracle_or_configuration,0.55
1048,issue,https://github.com/lowRISC/ibex/issues/1048,fetch_evidence,rtl,sparse_or_mixed,0.55
1050,pr,https://github.com/lowRISC/ibex/pull/1050,fetch_evidence,verification,routine_or_capability,0.55
1067,pr,https://github.com/lowRISC/ibex/pull/1067,fetch_evidence,verification,oracle_or_configuration,0.55
1079,issue,https://github.com/lowRISC/ibex/issues/1079,fetch_evidence,tooling,oracle_or_configuration,0.55
1109,pr,https://github.com/lowRISC/ibex/pull/1109,fetch_evidence,rtl,routine_or_capability,0.55
1195,pr,https://github.com/lowRISC/ibex/pull/1195,fetch_evidence,verification_interface,oracle_or_configuration,0.55
1242,pr,https://github.com/lowRISC/ibex/pull/1242,fetch_evidence,verification_interface,sparse_or_mixed,0.55
1318,pr,https://github.com/lowRISC/ibex/pull/1318,fetch_evidence,rtl,oracle_or_configuration,0.55
1382,pr,https://github.com/lowRISC/ibex/pull/1382,fetch_evidence,verification,sparse_or_mixed,0.55
1461,issue,https://github.com/lowRISC/ibex/issues/1461,fetch_evidence,tooling,reported_mismatch,0.55
1526,issue,https://github.com/lowRISC/ibex/issues/1526,fetch_evidence,tooling,reported_mismatch,0.55
1534,pr,https://github.com/lowRISC/ibex/pull/1534,fetch_evidence,integration,routine_or_capability,0.55
1545,pr,https://github.com/lowRISC/ibex/pull/1545,fetch_evidence,verification,oracle_or_configuration,0.55
1559,pr,https://github.com/lowRISC/ibex/pull/1559,fetch_evidence,verification,routine_or_capability,0.55
1576,pr,https://github.com/lowRISC/ibex/pull/1576,fetch_evidence,tooling,oracle_or_configuration,0.55
1631,pr,https://github.com/lowRISC/ibex/pull/1631,fetch_evidence,tooling,routine_or_capability,0.55
1633,pr,https://github.com/lowRISC/ibex/pull/1633,fetch_evidence,verification,sparse_or_mixed,0.55
1680,pr,https://github.com/lowRISC/ibex/pull/1680,fetch_evidence,verification_interface,boundary_or_ordering,0.55
1813,pr,https://github.com/lowRISC/ibex/pull/1813,fetch_evidence,rtl,permission_or_state,0.55
1894,pr,https://github.com/lowRISC/ibex/pull/1894,fetch_evidence,verification,boundary_or_ordering,0.55
1896,pr,https://github.com/lowRISC/ibex/pull/1896,fetch_evidence,verification,reported_mismatch,0.55
1939,pr,https://github.com/lowRISC/ibex/pull/1939,fetch_evidence,tooling,routine_or_capability,0.55
1996,pr,https://github.com/lowRISC/ibex/pull/1996,fetch_evidence,tooling,boundary_or_ordering,0.55
2051,pr,https://github.com/lowRISC/ibex/pull/2051,fetch_evidence,verification,oracle_or_configuration,0.55
2137,pr,https://github.com/lowRISC/ibex/pull/2137,fetch_evidence,tooling,reported_mismatch,0.55
2151,pr,https://github.com/lowRISC/ibex/pull/2151,fetch_evidence,verification,sparse_or_mixed,0.55
2250,pr,https://github.com/lowRISC/ibex/pull/2250,fetch_evidence,rtl,boundary_or_ordering,0.55
2261,pr,https://github.com/lowRISC/ibex/pull/2261,fetch_evidence,rtl,reported_mismatch,0.55
2376,pr,https://github.com/lowRISC/ibex/pull/2376,fetch_evidence,rtl,routine_or_capability,0.55
2485,pr,https://github.com/lowRISC/ibex/pull/2485,fetch_evidence,rtl,sparse_or_mixed,0.55
2505,pr,https://github.com/lowRISC/ibex/pull/2505,fetch_evidence,tooling,oracle_or_configuration,0.55
57,pr,https://github.com/lowRISC/ibex/pull/57,fetch_evidence,verification,routine_or_capability,0.54
75,issue,https://github.com/lowRISC/ibex/issues/75,fetch_evidence,rtl,reported_mismatch,0.54
76,pr,https://github.com/lowRISC/ibex/pull/76,fetch_evidence,verification_interface,sparse_or_mixed,0.54
310,issue,https://github.com/lowRISC/ibex/issues/310,fetch_evidence,rtl,boundary_or_ordering,0.54
319,pr,https://github.com/lowRISC/ibex/pull/319,fetch_evidence,tooling,routine_or_capability,0.54
371,pr,https://github.com/lowRISC/ibex/pull/371,fetch_evidence,verification,oracle_or_configuration,0.54
378,pr,https://github.com/lowRISC/ibex/pull/378,fetch_evidence,verification,oracle_or_configuration,0.54
383,pr,https://github.com/lowRISC/ibex/pull/383,fetch_evidence,tooling,routine_or_capability,0.54
410,pr,https://github.com/lowRISC/ibex/pull/410,fetch_evidence,verification,oracle_or_configuration,0.54
459,issue,https://github.com/lowRISC/ibex/issues/459,fetch_evidence,verification,oracle_or_configuration,0.54
495,issue,https://github.com/lowRISC/ibex/issues/495,fetch_evidence,feature,routine_or_capability,0.54
518,pr,https://github.com/lowRISC/ibex/pull/518,fetch_evidence,rtl,reported_mismatch,0.54
638,pr,https://github.com/lowRISC/ibex/pull/638,fetch_evidence,verification,oracle_or_configuration,0.54
668,issue,https://github.com/lowRISC/ibex/issues/668,fetch_evidence,rtl,routine_or_capability,0.54
676,pr,https://github.com/lowRISC/ibex/pull/676,fetch_evidence,verification,sparse_or_mixed,0.54
724,pr,https://github.com/lowRISC/ibex/pull/724,fetch_evidence,tooling,oracle_or_configuration,0.54
734,pr,https://github.com/lowRISC/ibex/pull/734,fetch_evidence,rtl,transaction,0.54
775,pr,https://github.com/lowRISC/ibex/pull/775,fetch_evidence,rtl,boundary_or_ordering,0.54
896,pr,https://github.com/lowRISC/ibex/pull/896,fetch_evidence,verification,oracle_or_configuration,0.54
898,pr,https://github.com/lowRISC/ibex/pull/898,fetch_evidence,verification,routine_or_capability,0.54
914,pr,https://github.com/lowRISC/ibex/pull/914,fetch_evidence,tooling,sparse_or_mixed,0.54
999,pr,https://github.com/lowRISC/ibex/pull/999,fetch_evidence,rtl,sparse_or_mixed,0.54
1008,pr,https://github.com/lowRISC/ibex/pull/1008,fetch_evidence,tooling,oracle_or_configuration,0.54
1087,pr,https://github.com/lowRISC/ibex/pull/1087,fetch_evidence,rtl,sparse_or_mixed,0.54
1089,pr,https://github.com/lowRISC/ibex/pull/1089,fetch_evidence,feature,routine_or_capability,0.54
1093,pr,https://github.com/lowRISC/ibex/pull/1093,fetch_evidence,rtl,sparse_or_mixed,0.54
1124,pr,https://github.com/lowRISC/ibex/pull/1124,fetch_evidence,tooling,sparse_or_mixed,0.54
1130,pr,https://github.com/lowRISC/ibex/pull/1130,fetch_evidence,rtl,reported_mismatch,0.54
1260,issue,https://github.com/lowRISC/ibex/issues/1260,fetch_evidence,verification,routine_or_capability,0.54
1486,pr,https://github.com/lowRISC/ibex/pull/1486,fetch_evidence,rtl,oracle_or_configuration,0.54
1491,pr,https://github.com/lowRISC/ibex/pull/1491,fetch_evidence,verification,reported_mismatch,0.54
1492,pr,https://github.com/lowRISC/ibex/pull/1492,fetch_evidence,verification,oracle_or_configuration,0.54
1544,pr,https://github.com/lowRISC/ibex/pull/1544,fetch_evidence,verification_interface,sparse_or_mixed,0.54
1558,pr,https://github.com/lowRISC/ibex/pull/1558,fetch_evidence,verification,oracle_or_configuration,0.54
1593,pr,https://github.com/lowRISC/ibex/pull/1593,fetch_evidence,verification,oracle_or_configuration,0.54
1634,pr,https://github.com/lowRISC/ibex/pull/1634,fetch_evidence,verification,reported_mismatch,0.54
1641,pr,https://github.com/lowRISC/ibex/pull/1641,fetch_evidence,tooling,oracle_or_configuration,0.54
1654,issue,https://github.com/lowRISC/ibex/issues/1654,fetch_evidence,verification,oracle_or_configuration,0.54
1745,pr,https://github.com/lowRISC/ibex/pull/1745,fetch_evidence,verification,reported_mismatch,0.54
1768,pr,https://github.com/lowRISC/ibex/pull/1768,fetch_evidence,verification,oracle_or_configuration,0.54
1771,pr,https://github.com/lowRISC/ibex/pull/1771,fetch_evidence,verification,boundary_or_ordering,0.54
1842,pr,https://github.com/lowRISC/ibex/pull/1842,fetch_evidence,tooling,routine_or_capability,0.54
1906,pr,https://github.com/lowRISC/ibex/pull/1906,fetch_evidence,verification,permission_or_state,0.54
1959,issue,https://github.com/lowRISC/ibex/issues/1959,fetch_evidence,verification,reported_mismatch,0.54
1995,pr,https://github.com/lowRISC/ibex/pull/1995,fetch_evidence,tooling,sparse_or_mixed,0.54
1998,issue,https://github.com/lowRISC/ibex/issues/1998,fetch_evidence,verification,reported_mismatch,0.54
2001,pr,https://github.com/lowRISC/ibex/pull/2001,fetch_evidence,tooling,reported_mismatch,0.54
2007,pr,https://github.com/lowRISC/ibex/pull/2007,fetch_evidence,tooling,sparse_or_mixed,0.54
2009,pr,https://github.com/lowRISC/ibex/pull/2009,fetch_evidence,verification_interface,sparse_or_mixed,0.54
2062,pr,https://github.com/lowRISC/ibex/pull/2062,fetch_evidence,tooling,routine_or_capability,0.54
2078,pr,https://github.com/lowRISC/ibex/pull/2078,fetch_evidence,tooling,reported_mismatch,0.54
2113,pr,https://github.com/lowRISC/ibex/pull/2113,fetch_evidence,tooling,routine_or_capability,0.54
2158,pr,https://github.com/lowRISC/ibex/pull/2158,fetch_evidence,tooling,sparse_or_mixed,0.54
2254,pr,https://github.com/lowRISC/ibex/pull/2254,fetch_evidence,tooling,boundary_or_ordering,0.54
2280,pr,https://github.com/lowRISC/ibex/pull/2280,fetch_evidence,tooling,routine_or_capability,0.54
2287,pr,https://github.com/lowRISC/ibex/pull/2287,fetch_evidence,tooling,routine_or_capability,0.54
2334,issue,https://github.com/lowRISC/ibex/issues/2334,fetch_evidence,verification_interface,permission_or_state,0.54
2350,pr,https://github.com/lowRISC/ibex/pull/2350,fetch_evidence,rtl,permission_or_state,0.54
2354,pr,https://github.com/lowRISC/ibex/pull/2354,fetch_evidence,tooling,sparse_or_mixed,0.54
2365,pr,https://github.com/lowRISC/ibex/pull/2365,fetch_evidence,verification_interface,routine_or_capability,0.54
106,pr,https://github.com/lowRISC/ibex/pull/106,fetch_evidence,verification,routine_or_capability,0.53
110,pr,https://github.com/lowRISC/ibex/pull/110,fetch_evidence,verification_interface,reported_mismatch,0.53
180,pr,https://github.com/lowRISC/ibex/pull/180,fetch_evidence,verification,routine_or_capability,0.53
187,issue,https://github.com/lowRISC/ibex/issues/187,fetch_evidence,verification_interface,reported_mismatch,0.53
188,pr,https://github.com/lowRISC/ibex/pull/188,fetch_evidence,verification_interface,routine_or_capability,0.53
317,issue,https://github.com/lowRISC/ibex/issues/317,fetch_evidence,tooling,reported_mismatch,0.53
373,pr,https://github.com/lowRISC/ibex/pull/373,fetch_evidence,verification_interface,reported_mismatch,0.53
416,pr,https://github.com/lowRISC/ibex/pull/416,fetch_evidence,verification_interface,sparse_or_mixed,0.53
419,issue,https://github.com/lowRISC/ibex/issues/419,fetch_evidence,tooling,reported_mismatch,0.53
436,issue,https://github.com/lowRISC/ibex/issues/436,fetch_evidence,tooling,oracle_or_configuration,0.53
479,pr,https://github.com/lowRISC/ibex/pull/479,fetch_evidence,tooling,oracle_or_configuration,0.53
591,pr,https://github.com/lowRISC/ibex/pull/591,fetch_evidence,verification_interface,reported_mismatch,0.53
603,issue,https://github.com/lowRISC/ibex/issues/603,fetch_evidence,tooling,routine_or_capability,0.53
625,issue,https://github.com/lowRISC/ibex/issues/625,fetch_evidence,rtl,routine_or_capability,0.53
642,pr,https://github.com/lowRISC/ibex/pull/642,fetch_evidence,tooling,sparse_or_mixed,0.53
665,issue,https://github.com/lowRISC/ibex/issues/665,fetch_evidence,rtl,routine_or_capability,0.53
710,pr,https://github.com/lowRISC/ibex/pull/710,fetch_evidence,verification,sparse_or_mixed,0.53
720,pr,https://github.com/lowRISC/ibex/pull/720,fetch_evidence,verification,boundary_or_ordering,0.53
760,pr,https://github.com/lowRISC/ibex/pull/760,fetch_evidence,verification,oracle_or_configuration,0.53
800,pr,https://github.com/lowRISC/ibex/pull/800,fetch_evidence,rtl,routine_or_capability,0.53
805,pr,https://github.com/lowRISC/ibex/pull/805,fetch_evidence,verification,oracle_or_configuration,0.53
820,pr,https://github.com/lowRISC/ibex/pull/820,fetch_evidence,verification,boundary_or_ordering,0.53
825,pr,https://github.com/lowRISC/ibex/pull/825,fetch_evidence,verification,oracle_or_configuration,0.53
839,pr,https://github.com/lowRISC/ibex/pull/839,fetch_evidence,tooling,routine_or_capability,0.53
857,issue,https://github.com/lowRISC/ibex/issues/857,fetch_evidence,tooling,routine_or_capability,0.53
861,pr,https://github.com/lowRISC/ibex/pull/861,fetch_evidence,verification,oracle_or_configuration,0.53
880,issue,https://github.com/lowRISC/ibex/issues/880,fetch_evidence,rtl,reported_mismatch,0.53
893,issue,https://github.com/lowRISC/ibex/issues/893,fetch_evidence,tooling,routine_or_capability,0.53
935,pr,https://github.com/lowRISC/ibex/pull/935,fetch_evidence,verification,oracle_or_configuration,0.53
946,pr,https://github.com/lowRISC/ibex/pull/946,fetch_evidence,rtl,routine_or_capability,0.53
949,pr,https://github.com/lowRISC/ibex/pull/949,fetch_evidence,verification_interface,sparse_or_mixed,0.53
971,issue,https://github.com/lowRISC/ibex/issues/971,fetch_evidence,tooling,reported_mismatch,0.53
1010,pr,https://github.com/lowRISC/ibex/pull/1010,fetch_evidence,tooling,routine_or_capability,0.53
1113,issue,https://github.com/lowRISC/ibex/issues/1113,fetch_evidence,verification,oracle_or_configuration,0.53
1164,pr,https://github.com/lowRISC/ibex/pull/1164,fetch_evidence,tooling,oracle_or_configuration,0.53
1173,issue,https://github.com/lowRISC/ibex/issues/1173,fetch_evidence,tooling,oracle_or_configuration,0.53
1202,pr,https://github.com/lowRISC/ibex/pull/1202,fetch_evidence,verification_interface,reported_mismatch,0.53
1203,pr,https://github.com/lowRISC/ibex/pull/1203,fetch_evidence,rtl,boundary_or_ordering,0.53
1205,pr,https://github.com/lowRISC/ibex/pull/1205,fetch_evidence,rtl,routine_or_capability,0.53
1265,pr,https://github.com/lowRISC/ibex/pull/1265,fetch_evidence,tooling,sparse_or_mixed,0.53
1269,pr,https://github.com/lowRISC/ibex/pull/1269,fetch_evidence,tooling,sparse_or_mixed,0.53
1272,issue,https://github.com/lowRISC/ibex/issues/1272,fetch_evidence,rtl,reported_mismatch,0.53
1275,issue,https://github.com/lowRISC/ibex/issues/1275,fetch_evidence,verification,reported_mismatch,0.53
1285,pr,https://github.com/lowRISC/ibex/pull/1285,fetch_evidence,rtl,sparse_or_mixed,0.53
1300,pr,https://github.com/lowRISC/ibex/pull/1300,fetch_evidence,rtl,routine_or_capability,0.53
1333,issue,https://github.com/lowRISC/ibex/issues/1333,fetch_evidence,verification,oracle_or_configuration,0.53
1477,pr,https://github.com/lowRISC/ibex/pull/1477,fetch_evidence,integration,sparse_or_mixed,0.53
1482,pr,https://github.com/lowRISC/ibex/pull/1482,fetch_evidence,rtl,sparse_or_mixed,0.53
1505,pr,https://github.com/lowRISC/ibex/pull/1505,fetch_evidence,rtl,routine_or_capability,0.53
1524,pr,https://github.com/lowRISC/ibex/pull/1524,fetch_evidence,verification,routine_or_capability,0.53
1530,pr,https://github.com/lowRISC/ibex/pull/1530,fetch_evidence,tooling,oracle_or_configuration,0.53
1538,pr,https://github.com/lowRISC/ibex/pull/1538,fetch_evidence,rtl,permission_or_state,0.53
1540,pr,https://github.com/lowRISC/ibex/pull/1540,fetch_evidence,tooling,oracle_or_configuration,0.53
1541,pr,https://github.com/lowRISC/ibex/pull/1541,fetch_evidence,rtl,sparse_or_mixed,0.53
1543,pr,https://github.com/lowRISC/ibex/pull/1543,fetch_evidence,verification,oracle_or_configuration,0.53
1570,issue,https://github.com/lowRISC/ibex/issues/1570,fetch_evidence,verification,boundary_or_ordering,0.53
1590,pr,https://github.com/lowRISC/ibex/pull/1590,fetch_evidence,verification,routine_or_capability,0.53
1591,pr,https://github.com/lowRISC/ibex/pull/1591,fetch_evidence,tooling,sparse_or_mixed,0.53
1620,pr,https://github.com/lowRISC/ibex/pull/1620,fetch_evidence,rtl,sparse_or_mixed,0.53
1635,pr,https://github.com/lowRISC/ibex/pull/1635,fetch_evidence,verification,oracle_or_configuration,0.53
1660,pr,https://github.com/lowRISC/ibex/pull/1660,fetch_evidence,tooling,routine_or_capability,0.53
1681,pr,https://github.com/lowRISC/ibex/pull/1681,fetch_evidence,rtl,sparse_or_mixed,0.53
1693,issue,https://github.com/lowRISC/ibex/issues/1693,fetch_evidence,verification,boundary_or_ordering,0.53
1731,issue,https://github.com/lowRISC/ibex/issues/1731,fetch_evidence,verification,oracle_or_configuration,0.53
1758,issue,https://github.com/lowRISC/ibex/issues/1758,fetch_evidence,verification,oracle_or_configuration,0.53
1760,issue,https://github.com/lowRISC/ibex/issues/1760,fetch_evidence,verification,oracle_or_configuration,0.53
1761,issue,https://github.com/lowRISC/ibex/issues/1761,fetch_evidence,verification,oracle_or_configuration,0.53
1787,issue,https://github.com/lowRISC/ibex/issues/1787,fetch_evidence,tooling,routine_or_capability,0.53
1898,pr,https://github.com/lowRISC/ibex/pull/1898,fetch_evidence,verification,boundary_or_ordering,0.53
1936,issue,https://github.com/lowRISC/ibex/issues/1936,fetch_evidence,verification,routine_or_capability,0.53
1963,issue,https://github.com/lowRISC/ibex/issues/1963,fetch_evidence,verification,routine_or_capability,0.53
1966,issue,https://github.com/lowRISC/ibex/issues/1966,fetch_evidence,verification,oracle_or_configuration,0.53
2004,issue,https://github.com/lowRISC/ibex/issues/2004,fetch_evidence,tooling,reported_mismatch,0.53
2036,issue,https://github.com/lowRISC/ibex/issues/2036,fetch_evidence,feature,routine_or_capability,0.53
2073,issue,https://github.com/lowRISC/ibex/issues/2073,fetch_evidence,tooling,reported_mismatch,0.53
2093,pr,https://github.com/lowRISC/ibex/pull/2093,fetch_evidence,tooling,sparse_or_mixed,0.53
2202,issue,https://github.com/lowRISC/ibex/issues/2202,fetch_evidence,rtl,routine_or_capability,0.53
2204,pr,https://github.com/lowRISC/ibex/pull/2204,fetch_evidence,verification,reported_mismatch,0.53
2243,pr,https://github.com/lowRISC/ibex/pull/2243,fetch_evidence,tooling,oracle_or_configuration,0.53
2256,pr,https://github.com/lowRISC/ibex/pull/2256,fetch_evidence,tooling,routine_or_capability,0.53
2267,pr,https://github.com/lowRISC/ibex/pull/2267,fetch_evidence,feature,routine_or_capability,0.53
2291,issue,https://github.com/lowRISC/ibex/issues/2291,fetch_evidence,tooling,sparse_or_mixed,0.53
2292,pr,https://github.com/lowRISC/ibex/pull/2292,fetch_evidence,tooling,routine_or_capability,0.53
2304,pr,https://github.com/lowRISC/ibex/pull/2304,fetch_evidence,tooling,reported_mismatch,0.53
2321,issue,https://github.com/lowRISC/ibex/issues/2321,fetch_evidence,tooling,sparse_or_mixed,0.53
2327,pr,https://github.com/lowRISC/ibex/pull/2327,fetch_evidence,tooling,sparse_or_mixed,0.53
2357,pr,https://github.com/lowRISC/ibex/pull/2357,fetch_evidence,rtl,sparse_or_mixed,0.53
2373,issue,https://github.com/lowRISC/ibex/issues/2373,fetch_evidence,tooling,reported_mismatch,0.53
2401,issue,https://github.com/lowRISC/ibex/issues/2401,fetch_evidence,feature,routine_or_capability,0.53
2466,issue,https://github.com/lowRISC/ibex/issues/2466,fetch_evidence,verification,oracle_or_configuration,0.53
11,pr,https://github.com/lowRISC/ibex/pull/11,fetch_evidence,tooling,routine_or_capability,0.52
31,pr,https://github.com/lowRISC/ibex/pull/31,fetch_evidence,tooling,sparse_or_mixed,0.52
43,issue,https://github.com/lowRISC/ibex/issues/43,fetch_evidence,rtl,routine_or_capability,0.52
69,pr,https://github.com/lowRISC/ibex/pull/69,fetch_evidence,verification,routine_or_capability,0.52
91,issue,https://github.com/lowRISC/ibex/issues/91,fetch_evidence,tooling,oracle_or_configuration,0.52
129,pr,https://github.com/lowRISC/ibex/pull/129,fetch_evidence,tooling,routine_or_capability,0.52
159,pr,https://github.com/lowRISC/ibex/pull/159,fetch_evidence,verification,routine_or_capability,0.52
192,pr,https://github.com/lowRISC/ibex/pull/192,fetch_evidence,verification,oracle_or_configuration,0.52
261,issue,https://github.com/lowRISC/ibex/issues/261,fetch_evidence,verification_interface,oracle_or_configuration,0.52
363,pr,https://github.com/lowRISC/ibex/pull/363,fetch_evidence,rtl,routine_or_capability,0.52
366,pr,https://github.com/lowRISC/ibex/pull/366,fetch_evidence,verification,boundary_or_ordering,0.52
376,issue,https://github.com/lowRISC/ibex/issues/376,fetch_evidence,tooling,routine_or_capability,0.52
417,pr,https://github.com/lowRISC/ibex/pull/417,fetch_evidence,tooling,sparse_or_mixed,0.52
432,issue,https://github.com/lowRISC/ibex/issues/432,fetch_evidence,rtl,sparse_or_mixed,0.52
438,issue,https://github.com/lowRISC/ibex/issues/438,fetch_evidence,feature,routine_or_capability,0.52
494,pr,https://github.com/lowRISC/ibex/pull/494,fetch_evidence,tooling,routine_or_capability,0.52
580,pr,https://github.com/lowRISC/ibex/pull/580,fetch_evidence,tooling,reported_mismatch,0.52
589,pr,https://github.com/lowRISC/ibex/pull/589,fetch_evidence,verification,sparse_or_mixed,0.52
601,issue,https://github.com/lowRISC/ibex/issues/601,fetch_evidence,rtl,routine_or_capability,0.52
606,pr,https://github.com/lowRISC/ibex/pull/606,fetch_evidence,rtl,routine_or_capability,0.52
634,pr,https://github.com/lowRISC/ibex/pull/634,fetch_evidence,tooling,oracle_or_configuration,0.52
635,pr,https://github.com/lowRISC/ibex/pull/635,fetch_evidence,tooling,routine_or_capability,0.52
659,pr,https://github.com/lowRISC/ibex/pull/659,fetch_evidence,verification,reported_mismatch,0.52
661,issue,https://github.com/lowRISC/ibex/issues/661,fetch_evidence,tooling,reported_mismatch,0.52
688,pr,https://github.com/lowRISC/ibex/pull/688,fetch_evidence,tooling,sparse_or_mixed,0.52
696,issue,https://github.com/lowRISC/ibex/issues/696,fetch_evidence,tooling,oracle_or_configuration,0.52
721,pr,https://github.com/lowRISC/ibex/pull/721,fetch_evidence,rtl,boundary_or_ordering,0.52
743,pr,https://github.com/lowRISC/ibex/pull/743,fetch_evidence,tooling,boundary_or_ordering,0.52
750,pr,https://github.com/lowRISC/ibex/pull/750,fetch_evidence,verification,oracle_or_configuration,0.52
761,pr,https://github.com/lowRISC/ibex/pull/761,fetch_evidence,verification,routine_or_capability,0.52
801,pr,https://github.com/lowRISC/ibex/pull/801,fetch_evidence,tooling,routine_or_capability,0.52
818,pr,https://github.com/lowRISC/ibex/pull/818,fetch_evidence,verification,oracle_or_configuration,0.52
824,pr,https://github.com/lowRISC/ibex/pull/824,fetch_evidence,tooling,routine_or_capability,0.52
842,pr,https://github.com/lowRISC/ibex/pull/842,fetch_evidence,verification,oracle_or_configuration,0.52
909,issue,https://github.com/lowRISC/ibex/issues/909,fetch_evidence,feature,permission_or_state,0.52
992,pr,https://github.com/lowRISC/ibex/pull/992,fetch_evidence,feature,routine_or_capability,0.52
1006,issue,https://github.com/lowRISC/ibex/issues/1006,fetch_evidence,tooling,routine_or_capability,0.52
1110,pr,https://github.com/lowRISC/ibex/pull/1110,fetch_evidence,tooling,oracle_or_configuration,0.52
1131,issue,https://github.com/lowRISC/ibex/issues/1131,fetch_evidence,verification,routine_or_capability,0.52
1155,pr,https://github.com/lowRISC/ibex/pull/1155,fetch_evidence,verification,oracle_or_configuration,0.52
1240,pr,https://github.com/lowRISC/ibex/pull/1240,fetch_evidence,rtl,sparse_or_mixed,0.52
1243,pr,https://github.com/lowRISC/ibex/pull/1243,fetch_evidence,verification_interface,sparse_or_mixed,0.52
1274,issue,https://github.com/lowRISC/ibex/issues/1274,fetch_evidence,tooling,reported_mismatch,0.52
1315,issue,https://github.com/lowRISC/ibex/issues/1315,fetch_evidence,tooling,sparse_or_mixed,0.52
1347,pr,https://github.com/lowRISC/ibex/pull/1347,fetch_evidence,verification_interface,reported_mismatch,0.52
1363,pr,https://github.com/lowRISC/ibex/pull/1363,fetch_evidence,verification,oracle_or_configuration,0.52
1380,pr,https://github.com/lowRISC/ibex/pull/1380,fetch_evidence,rtl,permission_or_state,0.52
1383,pr,https://github.com/lowRISC/ibex/pull/1383,fetch_evidence,unclear,sparse_or_mixed,0.52
1473,pr,https://github.com/lowRISC/ibex/pull/1473,fetch_evidence,verification,boundary_or_ordering,0.52
1552,pr,https://github.com/lowRISC/ibex/pull/1552,fetch_evidence,verification,oracle_or_configuration,0.52
1594,pr,https://github.com/lowRISC/ibex/pull/1594,fetch_evidence,verification,routine_or_capability,0.52
1612,pr,https://github.com/lowRISC/ibex/pull/1612,fetch_evidence,tooling,reported_mismatch,0.52
1619,issue,https://github.com/lowRISC/ibex/issues/1619,fetch_evidence,verification,reported_mismatch,0.52
1623,pr,https://github.com/lowRISC/ibex/pull/1623,fetch_evidence,tooling,routine_or_capability,0.52
1637,pr,https://github.com/lowRISC/ibex/pull/1637,fetch_evidence,tooling,routine_or_capability,0.52
1658,issue,https://github.com/lowRISC/ibex/issues/1658,fetch_evidence,verification,reported_mismatch,0.52
1756,issue,https://github.com/lowRISC/ibex/issues/1756,fetch_evidence,verification,oracle_or_configuration,0.52
1762,issue,https://github.com/lowRISC/ibex/issues/1762,fetch_evidence,verification,oracle_or_configuration,0.52
1866,issue,https://github.com/lowRISC/ibex/issues/1866,fetch_evidence,verification_interface,reported_mismatch,0.52
1874,pr,https://github.com/lowRISC/ibex/pull/1874,fetch_evidence,verification,oracle_or_configuration,0.52
1897,pr,https://github.com/lowRISC/ibex/pull/1897,fetch_evidence,verification,oracle_or_configuration,0.52
1929,pr,https://github.com/lowRISC/ibex/pull/1929,fetch_evidence,verification_interface,sparse_or_mixed,0.52
1987,issue,https://github.com/lowRISC/ibex/issues/1987,fetch_evidence,tooling,routine_or_capability,0.52
1992,pr,https://github.com/lowRISC/ibex/pull/1992,fetch_evidence,rtl,oracle_or_configuration,0.52
1993,pr,https://github.com/lowRISC/ibex/pull/1993,fetch_evidence,feature,routine_or_capability,0.52
2017,pr,https://github.com/lowRISC/ibex/pull/2017,fetch_evidence,verification,oracle_or_configuration,0.52
2056,pr,https://github.com/lowRISC/ibex/pull/2056,fetch_evidence,tooling,reported_mismatch,0.52
2060,pr,https://github.com/lowRISC/ibex/pull/2060,fetch_evidence,verification,routine_or_capability,0.52
2079,pr,https://github.com/lowRISC/ibex/pull/2079,fetch_evidence,tooling,sparse_or_mixed,0.52
2101,issue,https://github.com/lowRISC/ibex/issues/2101,fetch_evidence,verification,reported_mismatch,0.52
2159,issue,https://github.com/lowRISC/ibex/issues/2159,fetch_evidence,integration,reported_mismatch,0.52
2183,pr,https://github.com/lowRISC/ibex/pull/2183,fetch_evidence,verification,oracle_or_configuration,0.52
2199,issue,https://github.com/lowRISC/ibex/issues/2199,fetch_evidence,verification,reported_mismatch,0.52
2340,pr,https://github.com/lowRISC/ibex/pull/2340,fetch_evidence,rtl,sparse_or_mixed,0.52
2367,pr,https://github.com/lowRISC/ibex/pull/2367,fetch_evidence,feature,boundary_or_ordering,0.52
44,issue,https://github.com/lowRISC/ibex/issues/44,fetch_evidence,tooling,routine_or_capability,0.51
60,issue,https://github.com/lowRISC/ibex/issues/60,fetch_evidence,tooling,sparse_or_mixed,0.51
85,pr,https://github.com/lowRISC/ibex/pull/85,fetch_evidence,feature,oracle_or_configuration,0.51
86,issue,https://github.com/lowRISC/ibex/issues/86,fetch_evidence,rtl,routine_or_capability,0.51
87,issue,https://github.com/lowRISC/ibex/issues/87,fetch_evidence,verification,oracle_or_configuration,0.51
90,issue,https://github.com/lowRISC/ibex/issues/90,fetch_evidence,rtl,routine_or_capability,0.51
100,issue,https://github.com/lowRISC/ibex/issues/100,fetch_evidence,verification,sparse_or_mixed,0.51
161,pr,https://github.com/lowRISC/ibex/pull/161,fetch_evidence,verification_interface,oracle_or_configuration,0.51
173,issue,https://github.com/lowRISC/ibex/issues/173,fetch_evidence,tooling,routine_or_capability,0.51
223,pr,https://github.com/lowRISC/ibex/pull/223,fetch_evidence,tooling,sparse_or_mixed,0.51
238,issue,https://github.com/lowRISC/ibex/issues/238,fetch_evidence,verification,routine_or_capability,0.51
331,pr,https://github.com/lowRISC/ibex/pull/331,fetch_evidence,tooling,boundary_or_ordering,0.51
354,pr,https://github.com/lowRISC/ibex/pull/354,fetch_evidence,verification,boundary_or_ordering,0.51
367,pr,https://github.com/lowRISC/ibex/pull/367,fetch_evidence,tooling,reported_mismatch,0.51
392,pr,https://github.com/lowRISC/ibex/pull/392,fetch_evidence,verification,oracle_or_configuration,0.51
402,pr,https://github.com/lowRISC/ibex/pull/402,fetch_evidence,tooling,routine_or_capability,0.51
412,pr,https://github.com/lowRISC/ibex/pull/412,fetch_evidence,feature,oracle_or_configuration,0.51
470,pr,https://github.com/lowRISC/ibex/pull/470,fetch_evidence,verification,boundary_or_ordering,0.51
507,pr,https://github.com/lowRISC/ibex/pull/507,fetch_evidence,verification,reported_mismatch,0.51
559,pr,https://github.com/lowRISC/ibex/pull/559,fetch_evidence,rtl,routine_or_capability,0.51
576,pr,https://github.com/lowRISC/ibex/pull/576,fetch_evidence,verification,sparse_or_mixed,0.51
621,issue,https://github.com/lowRISC/ibex/issues/621,fetch_evidence,tooling,oracle_or_configuration,0.51
656,pr,https://github.com/lowRISC/ibex/pull/656,fetch_evidence,rtl,sparse_or_mixed,0.51
658,pr,https://github.com/lowRISC/ibex/pull/658,fetch_evidence,tooling,reported_mismatch,0.51
786,pr,https://github.com/lowRISC/ibex/pull/786,fetch_evidence,integration,sparse_or_mixed,0.51
789,pr,https://github.com/lowRISC/ibex/pull/789,fetch_evidence,tooling,sparse_or_mixed,0.51
812,pr,https://github.com/lowRISC/ibex/pull/812,fetch_evidence,tooling,oracle_or_configuration,0.51
826,issue,https://github.com/lowRISC/ibex/issues/826,fetch_evidence,feature,routine_or_capability,0.51
841,pr,https://github.com/lowRISC/ibex/pull/841,fetch_evidence,verification,oracle_or_configuration,0.51
887,pr,https://github.com/lowRISC/ibex/pull/887,fetch_evidence,verification,routine_or_capability,0.51
891,pr,https://github.com/lowRISC/ibex/pull/891,fetch_evidence,tooling,routine_or_capability,0.51
908,issue,https://github.com/lowRISC/ibex/issues/908,fetch_evidence,feature,routine_or_capability,0.51
931,issue,https://github.com/lowRISC/ibex/issues/931,fetch_evidence,tooling,oracle_or_configuration,0.51
963,issue,https://github.com/lowRISC/ibex/issues/963,fetch_evidence,verification,boundary_or_ordering,0.51
984,pr,https://github.com/lowRISC/ibex/pull/984,fetch_evidence,rtl,sparse_or_mixed,0.51
998,issue,https://github.com/lowRISC/ibex/issues/998,fetch_evidence,tooling,reported_mismatch,0.51
1005,pr,https://github.com/lowRISC/ibex/pull/1005,fetch_evidence,tooling,sparse_or_mixed,0.51
1035,pr,https://github.com/lowRISC/ibex/pull/1035,fetch_evidence,rtl,oracle_or_configuration,0.51
1040,pr,https://github.com/lowRISC/ibex/pull/1040,fetch_evidence,verification,sparse_or_mixed,0.51
1096,pr,https://github.com/lowRISC/ibex/pull/1096,fetch_evidence,verification_interface,sparse_or_mixed,0.51
1151,pr,https://github.com/lowRISC/ibex/pull/1151,fetch_evidence,verification,oracle_or_configuration,0.51
1228,issue,https://github.com/lowRISC/ibex/issues/1228,fetch_evidence,verification_interface,routine_or_capability,0.51
1268,issue,https://github.com/lowRISC/ibex/issues/1268,fetch_evidence,rtl,routine_or_capability,0.51
1303,pr,https://github.com/lowRISC/ibex/pull/1303,fetch_evidence,rtl,oracle_or_configuration,0.51
1305,pr,https://github.com/lowRISC/ibex/pull/1305,fetch_evidence,verification,reported_mismatch,0.51
1310,pr,https://github.com/lowRISC/ibex/pull/1310,fetch_evidence,rtl,sparse_or_mixed,0.51
1314,issue,https://github.com/lowRISC/ibex/issues/1314,fetch_evidence,verification,reported_mismatch,0.51
1323,pr,https://github.com/lowRISC/ibex/pull/1323,fetch_evidence,verification,routine_or_capability,0.51
1330,issue,https://github.com/lowRISC/ibex/issues/1330,fetch_evidence,tooling,reported_mismatch,0.51
1344,pr,https://github.com/lowRISC/ibex/pull/1344,fetch_evidence,rtl,sparse_or_mixed,0.51
1351,pr,https://github.com/lowRISC/ibex/pull/1351,fetch_evidence,rtl,sparse_or_mixed,0.51
1377,issue,https://github.com/lowRISC/ibex/issues/1377,fetch_evidence,rtl,reported_mismatch,0.51
1388,pr,https://github.com/lowRISC/ibex/pull/1388,fetch_evidence,rtl,routine_or_capability,0.51
1389,pr,https://github.com/lowRISC/ibex/pull/1389,fetch_evidence,verification,reported_mismatch,0.51
1398,pr,https://github.com/lowRISC/ibex/pull/1398,fetch_evidence,tooling,sparse_or_mixed,0.51
1411,pr,https://github.com/lowRISC/ibex/pull/1411,fetch_evidence,rtl,sparse_or_mixed,0.51
1516,pr,https://github.com/lowRISC/ibex/pull/1516,fetch_evidence,tooling,reported_mismatch,0.51
1518,pr,https://github.com/lowRISC/ibex/pull/1518,fetch_evidence,tooling,sparse_or_mixed,0.51
1565,issue,https://github.com/lowRISC/ibex/issues/1565,fetch_evidence,tooling,routine_or_capability,0.51
1601,issue,https://github.com/lowRISC/ibex/issues/1601,fetch_evidence,rtl,boundary_or_ordering,0.51
1656,issue,https://github.com/lowRISC/ibex/issues/1656,fetch_evidence,verification,reported_mismatch,0.51
1666,pr,https://github.com/lowRISC/ibex/pull/1666,fetch_evidence,tooling,reported_mismatch,0.51
1728,issue,https://github.com/lowRISC/ibex/issues/1728,fetch_evidence,verification,oracle_or_configuration,0.51
1777,issue,https://github.com/lowRISC/ibex/issues/1777,fetch_evidence,verification,permission_or_state,0.51
1781,pr,https://github.com/lowRISC/ibex/pull/1781,fetch_evidence,tooling,reported_mismatch,0.51
1798,issue,https://github.com/lowRISC/ibex/issues/1798,fetch_evidence,verification,oracle_or_configuration,0.51
1900,pr,https://github.com/lowRISC/ibex/pull/1900,fetch_evidence,tooling,sparse_or_mixed,0.51
2023,issue,https://github.com/lowRISC/ibex/issues/2023,fetch_evidence,feature,routine_or_capability,0.51
2067,pr,https://github.com/lowRISC/ibex/pull/2067,fetch_evidence,tooling,sparse_or_mixed,0.51
2116,issue,https://github.com/lowRISC/ibex/issues/2116,fetch_evidence,tooling,reported_mismatch,0.51
2147,pr,https://github.com/lowRISC/ibex/pull/2147,fetch_evidence,rtl,oracle_or_configuration,0.51
2167,issue,https://github.com/lowRISC/ibex/issues/2167,fetch_evidence,tooling,oracle_or_configuration,0.51
2168,issue,https://github.com/lowRISC/ibex/issues/2168,fetch_evidence,verification,reported_mismatch,0.51
2179,issue,https://github.com/lowRISC/ibex/issues/2179,fetch_evidence,tooling,routine_or_capability,0.51
2201,issue,https://github.com/lowRISC/ibex/issues/2201,fetch_evidence,rtl,oracle_or_configuration,0.51
2276,pr,https://github.com/lowRISC/ibex/pull/2276,fetch_evidence,verification,routine_or_capability,0.51
2281,issue,https://github.com/lowRISC/ibex/issues/2281,fetch_evidence,verification,reported_mismatch,0.51
2290,pr,https://github.com/lowRISC/ibex/pull/2290,fetch_evidence,tooling,sparse_or_mixed,0.51
2316,issue,https://github.com/lowRISC/ibex/issues/2316,fetch_evidence,tooling,reported_mismatch,0.51
2366,pr,https://github.com/lowRISC/ibex/pull/2366,fetch_evidence,tooling,sparse_or_mixed,0.51
2448,pr,https://github.com/lowRISC/ibex/pull/2448,fetch_evidence,tooling,sparse_or_mixed,0.51
2457,pr,https://github.com/lowRISC/ibex/pull/2457,fetch_evidence,rtl,routine_or_capability,0.51
27,issue,https://github.com/lowRISC/ibex/issues/27,fetch_evidence,rtl,routine_or_capability,0.5
54,pr,https://github.com/lowRISC/ibex/pull/54,fetch_evidence,rtl,sparse_or_mixed,0.5
99,issue,https://github.com/lowRISC/ibex/issues/99,fetch_evidence,verification,routine_or_capability,0.5
189,pr,https://github.com/lowRISC/ibex/pull/189,fetch_evidence,verification,sparse_or_mixed,0.5
201,issue,https://github.com/lowRISC/ibex/issues/201,fetch_evidence,rtl,oracle_or_configuration,0.5
212,issue,https://github.com/lowRISC/ibex/issues/212,fetch_evidence,rtl,oracle_or_configuration,0.5
229,issue,https://github.com/lowRISC/ibex/issues/229,fetch_evidence,rtl,sparse_or_mixed,0.5
245,pr,https://github.com/lowRISC/ibex/pull/245,fetch_evidence,tooling,routine_or_capability,0.5
253,pr,https://github.com/lowRISC/ibex/pull/253,fetch_evidence,tooling,sparse_or_mixed,0.5
267,pr,https://github.com/lowRISC/ibex/pull/267,fetch_evidence,tooling,reported_mismatch,0.5
279,pr,https://github.com/lowRISC/ibex/pull/279,fetch_evidence,rtl,oracle_or_configuration,0.5
325,pr,https://github.com/lowRISC/ibex/pull/325,fetch_evidence,verification,oracle_or_configuration,0.5
364,pr,https://github.com/lowRISC/ibex/pull/364,fetch_evidence,tooling,sparse_or_mixed,0.5
434,issue,https://github.com/lowRISC/ibex/issues/434,fetch_evidence,rtl,permission_or_state,0.5
504,pr,https://github.com/lowRISC/ibex/pull/504,fetch_evidence,verification,oracle_or_configuration,0.5
508,pr,https://github.com/lowRISC/ibex/pull/508,fetch_evidence,tooling,routine_or_capability,0.5
522,issue,https://github.com/lowRISC/ibex/issues/522,fetch_evidence,rtl,routine_or_capability,0.5
547,pr,https://github.com/lowRISC/ibex/pull/547,fetch_evidence,verification,sparse_or_mixed,0.5
552,pr,https://github.com/lowRISC/ibex/pull/552,fetch_evidence,verification,oracle_or_configuration,0.5
565,pr,https://github.com/lowRISC/ibex/pull/565,fetch_evidence,verification,boundary_or_ordering,0.5
586,issue,https://github.com/lowRISC/ibex/issues/586,fetch_evidence,tooling,routine_or_capability,0.5
645,pr,https://github.com/lowRISC/ibex/pull/645,fetch_evidence,tooling,routine_or_capability,0.5
685,pr,https://github.com/lowRISC/ibex/pull/685,fetch_evidence,tooling,oracle_or_configuration,0.5
706,pr,https://github.com/lowRISC/ibex/pull/706,fetch_evidence,tooling,sparse_or_mixed,0.5
716,pr,https://github.com/lowRISC/ibex/pull/716,fetch_evidence,tooling,reported_mismatch,0.5
785,issue,https://github.com/lowRISC/ibex/issues/785,fetch_evidence,tooling,oracle_or_configuration,0.5
858,pr,https://github.com/lowRISC/ibex/pull/858,fetch_evidence,verification_interface,sparse_or_mixed,0.5
876,pr,https://github.com/lowRISC/ibex/pull/876,fetch_evidence,verification,oracle_or_configuration,0.5
884,pr,https://github.com/lowRISC/ibex/pull/884,fetch_evidence,tooling,oracle_or_configuration,0.5
940,pr,https://github.com/lowRISC/ibex/pull/940,fetch_evidence,rtl,routine_or_capability,0.5
943,pr,https://github.com/lowRISC/ibex/pull/943,fetch_evidence,rtl,routine_or_capability,0.5
962,pr,https://github.com/lowRISC/ibex/pull/962,fetch_evidence,tooling,routine_or_capability,0.5
997,pr,https://github.com/lowRISC/ibex/pull/997,fetch_evidence,tooling,routine_or_capability,0.5
1002,pr,https://github.com/lowRISC/ibex/pull/1002,fetch_evidence,rtl,boundary_or_ordering,0.5
1051,issue,https://github.com/lowRISC/ibex/issues/1051,fetch_evidence,verification,reported_mismatch,0.5
1055,pr,https://github.com/lowRISC/ibex/pull/1055,fetch_evidence,tooling,routine_or_capability,0.5
1075,pr,https://github.com/lowRISC/ibex/pull/1075,fetch_evidence,tooling,routine_or_capability,0.5
1077,pr,https://github.com/lowRISC/ibex/pull/1077,fetch_evidence,tooling,oracle_or_configuration,0.5
1091,pr,https://github.com/lowRISC/ibex/pull/1091,fetch_evidence,tooling,reported_mismatch,0.5
1168,issue,https://github.com/lowRISC/ibex/issues/1168,fetch_evidence,verification_interface,reported_mismatch,0.5
1175,issue,https://github.com/lowRISC/ibex/issues/1175,fetch_evidence,verification_interface,reported_mismatch,0.5
1198,pr,https://github.com/lowRISC/ibex/pull/1198,fetch_evidence,tooling,routine_or_capability,0.5
1216,pr,https://github.com/lowRISC/ibex/pull/1216,fetch_evidence,verification_interface,oracle_or_configuration,0.5
1284,pr,https://github.com/lowRISC/ibex/pull/1284,fetch_evidence,verification,oracle_or_configuration,0.5
1289,issue,https://github.com/lowRISC/ibex/issues/1289,fetch_evidence,rtl,routine_or_capability,0.5
1335,issue,https://github.com/lowRISC/ibex/issues/1335,fetch_evidence,tooling,oracle_or_configuration,0.5
1399,pr,https://github.com/lowRISC/ibex/pull/1399,fetch_evidence,tooling,sparse_or_mixed,0.5
1404,pr,https://github.com/lowRISC/ibex/pull/1404,fetch_evidence,tooling,reported_mismatch,0.5
1441,issue,https://github.com/lowRISC/ibex/issues/1441,fetch_evidence,verification_interface,sparse_or_mixed,0.5
1464,pr,https://github.com/lowRISC/ibex/pull/1464,fetch_evidence,verification,sparse_or_mixed,0.5
1489,issue,https://github.com/lowRISC/ibex/issues/1489,fetch_evidence,verification,routine_or_capability,0.5
1585,pr,https://github.com/lowRISC/ibex/pull/1585,fetch_evidence,verification,routine_or_capability,0.5
1589,pr,https://github.com/lowRISC/ibex/pull/1589,fetch_evidence,verification,routine_or_capability,0.5
1598,issue,https://github.com/lowRISC/ibex/issues/1598,fetch_evidence,verification,routine_or_capability,0.5
1625,pr,https://github.com/lowRISC/ibex/pull/1625,fetch_evidence,tooling,oracle_or_configuration,0.5
1626,pr,https://github.com/lowRISC/ibex/pull/1626,fetch_evidence,tooling,routine_or_capability,0.5
1665,pr,https://github.com/lowRISC/ibex/pull/1665,fetch_evidence,tooling,oracle_or_configuration,0.5
1678,pr,https://github.com/lowRISC/ibex/pull/1678,fetch_evidence,tooling,boundary_or_ordering,0.5
1755,issue,https://github.com/lowRISC/ibex/issues/1755,fetch_evidence,verification,oracle_or_configuration,0.5
1823,issue,https://github.com/lowRISC/ibex/issues/1823,fetch_evidence,verification,oracle_or_configuration,0.5
1850,pr,https://github.com/lowRISC/ibex/pull/1850,fetch_evidence,verification,sparse_or_mixed,0.5
1892,issue,https://github.com/lowRISC/ibex/issues/1892,fetch_evidence,verification,routine_or_capability,0.5
1899,pr,https://github.com/lowRISC/ibex/pull/1899,fetch_evidence,rtl,sparse_or_mixed,0.5
2005,issue,https://github.com/lowRISC/ibex/issues/2005,fetch_evidence,verification,sparse_or_mixed,0.5
2016,pr,https://github.com/lowRISC/ibex/pull/2016,fetch_evidence,verification,boundary_or_ordering,0.5
2038,pr,https://github.com/lowRISC/ibex/pull/2038,fetch_evidence,tooling,routine_or_capability,0.5
2055,issue,https://github.com/lowRISC/ibex/issues/2055,fetch_evidence,tooling,reported_mismatch,0.5
2071,issue,https://github.com/lowRISC/ibex/issues/2071,fetch_evidence,tooling,reported_mismatch,0.5
2176,pr,https://github.com/lowRISC/ibex/pull/2176,fetch_evidence,tooling,sparse_or_mixed,0.5
2196,issue,https://github.com/lowRISC/ibex/issues/2196,fetch_evidence,tooling,reported_mismatch,0.5
2217,issue,https://github.com/lowRISC/ibex/issues/2217,fetch_evidence,rtl,routine_or_capability,0.5
2265,issue,https://github.com/lowRISC/ibex/issues/2265,fetch_evidence,tooling,reported_mismatch,0.5
2289,pr,https://github.com/lowRISC/ibex/pull/2289,fetch_evidence,rtl,sparse_or_mixed,0.5
2317,pr,https://github.com/lowRISC/ibex/pull/2317,fetch_evidence,tooling,sparse_or_mixed,0.5
2355,pr,https://github.com/lowRISC/ibex/pull/2355,fetch_evidence,tooling,oracle_or_configuration,0.5
5,issue,https://github.com/lowRISC/ibex/issues/5,fetch_evidence,rtl,reported_mismatch,0.49
74,pr,https://github.com/lowRISC/ibex/pull/74,fetch_evidence,tooling,sparse_or_mixed,0.49
171,pr,https://github.com/lowRISC/ibex/pull/171,fetch_evidence,tooling,sparse_or_mixed,0.49
197,issue,https://github.com/lowRISC/ibex/issues/197,fetch_evidence,verification_interface,routine_or_capability,0.49
273,pr,https://github.com/lowRISC/ibex/pull/273,fetch_evidence,tooling,routine_or_capability,0.49
278,issue,https://github.com/lowRISC/ibex/issues/278,fetch_evidence,feature,routine_or_capability,0.49
292,pr,https://github.com/lowRISC/ibex/pull/292,fetch_evidence,verification_interface,sparse_or_mixed,0.49
298,pr,https://github.com/lowRISC/ibex/pull/298,fetch_evidence,verification,sparse_or_mixed,0.49
356,pr,https://github.com/lowRISC/ibex/pull/356,fetch_evidence,rtl,sparse_or_mixed,0.49
369,pr,https://github.com/lowRISC/ibex/pull/369,fetch_evidence,tooling,reported_mismatch,0.49
403,pr,https://github.com/lowRISC/ibex/pull/403,fetch_evidence,tooling,routine_or_capability,0.49
422,issue,https://github.com/lowRISC/ibex/issues/422,fetch_evidence,verification,routine_or_capability,0.49
423,issue,https://github.com/lowRISC/ibex/issues/423,fetch_evidence,verification,oracle_or_configuration,0.49
431,pr,https://github.com/lowRISC/ibex/pull/431,fetch_evidence,tooling,sparse_or_mixed,0.49
516,pr,https://github.com/lowRISC/ibex/pull/516,fetch_evidence,tooling,sparse_or_mixed,0.49
521,pr,https://github.com/lowRISC/ibex/pull/521,fetch_evidence,verification,oracle_or_configuration,0.49
595,issue,https://github.com/lowRISC/ibex/issues/595,fetch_evidence,tooling,routine_or_capability,0.49
598,pr,https://github.com/lowRISC/ibex/pull/598,fetch_evidence,tooling,reported_mismatch,0.49
745,issue,https://github.com/lowRISC/ibex/issues/745,fetch_evidence,verification,routine_or_capability,0.49
796,pr,https://github.com/lowRISC/ibex/pull/796,fetch_evidence,verification,reported_mismatch,0.49
823,pr,https://github.com/lowRISC/ibex/pull/823,fetch_evidence,unclear,boundary_or_ordering,0.49
875,pr,https://github.com/lowRISC/ibex/pull/875,fetch_evidence,rtl,permission_or_state,0.49
895,issue,https://github.com/lowRISC/ibex/issues/895,fetch_evidence,tooling,reported_mismatch,0.49
901,pr,https://github.com/lowRISC/ibex/pull/901,fetch_evidence,tooling,sparse_or_mixed,0.49
969,pr,https://github.com/lowRISC/ibex/pull/969,fetch_evidence,unclear,sparse_or_mixed,0.49
1170,issue,https://github.com/lowRISC/ibex/issues/1170,fetch_evidence,tooling,routine_or_capability,0.49
1188,issue,https://github.com/lowRISC/ibex/issues/1188,fetch_evidence,tooling,oracle_or_configuration,0.49
1197,issue,https://github.com/lowRISC/ibex/issues/1197,fetch_evidence,tooling,routine_or_capability,0.49
1212,pr,https://github.com/lowRISC/ibex/pull/1212,fetch_evidence,tooling,sparse_or_mixed,0.49
1221,issue,https://github.com/lowRISC/ibex/issues/1221,fetch_evidence,verification,routine_or_capability,0.49
1229,pr,https://github.com/lowRISC/ibex/pull/1229,fetch_evidence,tooling,oracle_or_configuration,0.49
1236,issue,https://github.com/lowRISC/ibex/issues/1236,fetch_evidence,verification,reported_mismatch,0.49
1246,pr,https://github.com/lowRISC/ibex/pull/1246,fetch_evidence,tooling,sparse_or_mixed,0.49
1263,issue,https://github.com/lowRISC/ibex/issues/1263,fetch_evidence,tooling,reported_mismatch,0.49
1286,pr,https://github.com/lowRISC/ibex/pull/1286,fetch_evidence,verification_interface,routine_or_capability,0.49
1370,pr,https://github.com/lowRISC/ibex/pull/1370,fetch_evidence,feature,routine_or_capability,0.49
1393,issue,https://github.com/lowRISC/ibex/issues/1393,fetch_evidence,verification,reported_mismatch,0.49
1395,pr,https://github.com/lowRISC/ibex/pull/1395,fetch_evidence,tooling,sparse_or_mixed,0.49
1401,pr,https://github.com/lowRISC/ibex/pull/1401,fetch_evidence,tooling,oracle_or_configuration,0.49
1420,pr,https://github.com/lowRISC/ibex/pull/1420,fetch_evidence,feature,routine_or_capability,0.49
1426,pr,https://github.com/lowRISC/ibex/pull/1426,fetch_evidence,tooling,oracle_or_configuration,0.49
1437,issue,https://github.com/lowRISC/ibex/issues/1437,fetch_evidence,rtl,reported_mismatch,0.49
1446,pr,https://github.com/lowRISC/ibex/pull/1446,fetch_evidence,verification_interface,sparse_or_mixed,0.49
1494,pr,https://github.com/lowRISC/ibex/pull/1494,fetch_evidence,tooling,sparse_or_mixed,0.49
1510,issue,https://github.com/lowRISC/ibex/issues/1510,fetch_evidence,integration,reported_mismatch,0.49
1542,pr,https://github.com/lowRISC/ibex/pull/1542,fetch_evidence,tooling,boundary_or_ordering,0.49
1566,issue,https://github.com/lowRISC/ibex/issues/1566,fetch_evidence,verification,routine_or_capability,0.49
1572,pr,https://github.com/lowRISC/ibex/pull/1572,fetch_evidence,tooling,routine_or_capability,0.49
1579,issue,https://github.com/lowRISC/ibex/issues/1579,fetch_evidence,verification,permission_or_state,0.49
1639,issue,https://github.com/lowRISC/ibex/issues/1639,fetch_evidence,tooling,reported_mismatch,0.49
1675,pr,https://github.com/lowRISC/ibex/pull/1675,fetch_evidence,verification,routine_or_capability,0.49
1682,pr,https://github.com/lowRISC/ibex/pull/1682,fetch_evidence,feature,routine_or_capability,0.49
1707,issue,https://github.com/lowRISC/ibex/issues/1707,fetch_evidence,integration,reported_mismatch,0.49
1732,issue,https://github.com/lowRISC/ibex/issues/1732,fetch_evidence,feature,routine_or_capability,0.49
1796,pr,https://github.com/lowRISC/ibex/pull/1796,fetch_evidence,tooling,routine_or_capability,0.49
1824,pr,https://github.com/lowRISC/ibex/pull/1824,fetch_evidence,verification,sparse_or_mixed,0.49
1831,issue,https://github.com/lowRISC/ibex/issues/1831,fetch_evidence,tooling,reported_mismatch,0.49
1872,pr,https://github.com/lowRISC/ibex/pull/1872,fetch_evidence,unclear,sparse_or_mixed,0.49
1885,pr,https://github.com/lowRISC/ibex/pull/1885,fetch_evidence,tooling,routine_or_capability,0.49
1941,issue,https://github.com/lowRISC/ibex/issues/1941,fetch_evidence,tooling,reported_mismatch,0.49
1958,issue,https://github.com/lowRISC/ibex/issues/1958,fetch_evidence,tooling,reported_mismatch,0.49
2026,issue,https://github.com/lowRISC/ibex/issues/2026,fetch_evidence,integration,reported_mismatch,0.49
2045,issue,https://github.com/lowRISC/ibex/issues/2045,fetch_evidence,tooling,reported_mismatch,0.49
2046,pr,https://github.com/lowRISC/ibex/pull/2046,fetch_evidence,feature,routine_or_capability,0.49
2052,pr,https://github.com/lowRISC/ibex/pull/2052,fetch_evidence,verification,boundary_or_ordering,0.49
2125,issue,https://github.com/lowRISC/ibex/issues/2125,fetch_evidence,verification,oracle_or_configuration,0.49
2146,pr,https://github.com/lowRISC/ibex/pull/2146,fetch_evidence,tooling,sparse_or_mixed,0.49
2154,pr,https://github.com/lowRISC/ibex/pull/2154,fetch_evidence,tooling,boundary_or_ordering,0.49
2163,issue,https://github.com/lowRISC/ibex/issues/2163,fetch_evidence,rtl,reported_mismatch,0.49
2263,issue,https://github.com/lowRISC/ibex/issues/2263,fetch_evidence,tooling,reported_mismatch,0.49
2273,pr,https://github.com/lowRISC/ibex/pull/2273,fetch_evidence,verification,sparse_or_mixed,0.49
2349,pr,https://github.com/lowRISC/ibex/pull/2349,fetch_evidence,tooling,sparse_or_mixed,0.49
2362,pr,https://github.com/lowRISC/ibex/pull/2362,fetch_evidence,rtl,oracle_or_configuration,0.49
2371,pr,https://github.com/lowRISC/ibex/pull/2371,fetch_evidence,verification,oracle_or_configuration,0.49
2379,pr,https://github.com/lowRISC/ibex/pull/2379,fetch_evidence,rtl,sparse_or_mixed,0.49
17,issue,https://github.com/lowRISC/ibex/issues/17,fetch_evidence,rtl,boundary_or_ordering,0.48
30,issue,https://github.com/lowRISC/ibex/issues/30,fetch_evidence,rtl,routine_or_capability,0.48
36,pr,https://github.com/lowRISC/ibex/pull/36,fetch_evidence,tooling,sparse_or_mixed,0.48
118,issue,https://github.com/lowRISC/ibex/issues/118,fetch_evidence,rtl,permission_or_state,0.48
135,pr,https://github.com/lowRISC/ibex/pull/135,fetch_evidence,tooling,sparse_or_mixed,0.48
183,issue,https://github.com/lowRISC/ibex/issues/183,fetch_evidence,rtl,reported_mismatch,0.48
194,pr,https://github.com/lowRISC/ibex/pull/194,fetch_evidence,tooling,sparse_or_mixed,0.48
200,pr,https://github.com/lowRISC/ibex/pull/200,fetch_evidence,tooling,sparse_or_mixed,0.48
247,pr,https://github.com/lowRISC/ibex/pull/247,fetch_evidence,tooling,routine_or_capability,0.48
299,pr,https://github.com/lowRISC/ibex/pull/299,fetch_evidence,verification,routine_or_capability,0.48
334,pr,https://github.com/lowRISC/ibex/pull/334,fetch_evidence,verification,oracle_or_configuration,0.48
380,pr,https://github.com/lowRISC/ibex/pull/380,fetch_evidence,tooling,oracle_or_configuration,0.48
451,pr,https://github.com/lowRISC/ibex/pull/451,fetch_evidence,verification,oracle_or_configuration,0.48
478,pr,https://github.com/lowRISC/ibex/pull/478,fetch_evidence,verification,sparse_or_mixed,0.48
490,pr,https://github.com/lowRISC/ibex/pull/490,fetch_evidence,rtl,sparse_or_mixed,0.48
502,issue,https://github.com/lowRISC/ibex/issues/502,fetch_evidence,tooling,routine_or_capability,0.48
546,pr,https://github.com/lowRISC/ibex/pull/546,fetch_evidence,verification_interface,routine_or_capability,0.48
550,pr,https://github.com/lowRISC/ibex/pull/550,fetch_evidence,tooling,sparse_or_mixed,0.48
578,issue,https://github.com/lowRISC/ibex/issues/578,fetch_evidence,tooling,oracle_or_configuration,0.48
605,issue,https://github.com/lowRISC/ibex/issues/605,fetch_evidence,tooling,routine_or_capability,0.48
611,pr,https://github.com/lowRISC/ibex/pull/611,fetch_evidence,verification_interface,sparse_or_mixed,0.48
622,pr,https://github.com/lowRISC/ibex/pull/622,fetch_evidence,tooling,reported_mismatch,0.48
653,issue,https://github.com/lowRISC/ibex/issues/653,fetch_evidence,tooling,routine_or_capability,0.48
672,pr,https://github.com/lowRISC/ibex/pull/672,fetch_evidence,verification,boundary_or_ordering,0.48
694,pr,https://github.com/lowRISC/ibex/pull/694,fetch_evidence,tooling,reported_mismatch,0.48
728,pr,https://github.com/lowRISC/ibex/pull/728,fetch_evidence,verification,oracle_or_configuration,0.48
852,issue,https://github.com/lowRISC/ibex/issues/852,fetch_evidence,tooling,oracle_or_configuration,0.48
910,issue,https://github.com/lowRISC/ibex/issues/910,fetch_evidence,feature,permission_or_state,0.48
951,pr,https://github.com/lowRISC/ibex/pull/951,fetch_evidence,verification,routine_or_capability,0.48
964,issue,https://github.com/lowRISC/ibex/issues/964,fetch_evidence,verification,oracle_or_configuration,0.48
989,pr,https://github.com/lowRISC/ibex/pull/989,fetch_evidence,verification_interface,routine_or_capability,0.48
1088,pr,https://github.com/lowRISC/ibex/pull/1088,fetch_evidence,tooling,oracle_or_configuration,0.48
1098,pr,https://github.com/lowRISC/ibex/pull/1098,fetch_evidence,tooling,routine_or_capability,0.48
1125,pr,https://github.com/lowRISC/ibex/pull/1125,fetch_evidence,feature,routine_or_capability,0.48
1142,pr,https://github.com/lowRISC/ibex/pull/1142,fetch_evidence,rtl,routine_or_capability,0.48
1148,issue,https://github.com/lowRISC/ibex/issues/1148,fetch_evidence,rtl,permission_or_state,0.48
1150,pr,https://github.com/lowRISC/ibex/pull/1150,fetch_evidence,verification,oracle_or_configuration,0.48
1255,pr,https://github.com/lowRISC/ibex/pull/1255,fetch_evidence,tooling,oracle_or_configuration,0.48
1295,issue,https://github.com/lowRISC/ibex/issues/1295,fetch_evidence,verification,oracle_or_configuration,0.48
1331,pr,https://github.com/lowRISC/ibex/pull/1331,fetch_evidence,verification,sparse_or_mixed,0.48
1511,pr,https://github.com/lowRISC/ibex/pull/1511,fetch_evidence,tooling,routine_or_capability,0.48
1537,pr,https://github.com/lowRISC/ibex/pull/1537,fetch_evidence,tooling,sparse_or_mixed,0.48
1553,issue,https://github.com/lowRISC/ibex/issues/1553,fetch_evidence,integration,reported_mismatch,0.48
1574,pr,https://github.com/lowRISC/ibex/pull/1574,fetch_evidence,tooling,oracle_or_configuration,0.48
1657,pr,https://github.com/lowRISC/ibex/pull/1657,fetch_evidence,verification,sparse_or_mixed,0.48
1667,pr,https://github.com/lowRISC/ibex/pull/1667,fetch_evidence,verification,routine_or_capability,0.48
1853,pr,https://github.com/lowRISC/ibex/pull/1853,fetch_evidence,rtl,sparse_or_mixed,0.48
1940,issue,https://github.com/lowRISC/ibex/issues/1940,fetch_evidence,tooling,reported_mismatch,0.48
1984,issue,https://github.com/lowRISC/ibex/issues/1984,fetch_evidence,tooling,reported_mismatch,0.48
1999,pr,https://github.com/lowRISC/ibex/pull/1999,fetch_evidence,tooling,sparse_or_mixed,0.48
2077,issue,https://github.com/lowRISC/ibex/issues/2077,fetch_evidence,tooling,reported_mismatch,0.48
2080,issue,https://github.com/lowRISC/ibex/issues/2080,fetch_evidence,tooling,reported_mismatch,0.48
2083,issue,https://github.com/lowRISC/ibex/issues/2083,fetch_evidence,tooling,reported_mismatch,0.48
2105,pr,https://github.com/lowRISC/ibex/pull/2105,fetch_evidence,tooling,sparse_or_mixed,0.48
2134,issue,https://github.com/lowRISC/ibex/issues/2134,fetch_evidence,tooling,routine_or_capability,0.48
2145,pr,https://github.com/lowRISC/ibex/pull/2145,fetch_evidence,integration,sparse_or_mixed,0.48
2149,pr,https://github.com/lowRISC/ibex/pull/2149,fetch_evidence,tooling,permission_or_state,0.48
2150,issue,https://github.com/lowRISC/ibex/issues/2150,fetch_evidence,tooling,reported_mismatch,0.48
2164,pr,https://github.com/lowRISC/ibex/pull/2164,fetch_evidence,rtl,oracle_or_configuration,0.48
2182,pr,https://github.com/lowRISC/ibex/pull/2182,fetch_evidence,verification,routine_or_capability,0.48
2262,pr,https://github.com/lowRISC/ibex/pull/2262,fetch_evidence,verification,permission_or_state,0.48
2359,pr,https://github.com/lowRISC/ibex/pull/2359,fetch_evidence,tooling,reported_mismatch,0.48
2467,issue,https://github.com/lowRISC/ibex/issues/2467,fetch_evidence,rtl,boundary_or_ordering,0.48
56,pr,https://github.com/lowRISC/ibex/pull/56,fetch_evidence,verification,routine_or_capability,0.47
88,issue,https://github.com/lowRISC/ibex/issues/88,fetch_evidence,feature,routine_or_capability,0.47
133,issue,https://github.com/lowRISC/ibex/issues/133,fetch_evidence,tooling,routine_or_capability,0.47
184,pr,https://github.com/lowRISC/ibex/pull/184,fetch_evidence,rtl,sparse_or_mixed,0.47
211,issue,https://github.com/lowRISC/ibex/issues/211,fetch_evidence,rtl,sparse_or_mixed,0.47
220,issue,https://github.com/lowRISC/ibex/issues/220,fetch_evidence,tooling,routine_or_capability,0.47
252,pr,https://github.com/lowRISC/ibex/pull/252,fetch_evidence,rtl,permission_or_state,0.47
306,issue,https://github.com/lowRISC/ibex/issues/306,fetch_evidence,tooling,reported_mismatch,0.47
368,pr,https://github.com/lowRISC/ibex/pull/368,fetch_evidence,verification,oracle_or_configuration,0.47
379,pr,https://github.com/lowRISC/ibex/pull/379,fetch_evidence,verification,sparse_or_mixed,0.47
506,pr,https://github.com/lowRISC/ibex/pull/506,fetch_evidence,tooling,sparse_or_mixed,0.47
525,pr,https://github.com/lowRISC/ibex/pull/525,fetch_evidence,verification,sparse_or_mixed,0.47
533,pr,https://github.com/lowRISC/ibex/pull/533,fetch_evidence,verification,routine_or_capability,0.47
703,issue,https://github.com/lowRISC/ibex/issues/703,fetch_evidence,verification,routine_or_capability,0.47
753,issue,https://github.com/lowRISC/ibex/issues/753,fetch_evidence,tooling,routine_or_capability,0.47
759,pr,https://github.com/lowRISC/ibex/pull/759,fetch_evidence,tooling,routine_or_capability,0.47
777,issue,https://github.com/lowRISC/ibex/issues/777,fetch_evidence,feature,routine_or_capability,0.47
927,pr,https://github.com/lowRISC/ibex/pull/927,fetch_evidence,tooling,routine_or_capability,0.47
993,pr,https://github.com/lowRISC/ibex/pull/993,fetch_evidence,integration,sparse_or_mixed,0.47
1026,pr,https://github.com/lowRISC/ibex/pull/1026,fetch_evidence,rtl,sparse_or_mixed,0.47
1073,pr,https://github.com/lowRISC/ibex/pull/1073,fetch_evidence,verification,routine_or_capability,0.47
1111,issue,https://github.com/lowRISC/ibex/issues/1111,fetch_evidence,rtl,boundary_or_ordering,0.47
1139,issue,https://github.com/lowRISC/ibex/issues/1139,fetch_evidence,verification,reported_mismatch,0.47
1207,pr,https://github.com/lowRISC/ibex/pull/1207,fetch_evidence,tooling,sparse_or_mixed,0.47
1281,issue,https://github.com/lowRISC/ibex/issues/1281,fetch_evidence,verification,reported_mismatch,0.47
1306,pr,https://github.com/lowRISC/ibex/pull/1306,fetch_evidence,tooling,sparse_or_mixed,0.47
1359,issue,https://github.com/lowRISC/ibex/issues/1359,fetch_evidence,tooling,reported_mismatch,0.47
1430,issue,https://github.com/lowRISC/ibex/issues/1430,fetch_evidence,feature,routine_or_capability,0.47
1455,pr,https://github.com/lowRISC/ibex/pull/1455,fetch_evidence,tooling,sparse_or_mixed,0.47
1515,pr,https://github.com/lowRISC/ibex/pull/1515,fetch_evidence,tooling,routine_or_capability,0.47
1529,pr,https://github.com/lowRISC/ibex/pull/1529,fetch_evidence,tooling,oracle_or_configuration,0.47
1597,pr,https://github.com/lowRISC/ibex/pull/1597,fetch_evidence,verification,routine_or_capability,0.47
1602,pr,https://github.com/lowRISC/ibex/pull/1602,fetch_evidence,verification_interface,sparse_or_mixed,0.47
1616,pr,https://github.com/lowRISC/ibex/pull/1616,fetch_evidence,verification,sparse_or_mixed,0.47
1636,pr,https://github.com/lowRISC/ibex/pull/1636,fetch_evidence,verification,sparse_or_mixed,0.47
1933,issue,https://github.com/lowRISC/ibex/issues/1933,fetch_evidence,tooling,reported_mismatch,0.47
1979,issue,https://github.com/lowRISC/ibex/issues/1979,fetch_evidence,tooling,reported_mismatch,0.47
2028,pr,https://github.com/lowRISC/ibex/pull/2028,fetch_evidence,verification,oracle_or_configuration,0.47
2040,pr,https://github.com/lowRISC/ibex/pull/2040,fetch_evidence,tooling,sparse_or_mixed,0.47
2128,issue,https://github.com/lowRISC/ibex/issues/2128,fetch_evidence,tooling,reported_mismatch,0.47
2161,issue,https://github.com/lowRISC/ibex/issues/2161,fetch_evidence,tooling,reported_mismatch,0.47
2185,pr,https://github.com/lowRISC/ibex/pull/2185,fetch_evidence,verification,routine_or_capability,0.47
2205,issue,https://github.com/lowRISC/ibex/issues/2205,fetch_evidence,tooling,reported_mismatch,0.47
2240,pr,https://github.com/lowRISC/ibex/pull/2240,fetch_evidence,rtl,sparse_or_mixed,0.47
2259,pr,https://github.com/lowRISC/ibex/pull/2259,fetch_evidence,verification,oracle_or_configuration,0.47
2306,pr,https://github.com/lowRISC/ibex/pull/2306,fetch_evidence,verification_interface,permission_or_state,0.47
2358,pr,https://github.com/lowRISC/ibex/pull/2358,fetch_evidence,tooling,routine_or_capability,0.47
2468,issue,https://github.com/lowRISC/ibex/issues/2468,fetch_evidence,verification,routine_or_capability,0.47
13,issue,https://github.com/lowRISC/ibex/issues/13,fetch_evidence,tooling,reported_mismatch,0.46
55,pr,https://github.com/lowRISC/ibex/pull/55,fetch_evidence,verification,routine_or_capability,0.46
98,issue,https://github.com/lowRISC/ibex/issues/98,fetch_evidence,verification,routine_or_capability,0.46
112,issue,https://github.com/lowRISC/ibex/issues/112,fetch_evidence,tooling,reported_mismatch,0.46
115,issue,https://github.com/lowRISC/ibex/issues/115,fetch_evidence,tooling,reported_mismatch,0.46
181,issue,https://github.com/lowRISC/ibex/issues/181,fetch_evidence,tooling,oracle_or_configuration,0.46
284,pr,https://github.com/lowRISC/ibex/pull/284,fetch_evidence,rtl,sparse_or_mixed,0.46
289,pr,https://github.com/lowRISC/ibex/pull/289,fetch_evidence,tooling,sparse_or_mixed,0.46
466,pr,https://github.com/lowRISC/ibex/pull/466,fetch_evidence,tooling,sparse_or_mixed,0.46
488,pr,https://github.com/lowRISC/ibex/pull/488,fetch_evidence,tooling,routine_or_capability,0.46
503,issue,https://github.com/lowRISC/ibex/issues/503,fetch_evidence,tooling,reported_mismatch,0.46
562,issue,https://github.com/lowRISC/ibex/issues/562,fetch_evidence,tooling,reported_mismatch,0.46
583,pr,https://github.com/lowRISC/ibex/pull/583,fetch_evidence,tooling,routine_or_capability,0.46
708,issue,https://github.com/lowRISC/ibex/issues/708,fetch_evidence,rtl,boundary_or_ordering,0.46
744,pr,https://github.com/lowRISC/ibex/pull/744,fetch_evidence,tooling,routine_or_capability,0.46
802,issue,https://github.com/lowRISC/ibex/issues/802,fetch_evidence,verification,oracle_or_configuration,0.46
952,pr,https://github.com/lowRISC/ibex/pull/952,fetch_evidence,verification,routine_or_capability,0.46
956,issue,https://github.com/lowRISC/ibex/issues/956,fetch_evidence,tooling,sparse_or_mixed,0.46
966,issue,https://github.com/lowRISC/ibex/issues/966,fetch_evidence,tooling,routine_or_capability,0.46
1105,issue,https://github.com/lowRISC/ibex/issues/1105,fetch_evidence,rtl,routine_or_capability,0.46
1120,pr,https://github.com/lowRISC/ibex/pull/1120,fetch_evidence,tooling,routine_or_capability,0.46
1143,issue,https://github.com/lowRISC/ibex/issues/1143,fetch_evidence,verification,oracle_or_configuration,0.46
1165,issue,https://github.com/lowRISC/ibex/issues/1165,fetch_evidence,verification,reported_mismatch,0.46
1211,issue,https://github.com/lowRISC/ibex/issues/1211,fetch_evidence,rtl,routine_or_capability,0.46
1345,pr,https://github.com/lowRISC/ibex/pull/1345,fetch_evidence,rtl,routine_or_capability,0.46
1346,pr,https://github.com/lowRISC/ibex/pull/1346,fetch_evidence,rtl,sparse_or_mixed,0.46
1362,issue,https://github.com/lowRISC/ibex/issues/1362,fetch_evidence,verification,oracle_or_configuration,0.46
1373,pr,https://github.com/lowRISC/ibex/pull/1373,fetch_evidence,verification,oracle_or_configuration,0.46
1440,issue,https://github.com/lowRISC/ibex/issues/1440,fetch_evidence,tooling,reported_mismatch,0.46
1487,pr,https://github.com/lowRISC/ibex/pull/1487,fetch_evidence,tooling,routine_or_capability,0.46
1520,issue,https://github.com/lowRISC/ibex/issues/1520,fetch_evidence,feature,routine_or_capability,0.46
1548,issue,https://github.com/lowRISC/ibex/issues/1548,fetch_evidence,tooling,routine_or_capability,0.46
1628,pr,https://github.com/lowRISC/ibex/pull/1628,fetch_evidence,tooling,routine_or_capability,0.46
1684,issue,https://github.com/lowRISC/ibex/issues/1684,fetch_evidence,tooling,routine_or_capability,0.46
1696,pr,https://github.com/lowRISC/ibex/pull/1696,fetch_evidence,verification,routine_or_capability,0.46
1807,pr,https://github.com/lowRISC/ibex/pull/1807,fetch_evidence,tooling,oracle_or_configuration,0.46
1907,pr,https://github.com/lowRISC/ibex/pull/1907,fetch_evidence,verification,sparse_or_mixed,0.46
1916,pr,https://github.com/lowRISC/ibex/pull/1916,fetch_evidence,verification,oracle_or_configuration,0.46
1937,pr,https://github.com/lowRISC/ibex/pull/1937,fetch_evidence,verification_interface,oracle_or_configuration,0.46
2019,issue,https://github.com/lowRISC/ibex/issues/2019,fetch_evidence,verification,oracle_or_configuration,0.46
2041,issue,https://github.com/lowRISC/ibex/issues/2041,fetch_evidence,feature,oracle_or_configuration,0.46
2065,issue,https://github.com/lowRISC/ibex/issues/2065,fetch_evidence,tooling,reported_mismatch,0.46
2223,pr,https://github.com/lowRISC/ibex/pull/2223,fetch_evidence,tooling,reported_mismatch,0.46
2277,pr,https://github.com/lowRISC/ibex/pull/2277,fetch_evidence,tooling,reported_mismatch,0.46
2284,pr,https://github.com/lowRISC/ibex/pull/2284,fetch_evidence,tooling,sparse_or_mixed,0.46
2464,issue,https://github.com/lowRISC/ibex/issues/2464,fetch_evidence,tooling,sparse_or_mixed,0.46
96,issue,https://github.com/lowRISC/ibex/issues/96,fetch_evidence,rtl,reported_mismatch,0.45
186,pr,https://github.com/lowRISC/ibex/pull/186,fetch_evidence,tooling,routine_or_capability,0.45
381,issue,https://github.com/lowRISC/ibex/issues/381,fetch_evidence,tooling,reported_mismatch,0.45
413,pr,https://github.com/lowRISC/ibex/pull/413,fetch_evidence,verification,routine_or_capability,0.45
484,pr,https://github.com/lowRISC/ibex/pull/484,fetch_evidence,verification,routine_or_capability,0.45
487,pr,https://github.com/lowRISC/ibex/pull/487,fetch_evidence,verification,routine_or_capability,0.45
608,issue,https://github.com/lowRISC/ibex/issues/608,fetch_evidence,tooling,sparse_or_mixed,0.45
647,issue,https://github.com/lowRISC/ibex/issues/647,fetch_evidence,rtl,routine_or_capability,0.45
918,pr,https://github.com/lowRISC/ibex/pull/918,fetch_evidence,verification,routine_or_capability,0.45
929,pr,https://github.com/lowRISC/ibex/pull/929,fetch_evidence,tooling,sparse_or_mixed,0.45
967,pr,https://github.com/lowRISC/ibex/pull/967,fetch_evidence,verification,oracle_or_configuration,0.45
1149,pr,https://github.com/lowRISC/ibex/pull/1149,fetch_evidence,tooling,routine_or_capability,0.45
1166,issue,https://github.com/lowRISC/ibex/issues/1166,fetch_evidence,rtl,reported_mismatch,0.45
1231,pr,https://github.com/lowRISC/ibex/pull/1231,fetch_evidence,tooling,routine_or_capability,0.45
1253,issue,https://github.com/lowRISC/ibex/issues/1253,fetch_evidence,tooling,reported_mismatch,0.45
1292,pr,https://github.com/lowRISC/ibex/pull/1292,fetch_evidence,verification,routine_or_capability,0.45
1293,pr,https://github.com/lowRISC/ibex/pull/1293,fetch_evidence,rtl,permission_or_state,0.45
1307,issue,https://github.com/lowRISC/ibex/issues/1307,fetch_evidence,verification,reported_mismatch,0.45
1324,pr,https://github.com/lowRISC/ibex/pull/1324,fetch_evidence,tooling,sparse_or_mixed,0.45
1371,pr,https://github.com/lowRISC/ibex/pull/1371,fetch_evidence,tooling,oracle_or_configuration,0.45
1409,pr,https://github.com/lowRISC/ibex/pull/1409,fetch_evidence,feature,routine_or_capability,0.45
1415,issue,https://github.com/lowRISC/ibex/issues/1415,fetch_evidence,tooling,routine_or_capability,0.45
1502,pr,https://github.com/lowRISC/ibex/pull/1502,fetch_evidence,verification,sparse_or_mixed,0.45
1521,issue,https://github.com/lowRISC/ibex/issues/1521,fetch_evidence,verification,reported_mismatch,0.45
1532,pr,https://github.com/lowRISC/ibex/pull/1532,fetch_evidence,verification,oracle_or_configuration,0.45
1603,pr,https://github.com/lowRISC/ibex/pull/1603,fetch_evidence,tooling,sparse_or_mixed,0.45
1640,pr,https://github.com/lowRISC/ibex/pull/1640,fetch_evidence,tooling,sparse_or_mixed,0.45
1648,issue,https://github.com/lowRISC/ibex/issues/1648,fetch_evidence,verification,routine_or_capability,0.45
1661,pr,https://github.com/lowRISC/ibex/pull/1661,fetch_evidence,verification,oracle_or_configuration,0.45
1673,issue,https://github.com/lowRISC/ibex/issues/1673,fetch_evidence,verification,reported_mismatch,0.45
1828,pr,https://github.com/lowRISC/ibex/pull/1828,fetch_evidence,rtl,boundary_or_ordering,0.45
1849,pr,https://github.com/lowRISC/ibex/pull/1849,fetch_evidence,tooling,routine_or_capability,0.45
1955,issue,https://github.com/lowRISC/ibex/issues/1955,fetch_evidence,tooling,reported_mismatch,0.45
1976,issue,https://github.com/lowRISC/ibex/issues/1976,fetch_evidence,tooling,reported_mismatch,0.45
2086,pr,https://github.com/lowRISC/ibex/pull/2086,fetch_evidence,unclear,sparse_or_mixed,0.45
2264,issue,https://github.com/lowRISC/ibex/issues/2264,fetch_evidence,verification,reported_mismatch,0.45
2486,pr,https://github.com/lowRISC/ibex/pull/2486,fetch_evidence,tooling,routine_or_capability,0.45
2504,pr,https://github.com/lowRISC/ibex/pull/2504,fetch_evidence,rtl,sparse_or_mixed,0.45
61,pr,https://github.com/lowRISC/ibex/pull/61,fetch_evidence,verification_interface,routine_or_capability,0.44
123,issue,https://github.com/lowRISC/ibex/issues/123,fetch_evidence,rtl,routine_or_capability,0.44
207,pr,https://github.com/lowRISC/ibex/pull/207,fetch_evidence,tooling,routine_or_capability,0.44
291,pr,https://github.com/lowRISC/ibex/pull/291,fetch_evidence,rtl,sparse_or_mixed,0.44
337,pr,https://github.com/lowRISC/ibex/pull/337,fetch_evidence,verification,sparse_or_mixed,0.44
382,issue,https://github.com/lowRISC/ibex/issues/382,fetch_evidence,feature,routine_or_capability,0.44
395,pr,https://github.com/lowRISC/ibex/pull/395,fetch_evidence,verification,sparse_or_mixed,0.44
400,pr,https://github.com/lowRISC/ibex/pull/400,fetch_evidence,verification,reported_mismatch,0.44
433,pr,https://github.com/lowRISC/ibex/pull/433,fetch_evidence,integration,sparse_or_mixed,0.44
464,pr,https://github.com/lowRISC/ibex/pull/464,fetch_evidence,tooling,sparse_or_mixed,0.44
561,pr,https://github.com/lowRISC/ibex/pull/561,fetch_evidence,rtl,boundary_or_ordering,0.44
675,pr,https://github.com/lowRISC/ibex/pull/675,fetch_evidence,verification,sparse_or_mixed,0.44
833,issue,https://github.com/lowRISC/ibex/issues/833,fetch_evidence,tooling,reported_mismatch,0.44
865,pr,https://github.com/lowRISC/ibex/pull/865,fetch_evidence,integration,routine_or_capability,0.44
881,pr,https://github.com/lowRISC/ibex/pull/881,fetch_evidence,tooling,sparse_or_mixed,0.44
925,pr,https://github.com/lowRISC/ibex/pull/925,fetch_evidence,rtl,sparse_or_mixed,0.44
1137,issue,https://github.com/lowRISC/ibex/issues/1137,fetch_evidence,tooling,reported_mismatch,0.44
1355,issue,https://github.com/lowRISC/ibex/issues/1355,fetch_evidence,tooling,reported_mismatch,0.44
1356,pr,https://github.com/lowRISC/ibex/pull/1356,fetch_evidence,verification,routine_or_capability,0.44
1428,pr,https://github.com/lowRISC/ibex/pull/1428,fetch_evidence,verification,sparse_or_mixed,0.44
1567,issue,https://github.com/lowRISC/ibex/issues/1567,fetch_evidence,verification,routine_or_capability,0.44
1569,issue,https://github.com/lowRISC/ibex/issues/1569,fetch_evidence,verification,routine_or_capability,0.44
1573,pr,https://github.com/lowRISC/ibex/pull/1573,fetch_evidence,verification,boundary_or_ordering,0.44
1580,issue,https://github.com/lowRISC/ibex/issues/1580,fetch_evidence,rtl,boundary_or_ordering,0.44
1746,pr,https://github.com/lowRISC/ibex/pull/1746,fetch_evidence,tooling,routine_or_capability,0.44
1782,pr,https://github.com/lowRISC/ibex/pull/1782,fetch_evidence,tooling,sparse_or_mixed,0.44
1794,pr,https://github.com/lowRISC/ibex/pull/1794,fetch_evidence,tooling,routine_or_capability,0.44
1902,issue,https://github.com/lowRISC/ibex/issues/1902,fetch_evidence,verification,sparse_or_mixed,0.44
1911,issue,https://github.com/lowRISC/ibex/issues/1911,fetch_evidence,verification,routine_or_capability,0.44
1924,pr,https://github.com/lowRISC/ibex/pull/1924,fetch_evidence,verification_interface,sparse_or_mixed,0.44
1931,issue,https://github.com/lowRISC/ibex/issues/1931,fetch_evidence,tooling,reported_mismatch,0.44
2027,issue,https://github.com/lowRISC/ibex/issues/2027,fetch_evidence,tooling,reported_mismatch,0.44
2171,pr,https://github.com/lowRISC/ibex/pull/2171,fetch_evidence,verification,oracle_or_configuration,0.44
2238,issue,https://github.com/lowRISC/ibex/issues/2238,fetch_evidence,tooling,routine_or_capability,0.44
2361,pr,https://github.com/lowRISC/ibex/pull/2361,fetch_evidence,feature,oracle_or_configuration,0.44
40,pr,https://github.com/lowRISC/ibex/pull/40,fetch_evidence,tooling,sparse_or_mixed,0.43
42,pr,https://github.com/lowRISC/ibex/pull/42,fetch_evidence,tooling,sparse_or_mixed,0.43
66,pr,https://github.com/lowRISC/ibex/pull/66,fetch_evidence,tooling,routine_or_capability,0.43
124,issue,https://github.com/lowRISC/ibex/issues/124,fetch_evidence,tooling,permission_or_state,0.43
148,pr,https://github.com/lowRISC/ibex/pull/148,fetch_evidence,verification,oracle_or_configuration,0.43
231,pr,https://github.com/lowRISC/ibex/pull/231,fetch_evidence,verification,routine_or_capability,0.43
271,pr,https://github.com/lowRISC/ibex/pull/271,fetch_evidence,rtl,sparse_or_mixed,0.43
307,issue,https://github.com/lowRISC/ibex/issues/307,fetch_evidence,tooling,routine_or_capability,0.43
452,issue,https://github.com/lowRISC/ibex/issues/452,fetch_evidence,verification,routine_or_capability,0.43
467,issue,https://github.com/lowRISC/ibex/issues/467,fetch_evidence,feature,routine_or_capability,0.43
556,pr,https://github.com/lowRISC/ibex/pull/556,fetch_evidence,verification,routine_or_capability,0.43
585,pr,https://github.com/lowRISC/ibex/pull/585,fetch_evidence,rtl,sparse_or_mixed,0.43
684,pr,https://github.com/lowRISC/ibex/pull/684,fetch_evidence,rtl,routine_or_capability,0.43
787,pr,https://github.com/lowRISC/ibex/pull/787,fetch_evidence,rtl,routine_or_capability,0.43
862,pr,https://github.com/lowRISC/ibex/pull/862,fetch_evidence,tooling,routine_or_capability,0.43
928,pr,https://github.com/lowRISC/ibex/pull/928,fetch_evidence,rtl,sparse_or_mixed,0.43
1009,pr,https://github.com/lowRISC/ibex/pull/1009,fetch_evidence,tooling,sparse_or_mixed,0.43
1016,pr,https://github.com/lowRISC/ibex/pull/1016,fetch_evidence,tooling,sparse_or_mixed,0.43
1157,pr,https://github.com/lowRISC/ibex/pull/1157,fetch_evidence,tooling,routine_or_capability,0.43
1254,issue,https://github.com/lowRISC/ibex/issues/1254,fetch_evidence,tooling,reported_mismatch,0.43
1302,issue,https://github.com/lowRISC/ibex/issues/1302,fetch_evidence,verification,reported_mismatch,0.43
1308,issue,https://github.com/lowRISC/ibex/issues/1308,fetch_evidence,tooling,reported_mismatch,0.43
1350,pr,https://github.com/lowRISC/ibex/pull/1350,fetch_evidence,feature,routine_or_capability,0.43
1381,pr,https://github.com/lowRISC/ibex/pull/1381,fetch_evidence,verification,sparse_or_mixed,0.43
1400,issue,https://github.com/lowRISC/ibex/issues/1400,fetch_evidence,tooling,reported_mismatch,0.43
1407,pr,https://github.com/lowRISC/ibex/pull/1407,fetch_evidence,tooling,oracle_or_configuration,0.43
1445,issue,https://github.com/lowRISC/ibex/issues/1445,fetch_evidence,tooling,reported_mismatch,0.43
1568,issue,https://github.com/lowRISC/ibex/issues/1568,fetch_evidence,verification,routine_or_capability,0.43
1621,pr,https://github.com/lowRISC/ibex/pull/1621,fetch_evidence,tooling,routine_or_capability,0.43
1649,issue,https://github.com/lowRISC/ibex/issues/1649,fetch_evidence,verification,routine_or_capability,0.43
1676,issue,https://github.com/lowRISC/ibex/issues/1676,fetch_evidence,tooling,reported_mismatch,0.43
1723,issue,https://github.com/lowRISC/ibex/issues/1723,fetch_evidence,tooling,routine_or_capability,0.43
1806,issue,https://github.com/lowRISC/ibex/issues/1806,fetch_evidence,verification,routine_or_capability,0.43
1819,pr,https://github.com/lowRISC/ibex/pull/1819,fetch_evidence,tooling,routine_or_capability,0.43
1928,pr,https://github.com/lowRISC/ibex/pull/1928,fetch_evidence,verification,oracle_or_configuration,0.43
1980,pr,https://github.com/lowRISC/ibex/pull/1980,fetch_evidence,tooling,routine_or_capability,0.43
2096,pr,https://github.com/lowRISC/ibex/pull/2096,fetch_evidence,tooling,sparse_or_mixed,0.43
2194,issue,https://github.com/lowRISC/ibex/issues/2194,fetch_evidence,integration,routine_or_capability,0.43
2293,pr,https://github.com/lowRISC/ibex/pull/2293,fetch_evidence,rtl,sparse_or_mixed,0.43
158,pr,https://github.com/lowRISC/ibex/pull/158,fetch_evidence,verification,oracle_or_configuration,0.42
218,issue,https://github.com/lowRISC/ibex/issues/218,fetch_evidence,verification,routine_or_capability,0.42
236,pr,https://github.com/lowRISC/ibex/pull/236,fetch_evidence,tooling,sparse_or_mixed,0.42
311,pr,https://github.com/lowRISC/ibex/pull/311,fetch_evidence,feature,sparse_or_mixed,0.42
526,issue,https://github.com/lowRISC/ibex/issues/526,fetch_evidence,feature,routine_or_capability,0.42
616,pr,https://github.com/lowRISC/ibex/pull/616,fetch_evidence,tooling,sparse_or_mixed,0.42
819,pr,https://github.com/lowRISC/ibex/pull/819,fetch_evidence,rtl,sparse_or_mixed,0.42
837,pr,https://github.com/lowRISC/ibex/pull/837,fetch_evidence,tooling,routine_or_capability,0.42
933,pr,https://github.com/lowRISC/ibex/pull/933,fetch_evidence,verification,routine_or_capability,0.42
939,pr,https://github.com/lowRISC/ibex/pull/939,fetch_evidence,rtl,routine_or_capability,0.42
1070,issue,https://github.com/lowRISC/ibex/issues/1070,fetch_evidence,feature,routine_or_capability,0.42
1192,pr,https://github.com/lowRISC/ibex/pull/1192,fetch_evidence,verification,routine_or_capability,0.42
1244,issue,https://github.com/lowRISC/ibex/issues/1244,fetch_evidence,tooling,reported_mismatch,0.42
1266,pr,https://github.com/lowRISC/ibex/pull/1266,fetch_evidence,verification,sparse_or_mixed,0.42
1273,issue,https://github.com/lowRISC/ibex/issues/1273,fetch_evidence,feature,routine_or_capability,0.42
1376,pr,https://github.com/lowRISC/ibex/pull/1376,fetch_evidence,verification,routine_or_capability,0.42
1424,issue,https://github.com/lowRISC/ibex/issues/1424,fetch_evidence,tooling,reported_mismatch,0.42
1519,pr,https://github.com/lowRISC/ibex/pull/1519,fetch_evidence,tooling,sparse_or_mixed,0.42
1535,pr,https://github.com/lowRISC/ibex/pull/1535,fetch_evidence,verification,oracle_or_configuration,0.42
1685,issue,https://github.com/lowRISC/ibex/issues/1685,fetch_evidence,verification,routine_or_capability,0.42
1764,pr,https://github.com/lowRISC/ibex/pull/1764,fetch_evidence,verification_interface,reported_mismatch,0.42
1765,issue,https://github.com/lowRISC/ibex/issues/1765,fetch_evidence,verification,sparse_or_mixed,0.42
1950,pr,https://github.com/lowRISC/ibex/pull/1950,fetch_evidence,unclear,sparse_or_mixed,0.42
2032,pr,https://github.com/lowRISC/ibex/pull/2032,fetch_evidence,tooling,routine_or_capability,0.42
2050,pr,https://github.com/lowRISC/ibex/pull/2050,fetch_evidence,verification,oracle_or_configuration,0.42
2106,issue,https://github.com/lowRISC/ibex/issues/2106,fetch_evidence,tooling,routine_or_capability,0.42
2203,issue,https://github.com/lowRISC/ibex/issues/2203,fetch_evidence,tooling,reported_mismatch,0.42
2235,issue,https://github.com/lowRISC/ibex/issues/2235,fetch_evidence,tooling,oracle_or_configuration,0.42
2248,issue,https://github.com/lowRISC/ibex/issues/2248,fetch_evidence,tooling,reported_mismatch,0.42
2453,issue,https://github.com/lowRISC/ibex/issues/2453,fetch_evidence,integration,reported_mismatch,0.42
1,issue,https://github.com/lowRISC/ibex/issues/1,fetch_evidence,rtl,oracle_or_configuration,0.41
2,issue,https://github.com/lowRISC/ibex/issues/2,fetch_evidence,feature,routine_or_capability,0.41
26,pr,https://github.com/lowRISC/ibex/pull/26,fetch_evidence,rtl,routine_or_capability,0.41
63,issue,https://github.com/lowRISC/ibex/issues/63,fetch_evidence,tooling,routine_or_capability,0.41
140,issue,https://github.com/lowRISC/ibex/issues/140,fetch_evidence,verification,reported_mismatch,0.41
145,pr,https://github.com/lowRISC/ibex/pull/145,fetch_evidence,verification,sparse_or_mixed,0.41
213,issue,https://github.com/lowRISC/ibex/issues/213,fetch_evidence,tooling,routine_or_capability,0.41
215,pr,https://github.com/lowRISC/ibex/pull/215,fetch_evidence,verification,sparse_or_mixed,0.41
316,pr,https://github.com/lowRISC/ibex/pull/316,fetch_evidence,rtl,sparse_or_mixed,0.41
324,pr,https://github.com/lowRISC/ibex/pull/324,fetch_evidence,verification,routine_or_capability,0.41
454,issue,https://github.com/lowRISC/ibex/issues/454,fetch_evidence,tooling,sparse_or_mixed,0.41
524,pr,https://github.com/lowRISC/ibex/pull/524,fetch_evidence,verification,permission_or_state,0.41
542,pr,https://github.com/lowRISC/ibex/pull/542,fetch_evidence,feature,routine_or_capability,0.41
633,pr,https://github.com/lowRISC/ibex/pull/633,fetch_evidence,rtl,sparse_or_mixed,0.41
640,pr,https://github.com/lowRISC/ibex/pull/640,fetch_evidence,tooling,sparse_or_mixed,0.41
765,pr,https://github.com/lowRISC/ibex/pull/765,fetch_evidence,verification,sparse_or_mixed,0.41
795,pr,https://github.com/lowRISC/ibex/pull/795,fetch_evidence,tooling,routine_or_capability,0.41
934,pr,https://github.com/lowRISC/ibex/pull/934,fetch_evidence,verification,routine_or_capability,0.41
961,pr,https://github.com/lowRISC/ibex/pull/961,fetch_evidence,tooling,sparse_or_mixed,0.41
1021,pr,https://github.com/lowRISC/ibex/pull/1021,fetch_evidence,tooling,sparse_or_mixed,0.41
1023,pr,https://github.com/lowRISC/ibex/pull/1023,fetch_evidence,tooling,routine_or_capability,0.41
1025,pr,https://github.com/lowRISC/ibex/pull/1025,fetch_evidence,verification,oracle_or_configuration,0.41
1039,pr,https://github.com/lowRISC/ibex/pull/1039,fetch_evidence,tooling,reported_mismatch,0.41
1057,pr,https://github.com/lowRISC/ibex/pull/1057,fetch_evidence,tooling,routine_or_capability,0.41
1118,issue,https://github.com/lowRISC/ibex/issues/1118,fetch_evidence,rtl,routine_or_capability,0.41
1138,issue,https://github.com/lowRISC/ibex/issues/1138,fetch_evidence,rtl,permission_or_state,0.41
1144,pr,https://github.com/lowRISC/ibex/pull/1144,fetch_evidence,verification,routine_or_capability,0.41
1287,pr,https://github.com/lowRISC/ibex/pull/1287,fetch_evidence,verification,sparse_or_mixed,0.41
1322,pr,https://github.com/lowRISC/ibex/pull/1322,fetch_evidence,verification,sparse_or_mixed,0.41
1338,pr,https://github.com/lowRISC/ibex/pull/1338,fetch_evidence,rtl,routine_or_capability,0.41
1527,pr,https://github.com/lowRISC/ibex/pull/1527,fetch_evidence,tooling,sparse_or_mixed,0.41
1533,pr,https://github.com/lowRISC/ibex/pull/1533,fetch_evidence,verification,sparse_or_mixed,0.41
1575,pr,https://github.com/lowRISC/ibex/pull/1575,fetch_evidence,verification,oracle_or_configuration,0.41
1583,pr,https://github.com/lowRISC/ibex/pull/1583,fetch_evidence,rtl,boundary_or_ordering,0.41
1889,issue,https://github.com/lowRISC/ibex/issues/1889,fetch_evidence,tooling,reported_mismatch,0.41
1903,issue,https://github.com/lowRISC/ibex/issues/1903,fetch_evidence,verification,permission_or_state,0.41
1923,pr,https://github.com/lowRISC/ibex/pull/1923,fetch_evidence,verification,routine_or_capability,0.41
1957,pr,https://github.com/lowRISC/ibex/pull/1957,fetch_evidence,tooling,sparse_or_mixed,0.41
1965,issue,https://github.com/lowRISC/ibex/issues/1965,fetch_evidence,verification,oracle_or_configuration,0.41
2097,pr,https://github.com/lowRISC/ibex/pull/2097,fetch_evidence,tooling,sparse_or_mixed,0.41
2148,issue,https://github.com/lowRISC/ibex/issues/2148,fetch_evidence,tooling,routine_or_capability,0.41
2172,issue,https://github.com/lowRISC/ibex/issues/2172,fetch_evidence,verification,reported_mismatch,0.41
2222,issue,https://github.com/lowRISC/ibex/issues/2222,fetch_evidence,rtl,oracle_or_configuration,0.41
2225,pr,https://github.com/lowRISC/ibex/pull/2225,fetch_evidence,tooling,routine_or_capability,0.41
315,pr,https://github.com/lowRISC/ibex/pull/315,fetch_evidence,verification,routine_or_capability,0.4
326,pr,https://github.com/lowRISC/ibex/pull/326,fetch_evidence,tooling,sparse_or_mixed,0.4
338,pr,https://github.com/lowRISC/ibex/pull/338,fetch_evidence,verification,sparse_or_mixed,0.4
456,pr,https://github.com/lowRISC/ibex/pull/456,fetch_evidence,verification,sparse_or_mixed,0.4
457,pr,https://github.com/lowRISC/ibex/pull/457,fetch_evidence,rtl,routine_or_capability,0.4
520,pr,https://github.com/lowRISC/ibex/pull/520,fetch_evidence,verification,oracle_or_configuration,0.4
527,issue,https://github.com/lowRISC/ibex/issues/527,fetch_evidence,rtl,routine_or_capability,0.4
535,pr,https://github.com/lowRISC/ibex/pull/535,fetch_evidence,feature,routine_or_capability,0.4
788,issue,https://github.com/lowRISC/ibex/issues/788,fetch_evidence,rtl,routine_or_capability,0.4
937,pr,https://github.com/lowRISC/ibex/pull/937,fetch_evidence,tooling,sparse_or_mixed,0.4
941,issue,https://github.com/lowRISC/ibex/issues/941,fetch_evidence,tooling,reported_mismatch,0.4
1022,issue,https://github.com/lowRISC/ibex/issues/1022,fetch_evidence,tooling,routine_or_capability,0.4
1090,pr,https://github.com/lowRISC/ibex/pull/1090,fetch_evidence,rtl,sparse_or_mixed,0.4
1296,pr,https://github.com/lowRISC/ibex/pull/1296,fetch_evidence,rtl,routine_or_capability,0.4
1299,issue,https://github.com/lowRISC/ibex/issues/1299,fetch_evidence,tooling,oracle_or_configuration,0.4
1328,issue,https://github.com/lowRISC/ibex/issues/1328,fetch_evidence,verification,oracle_or_configuration,0.4
1365,issue,https://github.com/lowRISC/ibex/issues/1365,fetch_evidence,tooling,reported_mismatch,0.4
1531,pr,https://github.com/lowRISC/ibex/pull/1531,fetch_evidence,rtl,sparse_or_mixed,0.4
1804,issue,https://github.com/lowRISC/ibex/issues/1804,fetch_evidence,tooling,reported_mismatch,0.4
1888,pr,https://github.com/lowRISC/ibex/pull/1888,fetch_evidence,tooling,sparse_or_mixed,0.4
1912,issue,https://github.com/lowRISC/ibex/issues/1912,fetch_evidence,verification,routine_or_capability,0.4
1946,issue,https://github.com/lowRISC/ibex/issues/1946,fetch_evidence,tooling,reported_mismatch,0.4
1960,issue,https://github.com/lowRISC/ibex/issues/1960,fetch_evidence,tooling,reported_mismatch,0.4
2011,issue,https://github.com/lowRISC/ibex/issues/2011,fetch_evidence,tooling,reported_mismatch,0.4
2048,issue,https://github.com/lowRISC/ibex/issues/2048,fetch_evidence,tooling,reported_mismatch,0.4
2084,issue,https://github.com/lowRISC/ibex/issues/2084,fetch_evidence,verification,routine_or_capability,0.4
2092,pr,https://github.com/lowRISC/ibex/pull/2092,fetch_evidence,verification,sparse_or_mixed,0.4
2153,issue,https://github.com/lowRISC/ibex/issues/2153,fetch_evidence,tooling,reported_mismatch,0.4
2155,pr,https://github.com/lowRISC/ibex/pull/2155,fetch_evidence,tooling,routine_or_capability,0.4
2234,pr,https://github.com/lowRISC/ibex/pull/2234,fetch_evidence,verification,sparse_or_mixed,0.4
2315,issue,https://github.com/lowRISC/ibex/issues/2315,fetch_evidence,tooling,reported_mismatch,0.4
2462,issue,https://github.com/lowRISC/ibex/issues/2462,fetch_evidence,tooling,reported_mismatch,0.4
111,pr,https://github.com/lowRISC/ibex/pull/111,fetch_evidence,rtl,sparse_or_mixed,0.39
116,pr,https://github.com/lowRISC/ibex/pull/116,fetch_evidence,verification,routine_or_capability,0.39
139,pr,https://github.com/lowRISC/ibex/pull/139,fetch_evidence,rtl,sparse_or_mixed,0.39
146,pr,https://github.com/lowRISC/ibex/pull/146,fetch_evidence,verification,permission_or_state,0.39
264,pr,https://github.com/lowRISC/ibex/pull/264,fetch_evidence,verification,routine_or_capability,0.39
281,pr,https://github.com/lowRISC/ibex/pull/281,fetch_evidence,verification,sparse_or_mixed,0.39
330,pr,https://github.com/lowRISC/ibex/pull/330,fetch_evidence,verification,sparse_or_mixed,0.39
418,pr,https://github.com/lowRISC/ibex/pull/418,fetch_evidence,verification,oracle_or_configuration,0.39
489,issue,https://github.com/lowRISC/ibex/issues/489,fetch_evidence,verification,reported_mismatch,0.39
509,pr,https://github.com/lowRISC/ibex/pull/509,fetch_evidence,feature,permission_or_state,0.39
593,pr,https://github.com/lowRISC/ibex/pull/593,fetch_evidence,verification,routine_or_capability,0.39
643,pr,https://github.com/lowRISC/ibex/pull/643,fetch_evidence,verification,sparse_or_mixed,0.39
682,pr,https://github.com/lowRISC/ibex/pull/682,fetch_evidence,tooling,sparse_or_mixed,0.39
695,pr,https://github.com/lowRISC/ibex/pull/695,fetch_evidence,rtl,routine_or_capability,0.39
919,pr,https://github.com/lowRISC/ibex/pull/919,fetch_evidence,rtl,sparse_or_mixed,0.39
923,pr,https://github.com/lowRISC/ibex/pull/923,fetch_evidence,rtl,sparse_or_mixed,0.39
1190,pr,https://github.com/lowRISC/ibex/pull/1190,fetch_evidence,verification,sparse_or_mixed,0.39
1651,pr,https://github.com/lowRISC/ibex/pull/1651,fetch_evidence,verification,sparse_or_mixed,0.39
1805,pr,https://github.com/lowRISC/ibex/pull/1805,fetch_evidence,tooling,permission_or_state,0.39
2003,issue,https://github.com/lowRISC/ibex/issues/2003,fetch_evidence,tooling,reported_mismatch,0.39
2029,pr,https://github.com/lowRISC/ibex/pull/2029,fetch_evidence,tooling,sparse_or_mixed,0.39
2035,issue,https://github.com/lowRISC/ibex/issues/2035,fetch_evidence,tooling,reported_mismatch,0.39
2100,issue,https://github.com/lowRISC/ibex/issues/2100,fetch_evidence,tooling,reported_mismatch,0.39
314,pr,https://github.com/lowRISC/ibex/pull/314,fetch_evidence,verification,sparse_or_mixed,0.38
351,pr,https://github.com/lowRISC/ibex/pull/351,fetch_evidence,verification,oracle_or_configuration,0.38
455,pr,https://github.com/lowRISC/ibex/pull/455,fetch_evidence,verification,oracle_or_configuration,0.38
519,pr,https://github.com/lowRISC/ibex/pull/519,fetch_evidence,verification,boundary_or_ordering,0.38
816,pr,https://github.com/lowRISC/ibex/pull/816,fetch_evidence,feature,routine_or_capability,0.38
856,pr,https://github.com/lowRISC/ibex/pull/856,fetch_evidence,verification,routine_or_capability,0.38
1004,pr,https://github.com/lowRISC/ibex/pull/1004,fetch_evidence,rtl,sparse_or_mixed,0.38
1127,pr,https://github.com/lowRISC/ibex/pull/1127,fetch_evidence,tooling,sparse_or_mixed,0.38
1309,pr,https://github.com/lowRISC/ibex/pull/1309,fetch_evidence,rtl,permission_or_state,0.38
1378,issue,https://github.com/lowRISC/ibex/issues/1378,fetch_evidence,tooling,reported_mismatch,0.38
1528,issue,https://github.com/lowRISC/ibex/issues/1528,fetch_evidence,rtl,boundary_or_ordering,0.38
1622,issue,https://github.com/lowRISC/ibex/issues/1622,fetch_evidence,verification,routine_or_capability,0.38
1655,pr,https://github.com/lowRISC/ibex/pull/1655,fetch_evidence,tooling,oracle_or_configuration,0.38
1766,pr,https://github.com/lowRISC/ibex/pull/1766,fetch_evidence,verification,oracle_or_configuration,0.38
1905,issue,https://github.com/lowRISC/ibex/issues/1905,fetch_evidence,verification,routine_or_capability,0.38
2068,pr,https://github.com/lowRISC/ibex/pull/2068,fetch_evidence,tooling,sparse_or_mixed,0.38
2221,pr,https://github.com/lowRISC/ibex/pull/2221,fetch_evidence,tooling,routine_or_capability,0.38
2333,issue,https://github.com/lowRISC/ibex/issues/2333,fetch_evidence,tooling,reported_mismatch,0.38
58,pr,https://github.com/lowRISC/ibex/pull/58,fetch_evidence,verification,sparse_or_mixed,0.37
71,pr,https://github.com/lowRISC/ibex/pull/71,fetch_evidence,verification,routine_or_capability,0.37
77,pr,https://github.com/lowRISC/ibex/pull/77,fetch_evidence,feature,routine_or_capability,0.37
89,issue,https://github.com/lowRISC/ibex/issues/89,fetch_evidence,feature,routine_or_capability,0.37
204,issue,https://github.com/lowRISC/ibex/issues/204,fetch_evidence,verification_interface,routine_or_capability,0.37
219,issue,https://github.com/lowRISC/ibex/issues/219,fetch_evidence,verification,routine_or_capability,0.37
250,pr,https://github.com/lowRISC/ibex/pull/250,fetch_evidence,tooling,routine_or_capability,0.37
355,pr,https://github.com/lowRISC/ibex/pull/355,fetch_evidence,verification,reported_mismatch,0.37
384,pr,https://github.com/lowRISC/ibex/pull/384,fetch_evidence,tooling,routine_or_capability,0.37
389,pr,https://github.com/lowRISC/ibex/pull/389,fetch_evidence,tooling,routine_or_capability,0.37
415,pr,https://github.com/lowRISC/ibex/pull/415,fetch_evidence,verification,routine_or_capability,0.37
446,pr,https://github.com/lowRISC/ibex/pull/446,fetch_evidence,verification,routine_or_capability,0.37
584,pr,https://github.com/lowRISC/ibex/pull/584,fetch_evidence,tooling,routine_or_capability,0.37
644,issue,https://github.com/lowRISC/ibex/issues/644,fetch_evidence,tooling,routine_or_capability,0.37
702,pr,https://github.com/lowRISC/ibex/pull/702,fetch_evidence,rtl,sparse_or_mixed,0.37
754,pr,https://github.com/lowRISC/ibex/pull/754,fetch_evidence,verification,sparse_or_mixed,0.37
1114,issue,https://github.com/lowRISC/ibex/issues/1114,fetch_evidence,rtl,routine_or_capability,0.37
1133,issue,https://github.com/lowRISC/ibex/issues/1133,fetch_evidence,rtl,routine_or_capability,0.37
1185,issue,https://github.com/lowRISC/ibex/issues/1185,fetch_evidence,feature,routine_or_capability,0.37
1257,pr,https://github.com/lowRISC/ibex/pull/1257,fetch_evidence,tooling,sparse_or_mixed,0.37
1312,pr,https://github.com/lowRISC/ibex/pull/1312,fetch_evidence,verification,routine_or_capability,0.37
1606,pr,https://github.com/lowRISC/ibex/pull/1606,fetch_evidence,tooling,routine_or_capability,0.37
1618,pr,https://github.com/lowRISC/ibex/pull/1618,fetch_evidence,verification,routine_or_capability,0.37
1669,issue,https://github.com/lowRISC/ibex/issues/1669,fetch_evidence,verification,reported_mismatch,0.37
1686,issue,https://github.com/lowRISC/ibex/issues/1686,fetch_evidence,verification,routine_or_capability,0.37
1767,pr,https://github.com/lowRISC/ibex/pull/1767,fetch_evidence,rtl,permission_or_state,0.37
1783,pr,https://github.com/lowRISC/ibex/pull/1783,fetch_evidence,tooling,routine_or_capability,0.37
1932,issue,https://github.com/lowRISC/ibex/issues/1932,fetch_evidence,tooling,reported_mismatch,0.37
2208,issue,https://github.com/lowRISC/ibex/issues/2208,fetch_evidence,tooling,routine_or_capability,0.37
52,pr,https://github.com/lowRISC/ibex/pull/52,fetch_evidence,tooling,routine_or_capability,0.36
68,issue,https://github.com/lowRISC/ibex/issues/68,fetch_evidence,tooling,sparse_or_mixed,0.36
156,pr,https://github.com/lowRISC/ibex/pull/156,fetch_evidence,unclear,routine_or_capability,0.36
242,pr,https://github.com/lowRISC/ibex/pull/242,fetch_evidence,verification,routine_or_capability,0.36
323,pr,https://github.com/lowRISC/ibex/pull/323,fetch_evidence,verification,routine_or_capability,0.36
346,pr,https://github.com/lowRISC/ibex/pull/346,fetch_evidence,verification,reported_mismatch,0.36
361,pr,https://github.com/lowRISC/ibex/pull/361,fetch_evidence,tooling,routine_or_capability,0.36
405,pr,https://github.com/lowRISC/ibex/pull/405,fetch_evidence,verification,sparse_or_mixed,0.36
513,pr,https://github.com/lowRISC/ibex/pull/513,fetch_evidence,verification,sparse_or_mixed,0.36
514,issue,https://github.com/lowRISC/ibex/issues/514,fetch_evidence,verification,reported_mismatch,0.36
690,pr,https://github.com/lowRISC/ibex/pull/690,fetch_evidence,tooling,routine_or_capability,0.36
924,pr,https://github.com/lowRISC/ibex/pull/924,fetch_evidence,verification,routine_or_capability,0.36
1001,pr,https://github.com/lowRISC/ibex/pull/1001,fetch_evidence,unclear,sparse_or_mixed,0.36
1294,issue,https://github.com/lowRISC/ibex/issues/1294,fetch_evidence,tooling,routine_or_capability,0.36
1432,issue,https://github.com/lowRISC/ibex/issues/1432,fetch_evidence,integration,routine_or_capability,0.36
1454,issue,https://github.com/lowRISC/ibex/issues/1454,fetch_evidence,rtl,boundary_or_ordering,0.36
1467,pr,https://github.com/lowRISC/ibex/pull/1467,fetch_evidence,verification,sparse_or_mixed,0.36
1571,issue,https://github.com/lowRISC/ibex/issues/1571,fetch_evidence,verification,routine_or_capability,0.36
1785,pr,https://github.com/lowRISC/ibex/pull/1785,fetch_evidence,verification,routine_or_capability,0.36
1797,pr,https://github.com/lowRISC/ibex/pull/1797,fetch_evidence,rtl,sparse_or_mixed,0.36
1867,issue,https://github.com/lowRISC/ibex/issues/1867,fetch_evidence,rtl,routine_or_capability,0.36
1947,pr,https://github.com/lowRISC/ibex/pull/1947,fetch_evidence,verification,sparse_or_mixed,0.36
2064,issue,https://github.com/lowRISC/ibex/issues/2064,fetch_evidence,tooling,reported_mismatch,0.36
2127,pr,https://github.com/lowRISC/ibex/pull/2127,fetch_evidence,tooling,sparse_or_mixed,0.36
2139,issue,https://github.com/lowRISC/ibex/issues/2139,fetch_evidence,tooling,reported_mismatch,0.36
78,pr,https://github.com/lowRISC/ibex/pull/78,fetch_evidence,integration,routine_or_capability,0.35
235,pr,https://github.com/lowRISC/ibex/pull/235,fetch_evidence,unclear,sparse_or_mixed,0.35
329,pr,https://github.com/lowRISC/ibex/pull/329,fetch_evidence,verification,routine_or_capability,0.35
345,pr,https://github.com/lowRISC/ibex/pull/345,fetch_evidence,verification,routine_or_capability,0.35
532,pr,https://github.com/lowRISC/ibex/pull/532,fetch_evidence,tooling,sparse_or_mixed,0.35
558,pr,https://github.com/lowRISC/ibex/pull/558,fetch_evidence,integration,routine_or_capability,0.35
737,pr,https://github.com/lowRISC/ibex/pull/737,fetch_evidence,tooling,routine_or_capability,0.35
766,pr,https://github.com/lowRISC/ibex/pull/766,fetch_evidence,tooling,sparse_or_mixed,0.35
1431,issue,https://github.com/lowRISC/ibex/issues/1431,fetch_evidence,integration,routine_or_capability,0.35
1776,pr,https://github.com/lowRISC/ibex/pull/1776,fetch_evidence,verification,sparse_or_mixed,0.35
1822,pr,https://github.com/lowRISC/ibex/pull/1822,fetch_evidence,verification,sparse_or_mixed,0.35
1877,pr,https://github.com/lowRISC/ibex/pull/1877,fetch_evidence,verification,sparse_or_mixed,0.35
1934,pr,https://github.com/lowRISC/ibex/pull/1934,fetch_evidence,verification,sparse_or_mixed,0.35
1935,pr,https://github.com/lowRISC/ibex/pull/1935,fetch_evidence,verification,sparse_or_mixed,0.35
2110,issue,https://github.com/lowRISC/ibex/issues/2110,fetch_evidence,verification,sparse_or_mixed,0.35
2111,issue,https://github.com/lowRISC/ibex/issues/2111,fetch_evidence,verification,oracle_or_configuration,0.35
2177,pr,https://github.com/lowRISC/ibex/pull/2177,fetch_evidence,rtl,sparse_or_mixed,0.35
2307,pr,https://github.com/lowRISC/ibex/pull/2307,fetch_evidence,unclear,sparse_or_mixed,0.35
2308,issue,https://github.com/lowRISC/ibex/issues/2308,fetch_evidence,tooling,routine_or_capability,0.35
2378,pr,https://github.com/lowRISC/ibex/pull/2378,fetch_evidence,tooling,routine_or_capability,0.35
8,issue,https://github.com/lowRISC/ibex/issues/8,fetch_evidence,feature,routine_or_capability,0.34
160,pr,https://github.com/lowRISC/ibex/pull/160,fetch_evidence,verification,permission_or_state,0.34
358,pr,https://github.com/lowRISC/ibex/pull/358,fetch_evidence,verification,routine_or_capability,0.34
387,pr,https://github.com/lowRISC/ibex/pull/387,fetch_evidence,verification,permission_or_state,0.34
404,pr,https://github.com/lowRISC/ibex/pull/404,fetch_evidence,verification,routine_or_capability,0.34
493,pr,https://github.com/lowRISC/ibex/pull/493,fetch_evidence,tooling,routine_or_capability,0.34
1069,pr,https://github.com/lowRISC/ibex/pull/1069,fetch_evidence,tooling,sparse_or_mixed,0.34
1086,issue,https://github.com/lowRISC/ibex/issues/1086,fetch_evidence,verification,routine_or_capability,0.34
1581,pr,https://github.com/lowRISC/ibex/pull/1581,fetch_evidence,verification,routine_or_capability,0.34
1792,pr,https://github.com/lowRISC/ibex/pull/1792,fetch_evidence,tooling,routine_or_capability,0.34
1927,issue,https://github.com/lowRISC/ibex/issues/1927,fetch_evidence,tooling,reported_mismatch,0.34
2271,pr,https://github.com/lowRISC/ibex/pull/2271,fetch_evidence,tooling,routine_or_capability,0.34
73,pr,https://github.com/lowRISC/ibex/pull/73,fetch_evidence,tooling,sparse_or_mixed,0.33
362,pr,https://github.com/lowRISC/ibex/pull/362,fetch_evidence,verification,sparse_or_mixed,0.33
386,pr,https://github.com/lowRISC/ibex/pull/386,fetch_evidence,tooling,routine_or_capability,0.33
674,issue,https://github.com/lowRISC/ibex/issues/674,fetch_evidence,tooling,routine_or_capability,0.33
1249,issue,https://github.com/lowRISC/ibex/issues/1249,fetch_evidence,tooling,routine_or_capability,0.33
1653,pr,https://github.com/lowRISC/ibex/pull/1653,fetch_evidence,verification,sparse_or_mixed,0.33
2089,issue,https://github.com/lowRISC/ibex/issues/2089,fetch_evidence,verification,routine_or_capability,0.33
2109,pr,https://github.com/lowRISC/ibex/pull/2109,fetch_evidence,tooling,routine_or_capability,0.33
2162,issue,https://github.com/lowRISC/ibex/issues/2162,fetch_evidence,feature,routine_or_capability,0.33
165,pr,https://github.com/lowRISC/ibex/pull/165,fetch_evidence,tooling,sparse_or_mixed,0.32
179,pr,https://github.com/lowRISC/ibex/pull/179,fetch_evidence,verification,sparse_or_mixed,0.32
190,pr,https://github.com/lowRISC/ibex/pull/190,fetch_evidence,verification,routine_or_capability,0.32
205,issue,https://github.com/lowRISC/ibex/issues/205,fetch_evidence,verification_interface,routine_or_capability,0.32
206,pr,https://github.com/lowRISC/ibex/pull/206,fetch_evidence,integration,sparse_or_mixed,0.32
221,pr,https://github.com/lowRISC/ibex/pull/221,fetch_evidence,verification,routine_or_capability,0.32
328,pr,https://github.com/lowRISC/ibex/pull/328,fetch_evidence,verification,routine_or_capability,0.32
714,pr,https://github.com/lowRISC/ibex/pull/714,fetch_evidence,tooling,sparse_or_mixed,0.32
1238,issue,https://github.com/lowRISC/ibex/issues/1238,fetch_evidence,rtl,routine_or_capability,0.32
1453,issue,https://github.com/lowRISC/ibex/issues/1453,fetch_evidence,tooling,routine_or_capability,0.32
1463,pr,https://github.com/lowRISC/ibex/pull/1463,fetch_evidence,verification,routine_or_capability,0.32
1564,issue,https://github.com/lowRISC/ibex/issues/1564,fetch_evidence,verification,routine_or_capability,0.32
1751,pr,https://github.com/lowRISC/ibex/pull/1751,fetch_evidence,tooling,routine_or_capability,0.32
1972,issue,https://github.com/lowRISC/ibex/issues/1972,fetch_evidence,integration,routine_or_capability,0.32
2072,issue,https://github.com/lowRISC/ibex/issues/2072,fetch_evidence,tooling,reported_mismatch,0.32
2114,issue,https://github.com/lowRISC/ibex/issues/2114,fetch_evidence,tooling,routine_or_capability,0.32
2190,pr,https://github.com/lowRISC/ibex/pull/2190,fetch_evidence,rtl,sparse_or_mixed,0.32
2507,pr,https://github.com/lowRISC/ibex/pull/2507,fetch_evidence,tooling,sparse_or_mixed,0.32
397,pr,https://github.com/lowRISC/ibex/pull/397,fetch_evidence,verification,routine_or_capability,0.31
517,pr,https://github.com/lowRISC/ibex/pull/517,fetch_evidence,unclear,sparse_or_mixed,0.31
889,pr,https://github.com/lowRISC/ibex/pull/889,fetch_evidence,tooling,routine_or_capability,0.31
1301,pr,https://github.com/lowRISC/ibex/pull/1301,fetch_evidence,rtl,routine_or_capability,0.31
1358,issue,https://github.com/lowRISC/ibex/issues/1358,fetch_evidence,tooling,reported_mismatch,0.31
1405,issue,https://github.com/lowRISC/ibex/issues/1405,fetch_evidence,integration,reported_mismatch,0.31
1436,issue,https://github.com/lowRISC/ibex/issues/1436,fetch_evidence,tooling,routine_or_capability,0.31
1498,pr,https://github.com/lowRISC/ibex/pull/1498,fetch_evidence,tooling,routine_or_capability,0.31
1599,pr,https://github.com/lowRISC/ibex/pull/1599,fetch_evidence,verification,sparse_or_mixed,0.31
1800,pr,https://github.com/lowRISC/ibex/pull/1800,fetch_evidence,rtl,sparse_or_mixed,0.31
1951,pr,https://github.com/lowRISC/ibex/pull/1951,fetch_evidence,verification,sparse_or_mixed,0.31
1997,pr,https://github.com/lowRISC/ibex/pull/1997,fetch_evidence,tooling,sparse_or_mixed,0.31
2207,issue,https://github.com/lowRISC/ibex/issues/2207,fetch_evidence,tooling,routine_or_capability,0.31
2212,pr,https://github.com/lowRISC/ibex/pull/2212,fetch_evidence,tooling,routine_or_capability,0.31
2295,issue,https://github.com/lowRISC/ibex/issues/2295,fetch_evidence,rtl,routine_or_capability,0.31
2298,pr,https://github.com/lowRISC/ibex/pull/2298,fetch_evidence,tooling,sparse_or_mixed,0.31
28,pr,https://github.com/lowRISC/ibex/pull/28,fetch_evidence,unclear,routine_or_capability,0.3
97,issue,https://github.com/lowRISC/ibex/issues/97,fetch_evidence,feature,routine_or_capability,0.3
313,pr,https://github.com/lowRISC/ibex/pull/313,fetch_evidence,unclear,sparse_or_mixed,0.3
352,pr,https://github.com/lowRISC/ibex/pull/352,fetch_evidence,verification,routine_or_capability,0.3
448,pr,https://github.com/lowRISC/ibex/pull/448,fetch_evidence,verification,routine_or_capability,0.3
1391,pr,https://github.com/lowRISC/ibex/pull/1391,fetch_evidence,verification,routine_or_capability,0.3
1844,pr,https://github.com/lowRISC/ibex/pull/1844,fetch_evidence,rtl,sparse_or_mixed,0.3
1882,pr,https://github.com/lowRISC/ibex/pull/1882,fetch_evidence,verification,sparse_or_mixed,0.3
2377,pr,https://github.com/lowRISC/ibex/pull/2377,fetch_evidence,tooling,routine_or_capability,0.3
12,pr,https://github.com/lowRISC/ibex/pull/12,fetch_evidence,tooling,routine_or_capability,0.29
79,pr,https://github.com/lowRISC/ibex/pull/79,fetch_evidence,tooling,sparse_or_mixed,0.29
225,pr,https://github.com/lowRISC/ibex/pull/225,fetch_evidence,tooling,routine_or_capability,0.29
255,pr,https://github.com/lowRISC/ibex/pull/255,fetch_evidence,verification,routine_or_capability,0.29
615,pr,https://github.com/lowRISC/ibex/pull/615,fetch_evidence,tooling,sparse_or_mixed,0.29
959,pr,https://github.com/lowRISC/ibex/pull/959,fetch_evidence,tooling,sparse_or_mixed,0.29
1563,issue,https://github.com/lowRISC/ibex/issues/1563,fetch_evidence,verification,routine_or_capability,0.29
1577,pr,https://github.com/lowRISC/ibex/pull/1577,fetch_evidence,verification,routine_or_capability,0.29
1578,pr,https://github.com/lowRISC/ibex/pull/1578,fetch_evidence,tooling,sparse_or_mixed,0.29
1627,pr,https://github.com/lowRISC/ibex/pull/1627,fetch_evidence,tooling,routine_or_capability,0.29
1748,pr,https://github.com/lowRISC/ibex/pull/1748,fetch_evidence,rtl,sparse_or_mixed,0.29
1793,pr,https://github.com/lowRISC/ibex/pull/1793,fetch_evidence,verification,sparse_or_mixed,0.29
1943,pr,https://github.com/lowRISC/ibex/pull/1943,fetch_evidence,verification,sparse_or_mixed,0.29
2098,issue,https://github.com/lowRISC/ibex/issues/2098,fetch_evidence,verification_interface,oracle_or_configuration,0.29
2322,pr,https://github.com/lowRISC/ibex/pull/2322,fetch_evidence,unclear,sparse_or_mixed,0.29
2463,pr,https://github.com/lowRISC/ibex/pull/2463,fetch_evidence,tooling,routine_or_capability,0.29
409,pr,https://github.com/lowRISC/ibex/pull/409,fetch_evidence,verification,routine_or_capability,0.28
609,pr,https://github.com/lowRISC/ibex/pull/609,fetch_evidence,unclear,sparse_or_mixed,0.28
1433,pr,https://github.com/lowRISC/ibex/pull/1433,fetch_evidence,unclear,sparse_or_mixed,0.28
1495,pr,https://github.com/lowRISC/ibex/pull/1495,fetch_evidence,verification,sparse_or_mixed,0.28
2318,pr,https://github.com/lowRISC/ibex/pull/2318,fetch_evidence,unclear,sparse_or_mixed,0.28
2351,issue,https://github.com/lowRISC/ibex/issues/2351,fetch_evidence,unclear,sparse_or_mixed,0.28
398,pr,https://github.com/lowRISC/ibex/pull/398,fetch_evidence,unclear,sparse_or_mixed,0.27
752,pr,https://github.com/lowRISC/ibex/pull/752,fetch_evidence,tooling,sparse_or_mixed,0.27
2087,issue,https://github.com/lowRISC/ibex/issues/2087,fetch_evidence,tooling,sparse_or_mixed,0.27
1171,pr,https://github.com/lowRISC/ibex/pull/1171,fetch_evidence,unclear,sparse_or_mixed,0.26
1938,pr,https://github.com/lowRISC/ibex/pull/1938,fetch_evidence,tooling,routine_or_capability,0.26
1450,pr,https://github.com/lowRISC/ibex/pull/1450,fetch_evidence,tooling,routine_or_capability,0.25
1523,pr,https://github.com/lowRISC/ibex/pull/1523,fetch_evidence,tooling,routine_or_capability,0.25
2343,issue,https://github.com/lowRISC/ibex/issues/2343,fetch_evidence,tooling,routine_or_capability,0.24
1438,issue,https://github.com/lowRISC/ibex/issues/1438,fetch_evidence,verification,routine_or_capability,0.23
2160,pr,https://github.com/lowRISC/ibex/pull/2160,fetch_evidence,unclear,sparse_or_mixed,0.23
2413,pr,https://github.com/lowRISC/ibex/pull/2413,fetch_evidence,unclear,sparse_or_mixed,0.23
1172,issue,https://github.com/lowRISC/ibex/issues/1172,fetch_evidence,unclear,sparse_or_mixed,0.22
1434,pr,https://github.com/lowRISC/ibex/pull/1434,fetch_evidence,tooling,sparse_or_mixed,0.22
1456,pr,https://github.com/lowRISC/ibex/pull/1456,fetch_evidence,verification,sparse_or_mixed,0.22
2220,pr,https://github.com/lowRISC/ibex/pull/2220,fetch_evidence,unclear,sparse_or_mixed,0.21
1468,pr,https://github.com/lowRISC/ibex/pull/1468,fetch_evidence,verification,sparse_or_mixed,0.19
602,pr,https://github.com/lowRISC/ibex/pull/602,fetch_evidence,unclear,sparse_or_mixed,0.18
705,pr,https://github.com/lowRISC/ibex/pull/705,fetch_evidence,tooling,sparse_or_mixed,0.17
1791,pr,https://github.com/lowRISC/ibex/pull/1791,fetch_evidence,unclear,sparse_or_mixed,0.16
1014,pr,https://github.com/lowRISC/ibex/pull/1014,low_priority,tooling,routine_or_capability,0.61
1408,pr,https://github.com/lowRISC/ibex/pull/1408,low_priority,tooling,routine_or_capability,0.57
779,pr,https://github.com/lowRISC/ibex/pull/779,low_priority,verification,routine_or_capability,0.56
1119,pr,https://github.com/lowRISC/ibex/pull/1119,low_priority,tooling,routine_or_capability,0.53
304,issue,https://github.com/lowRISC/ibex/issues/304,low_priority,tooling,routine_or_capability,0.52
480,pr,https://github.com/lowRISC/ibex/pull/480,low_priority,tooling,routine_or_capability,0.52
1084,pr,https://github.com/lowRISC/ibex/pull/1084,low_priority,tooling,oracle_or_configuration,0.52
1191,issue,https://github.com/lowRISC/ibex/issues/1191,low_priority,tooling,routine_or_capability,0.52
1215,pr,https://github.com/lowRISC/ibex/pull/1215,low_priority,tooling,oracle_or_configuration,0.52
1974,issue,https://github.com/lowRISC/ibex/issues/1974,low_priority,feature,permission_or_state,0.52
32,pr,https://github.com/lowRISC/ibex/pull/32,low_priority,tooling,routine_or_capability,0.51
359,pr,https://github.com/lowRISC/ibex/pull/359,low_priority,tooling,routine_or_capability,0.5
784,issue,https://github.com/lowRISC/ibex/issues/784,low_priority,tooling,routine_or_capability,0.5
1003,pr,https://github.com/lowRISC/ibex/pull/1003,low_priority,tooling,routine_or_capability,0.49
1128,pr,https://github.com/lowRISC/ibex/pull/1128,low_priority,verification_interface,routine_or_capability,0.49
174,pr,https://github.com/lowRISC/ibex/pull/174,low_priority,tooling,routine_or_capability,0.48
1028,pr,https://github.com/lowRISC/ibex/pull/1028,low_priority,verification,routine_or_capability,0.48
1210,pr,https://github.com/lowRISC/ibex/pull/1210,low_priority,tooling,routine_or_capability,0.48
2010,issue,https://github.com/lowRISC/ibex/issues/2010,low_priority,tooling,routine_or_capability,0.48
2066,pr,https://github.com/lowRISC/ibex/pull/2066,low_priority,tooling,routine_or_capability,0.48
2369,pr,https://github.com/lowRISC/ibex/pull/2369,low_priority,tooling,oracle_or_configuration,0.48
64,issue,https://github.com/lowRISC/ibex/issues/64,low_priority,feature,routine_or_capability,0.47
618,pr,https://github.com/lowRISC/ibex/pull/618,low_priority,verification,routine_or_capability,0.47
740,issue,https://github.com/lowRISC/ibex/issues/740,low_priority,tooling,routine_or_capability,0.47
1011,pr,https://github.com/lowRISC/ibex/pull/1011,low_priority,tooling,routine_or_capability,0.47
1321,issue,https://github.com/lowRISC/ibex/issues/1321,low_priority,verification,routine_or_capability,0.47
1724,pr,https://github.com/lowRISC/ibex/pull/1724,low_priority,tooling,routine_or_capability,0.47
2460,pr,https://github.com/lowRISC/ibex/pull/2460,low_priority,tooling,routine_or_capability,0.47
1364,issue,https://github.com/lowRISC/ibex/issues/1364,low_priority,feature,oracle_or_configuration,0.46
1481,issue,https://github.com/lowRISC/ibex/issues/1481,low_priority,tooling,routine_or_capability,0.46
1683,issue,https://github.com/lowRISC/ibex/issues/1683,low_priority,verification,routine_or_capability,0.46
67,pr,https://github.com/lowRISC/ibex/pull/67,low_priority,tooling,routine_or_capability,0.45
1019,issue,https://github.com/lowRISC/ibex/issues/1019,low_priority,tooling,routine_or_capability,0.45
81,pr,https://github.com/lowRISC/ibex/pull/81,low_priority,tooling,routine_or_capability,0.43
631,pr,https://github.com/lowRISC/ibex/pull/631,low_priority,tooling,sparse_or_mixed,0.43
920,issue,https://github.com/lowRISC/ibex/issues/920,low_priority,tooling,routine_or_capability,0.43
1027,issue,https://github.com/lowRISC/ibex/issues/1027,low_priority,tooling,oracle_or_configuration,0.43
1153,pr,https://github.com/lowRISC/ibex/pull/1153,low_priority,tooling,oracle_or_configuration,0.43
208,pr,https://github.com/lowRISC/ibex/pull/208,low_priority,tooling,routine_or_capability,0.42
303,pr,https://github.com/lowRISC/ibex/pull/303,low_priority,tooling,oracle_or_configuration,0.42
996,pr,https://github.com/lowRISC/ibex/pull/996,low_priority,tooling,routine_or_capability,0.42
1858,pr,https://github.com/lowRISC/ibex/pull/1858,low_priority,tooling,routine_or_capability,0.42
65,pr,https://github.com/lowRISC/ibex/pull/65,low_priority,tooling,routine_or_capability,0.41
505,issue,https://github.com/lowRISC/ibex/issues/505,low_priority,tooling,routine_or_capability,0.41
1348,pr,https://github.com/lowRISC/ibex/pull/1348,low_priority,tooling,routine_or_capability,0.41
1349,pr,https://github.com/lowRISC/ibex/pull/1349,low_priority,tooling,routine_or_capability,0.41
1060,pr,https://github.com/lowRISC/ibex/pull/1060,low_priority,tooling,routine_or_capability,0.4
1085,issue,https://github.com/lowRISC/ibex/issues/1085,low_priority,tooling,routine_or_capability,0.4
72,issue,https://github.com/lowRISC/ibex/issues/72,low_priority,integration,routine_or_capability,0.39
437,pr,https://github.com/lowRISC/ibex/pull/437,low_priority,tooling,routine_or_capability,0.39
2074,pr,https://github.com/lowRISC/ibex/pull/2074,low_priority,tooling,routine_or_capability,0.39
2310,issue,https://github.com/lowRISC/ibex/issues/2310,low_priority,tooling,routine_or_capability,0.39
341,issue,https://github.com/lowRISC/ibex/issues/341,low_priority,tooling,routine_or_capability,0.38
751,pr,https://github.com/lowRISC/ibex/pull/751,low_priority,tooling,routine_or_capability,0.38
1841,issue,https://github.com/lowRISC/ibex/issues/1841,low_priority,tooling,routine_or_capability,0.38
2451,pr,https://github.com/lowRISC/ibex/pull/2451,low_priority,tooling,routine_or_capability,0.38
596,issue,https://github.com/lowRISC/ibex/issues/596,low_priority,tooling,routine_or_capability,0.37
1187,issue,https://github.com/lowRISC/ibex/issues/1187,low_priority,tooling,routine_or_capability,0.37
1366,pr,https://github.com/lowRISC/ibex/pull/1366,low_priority,tooling,routine_or_capability,0.37
2043,issue,https://github.com/lowRISC/ibex/issues/2043,low_priority,tooling,routine_or_capability,0.37
309,issue,https://github.com/lowRISC/ibex/issues/309,low_priority,feature,routine_or_capability,0.36
741,issue,https://github.com/lowRISC/ibex/issues/741,low_priority,tooling,routine_or_capability,0.36
1784,pr,https://github.com/lowRISC/ibex/pull/1784,low_priority,verification,routine_or_capability,0.36
2115,issue,https://github.com/lowRISC/ibex/issues/2115,low_priority,tooling,routine_or_capability,0.36
2122,issue,https://github.com/lowRISC/ibex/issues/2122,low_priority,verification,routine_or_capability,0.36
2123,pr,https://github.com/lowRISC/ibex/pull/2123,low_priority,tooling,routine_or_capability,0.36
551,pr,https://github.com/lowRISC/ibex/pull/551,low_priority,tooling,routine_or_capability,0.35
1237,issue,https://github.com/lowRISC/ibex/issues/1237,low_priority,integration,routine_or_capability,0.35
1340,issue,https://github.com/lowRISC/ibex/issues/1340,low_priority,tooling,routine_or_capability,0.35
1504,issue,https://github.com/lowRISC/ibex/issues/1504,low_priority,verification,routine_or_capability,0.35
2472,issue,https://github.com/lowRISC/ibex/issues/2472,low_priority,tooling,routine_or_capability,0.35
141,issue,https://github.com/lowRISC/ibex/issues/141,low_priority,tooling,routine_or_capability,0.34
627,pr,https://github.com/lowRISC/ibex/pull/627,low_priority,tooling,routine_or_capability,0.34
1447,issue,https://github.com/lowRISC/ibex/issues/1447,low_priority,integration,routine_or_capability,0.34
1904,issue,https://github.com/lowRISC/ibex/issues/1904,low_priority,tooling,routine_or_capability,0.34
499,pr,https://github.com/lowRISC/ibex/pull/499,low_priority,tooling,routine_or_capability,0.33
1123,issue,https://github.com/lowRISC/ibex/issues/1123,low_priority,feature,routine_or_capability,0.33
2140,issue,https://github.com/lowRISC/ibex/issues/2140,low_priority,tooling,routine_or_capability,0.33
14,issue,https://github.com/lowRISC/ibex/issues/14,low_priority,tooling,routine_or_capability,0.32
21,issue,https://github.com/lowRISC/ibex/issues/21,low_priority,verification,routine_or_capability,0.32
871,issue,https://github.com/lowRISC/ibex/issues/871,low_priority,tooling,routine_or_capability,0.32
1267,issue,https://github.com/lowRISC/ibex/issues/1267,low_priority,tooling,routine_or_capability,0.32
2257,pr,https://github.com/lowRISC/ibex/pull/2257,low_priority,tooling,routine_or_capability,0.32
230,pr,https://github.com/lowRISC/ibex/pull/230,low_priority,tooling,sparse_or_mixed,0.31
510,pr,https://github.com/lowRISC/ibex/pull/510,low_priority,tooling,routine_or_capability,0.31
729,pr,https://github.com/lowRISC/ibex/pull/729,low_priority,tooling,routine_or_capability,0.31
1466,issue,https://github.com/lowRISC/ibex/issues/1466,low_priority,integration,routine_or_capability,0.31
1698,pr,https://github.com/lowRISC/ibex/pull/1698,low_priority,tooling,routine_or_capability,0.31
2305,issue,https://github.com/lowRISC/ibex/issues/2305,low_priority,integration,routine_or_capability,0.31
926,pr,https://github.com/lowRISC/ibex/pull/926,low_priority,tooling,routine_or_capability,0.3
1041,issue,https://github.com/lowRISC/ibex/issues/1041,low_priority,unclear,routine_or_capability,0.3
1121,pr,https://github.com/lowRISC/ibex/pull/1121,low_priority,tooling,sparse_or_mixed,0.3
1615,pr,https://github.com/lowRISC/ibex/pull/1615,low_priority,tooling,routine_or_capability,0.3
1977,pr,https://github.com/lowRISC/ibex/pull/1977,low_priority,tooling,routine_or_capability,0.3
698,issue,https://github.com/lowRISC/ibex/issues/698,low_priority,tooling,routine_or_capability,0.29
1015,pr,https://github.com/lowRISC/ibex/pull/1015,low_priority,tooling,routine_or_capability,0.29
1059,pr,https://github.com/lowRISC/ibex/pull/1059,low_priority,tooling,routine_or_capability,0.29
1384,issue,https://github.com/lowRISC/ibex/issues/1384,low_priority,verification,routine_or_capability,0.29
1536,pr,https://github.com/lowRISC/ibex/pull/1536,low_priority,tooling,routine_or_capability,0.29
1710,issue,https://github.com/lowRISC/ibex/issues/1710,low_priority,tooling,routine_or_capability,0.29
210,pr,https://github.com/lowRISC/ibex/pull/210,low_priority,tooling,sparse_or_mixed,0.28
1058,pr,https://github.com/lowRISC/ibex/pull/1058,low_priority,tooling,routine_or_capability,0.28
1509,issue,https://github.com/lowRISC/ibex/issues/1509,low_priority,tooling,routine_or_capability,0.28
1608,issue,https://github.com/lowRISC/ibex/issues/1608,low_priority,feature,routine_or_capability,0.28
1978,issue,https://github.com/lowRISC/ibex/issues/1978,low_priority,integration,routine_or_capability,0.28
2219,pr,https://github.com/lowRISC/ibex/pull/2219,low_priority,tooling,routine_or_capability,0.28
260,pr,https://github.com/lowRISC/ibex/pull/260,low_priority,tooling,routine_or_capability,0.27
897,issue,https://github.com/lowRISC/ibex/issues/897,low_priority,feature,routine_or_capability,0.27
23,pr,https://github.com/lowRISC/ibex/pull/23,low_priority,tooling,routine_or_capability,0.26
1169,issue,https://github.com/lowRISC/ibex/issues/1169,low_priority,verification,routine_or_capability,0.26
1555,pr,https://github.com/lowRISC/ibex/pull/1555,low_priority,tooling,routine_or_capability,0.26
1629,pr,https://github.com/lowRISC/ibex/pull/1629,low_priority,tooling,sparse_or_mixed,0.26
1961,issue,https://github.com/lowRISC/ibex/issues/1961,low_priority,feature,routine_or_capability,0.26
1969,pr,https://github.com/lowRISC/ibex/pull/1969,low_priority,tooling,routine_or_capability,0.26
2211,pr,https://github.com/lowRISC/ibex/pull/2211,low_priority,tooling,routine_or_capability,0.26
477,pr,https://github.com/lowRISC/ibex/pull/477,low_priority,tooling,routine_or_capability,0.25
563,pr,https://github.com/lowRISC/ibex/pull/563,low_priority,tooling,routine_or_capability,0.25
1503,pr,https://github.com/lowRISC/ibex/pull/1503,low_priority,tooling,routine_or_capability,0.25
2108,issue,https://github.com/lowRISC/ibex/issues/2108,low_priority,verification,routine_or_capability,0.25
2191,pr,https://github.com/lowRISC/ibex/pull/2191,low_priority,tooling,routine_or_capability,0.25
2218,pr,https://github.com/lowRISC/ibex/pull/2218,low_priority,tooling,routine_or_capability,0.25
2247,pr,https://github.com/lowRISC/ibex/pull/2247,low_priority,tooling,routine_or_capability,0.25
798,issue,https://github.com/lowRISC/ibex/issues/798,low_priority,feature,routine_or_capability,0.24
1459,issue,https://github.com/lowRISC/ibex/issues/1459,low_priority,unclear,routine_or_capability,0.24
1508,issue,https://github.com/lowRISC/ibex/issues/1508,low_priority,unclear,routine_or_capability,0.24
2070,issue,https://github.com/lowRISC/ibex/issues/2070,low_priority,tooling,routine_or_capability,0.24
10,pr,https://github.com/lowRISC/ibex/pull/10,low_priority,tooling,routine_or_capability,0.23
2368,pr,https://github.com/lowRISC/ibex/pull/2368,low_priority,tooling,routine_or_capability,0.23
2090,issue,https://github.com/lowRISC/ibex/issues/2090,low_priority,integration,routine_or_capability,0.22
2181,pr,https://github.com/lowRISC/ibex/pull/2181,low_priority,tooling,routine_or_capability,0.22
407,pr,https://github.com/lowRISC/ibex/pull/407,low_priority,tooling,routine_or_capability,0.2
2088,issue,https://github.com/lowRISC/ibex/issues/2088,low_priority,unclear,routine_or_capability,0.17
1288,issue,https://github.com/lowRISC/ibex/issues/1288,low_priority,unclear,routine_or_capability,0.15
