group,route,baseline_group_route,members,parts_expected,categories,novelty_labels,closest_existing,evidence_gaps
G00001,fetch_evidence,fetch_evidence,1;761;778;786;1199,11,verification,not_applicable,,partition_context
G00002,deep_read,deep_read,2;61;62;70;77;97;103;104;105;108;114;120;121;126;132;134;136;147;150;151;154;155;265;266;276;282;288;293;296;320;332;340;348,19,rtl;verification_interface,existing_only;mixed;new_candidate;not_applicable,IBEX-003;IBEX-007;IBEX-009;IBEX-010;IBEX-013;IBEX-017;IBEX-021,partition_context
G00003,deep_read,deep_read,3;143;149,3,rtl,existing_only;new_candidate,IBEX-003;IBEX-004,partition_context
G00004,fetch_evidence,deep_read,4,1,rtl,not_applicable,,missing_source_or_context
G00005,fetch_evidence,fetch_evidence,5,1,integration,not_applicable,,sufficient_for_triage
G00006,deep_read,deep_read,6;244,1,rtl,new_candidate,,sufficient_for_triage
G00007,deep_read,deep_read,7;9;10;11;12;1174;1180;2281,5,tooling;unclear,not_applicable,,partition_context
G00008,deep_read,fetch_evidence,8;252,7,rtl,existing_only;not_applicable,IBEX-007;IBEX-011,partition_context
G00013,fetch_evidence,fetch_evidence,13,1,integration,not_applicable,,missing_source_or_context
G00014,low_priority,low_priority,14,1,unclear,not_applicable,,missing_source_or_context
G00015,deep_read,deep_read,15;16;27;53,12,rtl;tooling,existing_only;new_candidate;not_applicable;unclear,IBEX-016;IBEX-017;IBEX-018,partition_context
G00017,deep_read,fetch_evidence,17,1,rtl,not_applicable,,sufficient_for_triage
G00018,deep_read,deep_read,18,1,verification_interface,existing_only,IBEX-015,missing_source_or_context
G00019,deep_read,deep_read,19,1,rtl,not_applicable,,missing_source_or_context
G00020,fetch_evidence,deep_read,20,1,rtl,not_applicable,,missing_source_or_context
G00021,low_priority,low_priority,21,1,verification,not_applicable,,sufficient_for_triage
G00022,fetch_evidence,fetch_evidence,22,1,tooling,not_applicable,,sufficient_for_triage
G00023,low_priority,low_priority,23,1,tooling,not_applicable,,sufficient_for_triage
G00024,deep_read,deep_read,24;36;37;41;43;44;45;51;54;59;203,5,rtl;unclear;verification,new_candidate;not_applicable,IBEX-010,partition_context
G00025,deep_read,deep_read,25;175;176,1,rtl,new_candidate,,sufficient_for_triage
G00026,fetch_evidence,fetch_evidence,26,2,rtl,not_applicable,,partition_context
G00028,low_priority,fetch_evidence,28;30;969,1,rtl,not_applicable,,sufficient_for_triage
G00029,deep_read,deep_read,29;197;217;220;261;262;279;280;287;289;292;322;360;373,10,verification_interface,not_applicable,,partition_context
G00031,fetch_evidence,deep_read,31;32;33;34;35;127;152,4,rtl,new_candidate;not_applicable,IBEX-003,partition_context
G00038,fetch_evidence,fetch_evidence,38,1,verification_interface,not_applicable,,missing_source_or_context
G00039,deep_read,fetch_evidence,39,1,rtl,not_applicable,,sufficient_for_triage
G00040,fetch_evidence,fetch_evidence,40,1,rtl,not_applicable,,sufficient_for_triage
G00042,low_priority,fetch_evidence,42,1,rtl,not_applicable,,sufficient_for_triage
G00046,deep_read,deep_read,46;48,1,rtl,not_applicable,,sufficient_for_triage
G00047,deep_read,fetch_evidence,47,1,verification_interface,not_applicable,,sufficient_for_triage
G00049,fetch_evidence,fetch_evidence,49,1,rtl,not_applicable,,sufficient_for_triage
G00050,deep_read,deep_read,50,1,verification_interface,not_applicable,,sufficient_for_triage
G00052,fetch_evidence,fetch_evidence,52,1,verification,not_applicable,,sufficient_for_triage
G00055,fetch_evidence,fetch_evidence,55,8,verification,not_applicable,IBEX-024,partition_context
G00056,fetch_evidence,fetch_evidence,56,2,verification,not_applicable,,partition_context
G00057,low_priority,fetch_evidence,57,1,verification,not_applicable,,sufficient_for_triage
G00058,low_priority,fetch_evidence,58,1,verification,not_applicable,,missing_source_or_context
G00060,fetch_evidence,fetch_evidence,60;342;501;502;543,2,tooling,not_applicable,,partition_context
G00063,low_priority,fetch_evidence,63,1,tooling,not_applicable,,missing_source_or_context
G00064,low_priority,low_priority,64,1,feature,not_applicable,,missing_source_or_context
G00065,low_priority,low_priority,65,1,tooling,not_applicable,,sufficient_for_triage
G00066,low_priority,fetch_evidence,66,1,tooling,not_applicable,,sufficient_for_triage
G00067,fetch_evidence,low_priority,67,2,tooling,not_applicable,,partition_context
G00068,fetch_evidence,fetch_evidence,68,1,tooling,not_applicable,,missing_source_or_context
G00069,deep_read,fetch_evidence,69,1,verification,not_applicable,,sufficient_for_triage
G00071,low_priority,fetch_evidence,71,1,verification,not_applicable,,sufficient_for_triage
G00072,fetch_evidence,fetch_evidence,72;78;96;144;241,5,integration,not_applicable,,partition_context
G00073,low_priority,fetch_evidence,73,1,verification,not_applicable,,sufficient_for_triage
G00074,low_priority,fetch_evidence,74,1,tooling,not_applicable,,sufficient_for_triage
G00075,deep_read,deep_read,75;82;93;95,2,rtl,new_candidate;not_applicable,IBEX-022,partition_context
G00076,low_priority,fetch_evidence,76,1,verification_interface,not_applicable,,sufficient_for_triage
G00079,low_priority,fetch_evidence,79,1,tooling,not_applicable,,sufficient_for_triage
G00080,deep_read,deep_read,80;83;84,1,rtl,new_candidate,IBEX-018,sufficient_for_triage
G00081,low_priority,low_priority,81,1,tooling,not_applicable,,sufficient_for_triage
G00085,deep_read,fetch_evidence,85,1,tooling,not_applicable,,sufficient_for_triage
G00086,fetch_evidence,fetch_evidence,86,1,rtl,new_candidate,,missing_source_or_context
G00087,deep_read,deep_read,87;88;117;168;254;306;307;336;343;365;370;398;475;544;603;604,5,rtl;unclear,existing_only;mixed;new_candidate,IBEX-002;IBEX-006,partition_context
G00089,deep_read,fetch_evidence,89;257;526;683;708;746;777;780;781;783;799;815;821;826;863;866;870;892;965;966;997;1011;1076,35,rtl;tooling,existing_only;not_applicable,IBEX-022,partition_context
G00090,fetch_evidence,fetch_evidence,90,1,rtl,not_applicable,,sufficient_for_triage
G00091,deep_read,fetch_evidence,91;1314;1324,1,tooling,not_applicable,,sufficient_for_triage
G00092,deep_read,fetch_evidence,92,1,rtl,not_applicable,,sufficient_for_triage
G00094,deep_read,deep_read,94,1,rtl,new_candidate,,sufficient_for_triage
G00098,low_priority,fetch_evidence,98,1,rtl,not_applicable,,missing_source_or_context
G00099,fetch_evidence,fetch_evidence,99;209;213;214;259;457;476,3,tooling;verification,not_applicable,IBEX-022,partition_context
G00100,deep_read,deep_read,100;427;428;458;459;1178;1179;1233;1251,10,rtl;unclear;verification,existing_only;new_candidate;not_applicable;unclear,IBEX-011,partition_context
G00101,deep_read,fetch_evidence,101,1,tooling,not_applicable,,sufficient_for_triage
G00102,low_priority,fetch_evidence,102,1,tooling,not_applicable,,sufficient_for_triage
G00106,fetch_evidence,fetch_evidence,106,27,rtl;verification,not_applicable;unclear,,partition_context
G00107,fetch_evidence,fetch_evidence,107,27,verification,not_applicable;unclear,,partition_context
G00109,deep_read,deep_read,109;224,1,rtl,new_candidate,,sufficient_for_triage
G00110,deep_read,fetch_evidence,110,1,verification_interface,not_applicable,,sufficient_for_triage
G00111,low_priority,fetch_evidence,111,1,verification_interface,not_applicable,,sufficient_for_triage
G00112,deep_read,fetch_evidence,112;113,1,verification_interface,not_applicable,,sufficient_for_triage
G00115,low_priority,fetch_evidence,115,1,tooling,not_applicable,,sufficient_for_triage
G00116,deep_read,fetch_evidence,116,1,verification,not_applicable,,sufficient_for_triage
G00118,deep_read,fetch_evidence,118;193;226,2,rtl,new_candidate;not_applicable,IBEX-016,partition_context
G00119,deep_read,deep_read,119,1,rtl,not_applicable,,sufficient_for_triage
G00122,deep_read,deep_read,122,2,rtl,not_applicable,,partition_context
G00123,low_priority,fetch_evidence,123;128,1,tooling,not_applicable,IBEX-016,sufficient_for_triage
G00124,fetch_evidence,fetch_evidence,124;200,1,tooling,not_applicable,,sufficient_for_triage
G00125,deep_read,fetch_evidence,125,1,rtl,new_candidate,,sufficient_for_triage
G00129,low_priority,fetch_evidence,129,1,tooling,not_applicable,,sufficient_for_triage
G00130,deep_read,fetch_evidence,130;131,1,rtl,not_applicable,,sufficient_for_triage
G00133,low_priority,fetch_evidence,133;135,1,tooling,not_applicable,,sufficient_for_triage
G00137,deep_read,deep_read,137;145,1,tooling,not_applicable,,sufficient_for_triage
G00138,low_priority,fetch_evidence,138,1,rtl,not_applicable,,sufficient_for_triage
G00139,low_priority,fetch_evidence,139,1,rtl,not_applicable,,sufficient_for_triage
G00140,low_priority,fetch_evidence,140;141;207;208,1,verification,not_applicable,,sufficient_for_triage
G00142,fetch_evidence,deep_read,142,1,rtl,not_applicable,,missing_source_or_context
G00146,deep_read,fetch_evidence,146,1,verification,not_applicable,,sufficient_for_triage
G00148,fetch_evidence,fetch_evidence,148,1,verification_interface,not_applicable,,sufficient_for_triage
G00153,deep_read,deep_read,153;157,1,rtl,existing_only,IBEX-001,sufficient_for_triage
G00156,low_priority,fetch_evidence,156,1,rtl,existing_only,IBEX-001,sufficient_for_triage
G00158,deep_read,fetch_evidence,158,1,verification,not_applicable,,sufficient_for_triage
G00159,fetch_evidence,fetch_evidence,159,1,verification,not_applicable,,sufficient_for_triage
G00160,deep_read,fetch_evidence,160,1,verification,not_applicable,,sufficient_for_triage
G00161,low_priority,fetch_evidence,161,1,verification_interface,not_applicable,,sufficient_for_triage
G00162,deep_read,deep_read,162;169,1,rtl,new_candidate,,sufficient_for_triage
G00163,deep_read,deep_read,163;166,1,rtl,new_candidate,,sufficient_for_triage
G00164,deep_read,deep_read,164;167,1,rtl,existing_only,IBEX-001,sufficient_for_triage
G00165,deep_read,fetch_evidence,165,1,tooling,not_applicable,,sufficient_for_triage
G00170,deep_read,deep_read,170;172,1,rtl,new_candidate,,sufficient_for_triage
G00171,low_priority,fetch_evidence,171,1,tooling,not_applicable,,sufficient_for_triage
G00173,low_priority,fetch_evidence,173;174,1,tooling,not_applicable,,sufficient_for_triage
G00177,deep_read,fetch_evidence,177,1,verification_interface,not_applicable,,sufficient_for_triage
G00178,deep_read,fetch_evidence,178,1,verification,not_applicable,,sufficient_for_triage
G00179,fetch_evidence,fetch_evidence,179,1,tooling,not_applicable,,missing_source_or_context
G00180,deep_read,fetch_evidence,180,1,verification,not_applicable,,sufficient_for_triage
G00181,low_priority,fetch_evidence,181;192,1,tooling,not_applicable,,sufficient_for_triage
G00182,deep_read,deep_read,182,1,rtl,not_applicable,,sufficient_for_triage
G00183,deep_read,fetch_evidence,183,1,rtl,not_applicable,,sufficient_for_triage
G00184,fetch_evidence,fetch_evidence,184,1,rtl,not_applicable,,sufficient_for_triage
G00185,deep_read,fetch_evidence,185,1,rtl,existing_only,IBEX-005,sufficient_for_triage
G00186,low_priority,fetch_evidence,186,1,rtl,not_applicable,,sufficient_for_triage
G00187,deep_read,fetch_evidence,187;188;189,1,verification_interface,not_applicable,,sufficient_for_triage
G00190,fetch_evidence,fetch_evidence,190,1,verification,not_applicable,,sufficient_for_triage
G00191,deep_read,deep_read,191,1,verification_interface,new_candidate,IBEX-021,sufficient_for_triage
G00194,low_priority,fetch_evidence,194,1,tooling,not_applicable,,sufficient_for_triage
G00195,deep_read,deep_read,195;196,1,rtl,existing_only,IBEX-003,sufficient_for_triage
G00198,deep_read,deep_read,198,1,rtl,new_candidate,,sufficient_for_triage
G00199,deep_read,deep_read,199,1,rtl,new_candidate,,sufficient_for_triage
G00201,fetch_evidence,fetch_evidence,201,1,rtl,not_applicable,,missing_source_or_context
G00202,fetch_evidence,deep_read,202,1,rtl,new_candidate,,missing_source_or_context
G00204,fetch_evidence,fetch_evidence,204,1,rtl,not_applicable,,missing_source_or_context
G00205,deep_read,fetch_evidence,205;243,1,verification,not_applicable,IBEX-002,sufficient_for_triage
G00206,fetch_evidence,fetch_evidence,206,1,verification,not_applicable,,sufficient_for_triage
G00210,low_priority,low_priority,210,1,tooling,not_applicable,,sufficient_for_triage
G00211,deep_read,deep_read,211;442,1,rtl,not_applicable,,sufficient_for_triage
G00212,deep_read,fetch_evidence,212;1250,1,tooling,not_applicable,,sufficient_for_triage
G00215,deep_read,fetch_evidence,215,1,verification,not_applicable,,sufficient_for_triage
G00216,deep_read,deep_read,216;222,1,rtl,new_candidate,,sufficient_for_triage
G00218,low_priority,fetch_evidence,218,1,verification,not_applicable,,missing_source_or_context
G00219,low_priority,fetch_evidence,219,1,verification,not_applicable,,missing_source_or_context
G00221,low_priority,fetch_evidence,221,1,tooling,not_applicable,,sufficient_for_triage
G00223,low_priority,fetch_evidence,223,1,tooling,not_applicable,,sufficient_for_triage
G00225,deep_read,fetch_evidence,225,1,rtl,existing_only,IBEX-016,sufficient_for_triage
G00227,low_priority,fetch_evidence,227,1,rtl,not_applicable,,sufficient_for_triage
G00228,deep_read,fetch_evidence,228;256,1,verification,new_candidate,IBEX-016,sufficient_for_triage
G00229,deep_read,fetch_evidence,229;248,1,rtl,not_applicable,,sufficient_for_triage
G00230,low_priority,low_priority,230,1,tooling,not_applicable,,sufficient_for_triage
G00231,deep_read,fetch_evidence,231,1,verification,not_applicable,IBEX-022,sufficient_for_triage
G00232,deep_read,fetch_evidence,232,1,verification,not_applicable,,sufficient_for_triage
G00233,deep_read,fetch_evidence,233,1,verification,not_applicable,,sufficient_for_triage
G00234,fetch_evidence,fetch_evidence,234,2,verification,existing_only,IBEX-023,partition_context
G00235,fetch_evidence,fetch_evidence,235,1,verification,not_applicable,,sufficient_for_triage
G00236,low_priority,fetch_evidence,236,1,tooling,not_applicable,,sufficient_for_triage
G00237,deep_read,fetch_evidence,237,1,verification_interface,not_applicable,,sufficient_for_triage
G00238,fetch_evidence,fetch_evidence,238,1,verification,not_applicable,,sufficient_for_triage
G00239,deep_read,deep_read,239,1,rtl,existing_only,IBEX-016,sufficient_for_triage
G00240,deep_read,fetch_evidence,240,1,tooling,not_applicable,,sufficient_for_triage
G00242,deep_read,fetch_evidence,242,1,verification,not_applicable,,sufficient_for_triage
G00245,low_priority,fetch_evidence,245,1,tooling,not_applicable,,sufficient_for_triage
G00246,deep_read,fetch_evidence,246,1,verification,not_applicable,,sufficient_for_triage
G00247,low_priority,fetch_evidence,247,1,tooling,not_applicable,,sufficient_for_triage
G00249,deep_read,fetch_evidence,249,1,rtl,not_applicable,,sufficient_for_triage
G00250,low_priority,fetch_evidence,250,1,tooling,not_applicable,,missing_source_or_context
G00251,deep_read,fetch_evidence,251,1,verification,not_applicable,IBEX-019,sufficient_for_triage
G00253,deep_read,fetch_evidence,253,1,verification,not_applicable,,sufficient_for_triage
G00255,low_priority,fetch_evidence,255,1,verification,not_applicable,IBEX-019,sufficient_for_triage
G00258,deep_read,deep_read,258;284;301;334,1,rtl,not_applicable,,sufficient_for_triage
G00260,low_priority,low_priority,260,1,tooling,not_applicable,,sufficient_for_triage
G00263,fetch_evidence,fetch_evidence,263,2,verification,not_applicable,IBEX-024,partition_context
G00264,deep_read,fetch_evidence,264,1,verification,not_applicable,,sufficient_for_triage
G00267,low_priority,fetch_evidence,267,1,tooling,not_applicable,,sufficient_for_triage
G00268,deep_read,deep_read,268;269,2,verification,new_candidate;not_applicable,IBEX-019,partition_context
G00270,deep_read,deep_read,270;272,1,rtl,existing_only,IBEX-002,sufficient_for_triage
G00271,deep_read,fetch_evidence,271,1,rtl,not_applicable,,sufficient_for_triage
G00273,low_priority,fetch_evidence,273,1,tooling,not_applicable,,sufficient_for_triage
G00274,deep_read,deep_read,274;472,1,verification_interface,not_applicable,,sufficient_for_triage
G00275,deep_read,deep_read,275;277,1,rtl,existing_only,IBEX-002,sufficient_for_triage
G00278,fetch_evidence,fetch_evidence,278,1,feature,not_applicable,,missing_source_or_context
G00281,deep_read,fetch_evidence,281,1,verification,existing_only,IBEX-002,sufficient_for_triage
G00283,fetch_evidence,fetch_evidence,283,1,rtl,not_applicable,,missing_source_or_context
G00285,deep_read,deep_read,285;286,1,rtl,existing_only,IBEX-016,sufficient_for_triage
G00290,deep_read,deep_read,290;294,1,rtl,existing_only,IBEX-003,sufficient_for_triage
G00291,low_priority,fetch_evidence,291,1,tooling,not_applicable,,sufficient_for_triage
G00295,deep_read,fetch_evidence,295,1,verification,not_applicable,,sufficient_for_triage
G00297,deep_read,fetch_evidence,297;316,1,integration,not_applicable,,sufficient_for_triage
G00298,fetch_evidence,fetch_evidence,298;381;422;474,4,verification,not_applicable,IBEX-014,partition_context
G00299,low_priority,fetch_evidence,299,1,feature,not_applicable,,sufficient_for_triage
G00300,deep_read,deep_read,300;302,1,rtl,not_applicable,,sufficient_for_triage
G00303,low_priority,fetch_evidence,303;304;538,1,tooling,not_applicable,,sufficient_for_triage
G00305,deep_read,fetch_evidence,305;335,1,rtl,new_candidate,,sufficient_for_triage
G00309,low_priority,low_priority,309,1,tooling,not_applicable,,missing_source_or_context
G00310,deep_read,fetch_evidence,310,1,rtl,not_applicable,,sufficient_for_triage
G00311,fetch_evidence,fetch_evidence,311;438,2,feature;integration,not_applicable,,partition_context
G00312,fetch_evidence,fetch_evidence,312,28,tooling;verification,existing_only;not_applicable;unclear,IBEX-002,partition_context
G00313,fetch_evidence,fetch_evidence,313,1,verification,not_applicable,,missing_source_or_context
G00314,fetch_evidence,fetch_evidence,314,1,verification,not_applicable,,sufficient_for_triage
G00315,deep_read,fetch_evidence,315,1,verification,not_applicable,,sufficient_for_triage
G00317,deep_read,fetch_evidence,317,1,tooling,not_applicable,,sufficient_for_triage
G00318,low_priority,fetch_evidence,318,1,tooling,not_applicable,,sufficient_for_triage
G00319,low_priority,fetch_evidence,319,1,verification_interface,not_applicable,,sufficient_for_triage
G00321,deep_read,fetch_evidence,321,1,verification,not_applicable,,sufficient_for_triage
G00323,low_priority,fetch_evidence,323,1,verification,not_applicable,IBEX-022,sufficient_for_triage
G00324,deep_read,fetch_evidence,324,2,verification,not_applicable,IBEX-003,partition_context
G00325,deep_read,fetch_evidence,325,1,verification,not_applicable,,sufficient_for_triage
G00326,low_priority,fetch_evidence,326,1,tooling,not_applicable,IBEX-022,sufficient_for_triage
G00327,low_priority,fetch_evidence,327,1,tooling,not_applicable,,sufficient_for_triage
G00328,deep_read,fetch_evidence,328,1,verification,not_applicable,,sufficient_for_triage
G00329,low_priority,fetch_evidence,329,1,tooling,not_applicable,,sufficient_for_triage
G00330,deep_read,fetch_evidence,330,1,verification,not_applicable,,sufficient_for_triage
G00331,fetch_evidence,fetch_evidence,331,6,tooling,not_applicable,,partition_context
G00333,deep_read,fetch_evidence,333,1,verification,not_applicable,IBEX-024,sufficient_for_triage
G00337,fetch_evidence,fetch_evidence,337,1,verification,not_applicable,,sufficient_for_triage
G00338,deep_read,fetch_evidence,338,1,verification,not_applicable,IBEX-024,sufficient_for_triage
G00339,deep_read,fetch_evidence,339,1,verification_interface,not_applicable,,sufficient_for_triage
G00341,low_priority,fetch_evidence,341;350,1,tooling,not_applicable,,sufficient_for_triage
G00344,deep_read,fetch_evidence,344,1,verification,not_applicable,,sufficient_for_triage
G00345,fetch_evidence,fetch_evidence,345,1,verification,not_applicable,,sufficient_for_triage
G00346,deep_read,fetch_evidence,346,1,verification,not_applicable,,sufficient_for_triage
G00347,fetch_evidence,fetch_evidence,347,2,verification,not_applicable,,partition_context
G00349,deep_read,fetch_evidence,349,1,verification,not_applicable,,sufficient_for_triage
G00351,deep_read,deep_read,351;579;686;687;693;999;1000;1014;2071;2082,13,rtl;tooling,not_applicable,IBEX-019,partition_context
G00352,low_priority,fetch_evidence,352,1,verification,not_applicable,,sufficient_for_triage
G00353,deep_read,fetch_evidence,353,1,verification,not_applicable,,sufficient_for_triage
G00354,deep_read,fetch_evidence,354,1,verification,not_applicable,IBEX-019,sufficient_for_triage
G00355,deep_read,fetch_evidence,355,1,verification,not_applicable,IBEX-019,sufficient_for_triage
G00356,deep_read,fetch_evidence,356,1,rtl,existing_only,IBEX-022,sufficient_for_triage
G00357,deep_read,fetch_evidence,357,1,verification,not_applicable,,sufficient_for_triage
G00358,low_priority,fetch_evidence,358,1,verification,not_applicable,,sufficient_for_triage
G00359,low_priority,low_priority,359,1,tooling,not_applicable,,sufficient_for_triage
G00361,low_priority,fetch_evidence,361,1,tooling,not_applicable,,sufficient_for_triage
G00362,deep_read,fetch_evidence,362,1,verification,existing_only,IBEX-001,sufficient_for_triage
G00363,deep_read,fetch_evidence,363,1,rtl,existing_only,,sufficient_for_triage
G00364,low_priority,fetch_evidence,364,1,tooling,not_applicable,,sufficient_for_triage
G00366,deep_read,fetch_evidence,366,1,verification,not_applicable,,sufficient_for_triage
G00367,deep_read,fetch_evidence,367,1,verification_interface,not_applicable,,sufficient_for_triage
G00368,low_priority,fetch_evidence,368,1,verification,not_applicable,,sufficient_for_triage
G00369,deep_read,fetch_evidence,369,1,rtl,not_applicable,,sufficient_for_triage
G00371,deep_read,fetch_evidence,371,1,verification,not_applicable,,sufficient_for_triage
G00372,deep_read,fetch_evidence,372;375,1,verification_interface,not_applicable,,sufficient_for_triage
G00374,deep_read,deep_read,374;377,1,rtl,existing_only,IBEX-013,sufficient_for_triage
G00376,low_priority,fetch_evidence,376,1,tooling,not_applicable,,missing_source_or_context
G00378,deep_read,fetch_evidence,378,1,verification,not_applicable,,sufficient_for_triage
G00379,low_priority,fetch_evidence,379,1,tooling,not_applicable,,sufficient_for_triage
G00380,low_priority,fetch_evidence,380,1,tooling,not_applicable,,sufficient_for_triage
G00382,deep_read,fetch_evidence,382;511,2,rtl,existing_only;new_candidate,IBEX-002,partition_context
G00383,low_priority,fetch_evidence,383,1,tooling,existing_only,IBEX-022,sufficient_for_triage
G00384,fetch_evidence,fetch_evidence,384,3,verification,not_applicable,,partition_context
G00385,fetch_evidence,fetch_evidence,385,3,verification,not_applicable,,partition_context
G00386,deep_read,fetch_evidence,386,1,rtl,not_applicable,,sufficient_for_triage
G00387,fetch_evidence,fetch_evidence,387,1,verification,not_applicable,IBEX-016,sufficient_for_triage
G00388,deep_read,fetch_evidence,388,1,rtl,not_applicable,,sufficient_for_triage
G00389,low_priority,fetch_evidence,389,1,tooling,not_applicable,,sufficient_for_triage
G00390,low_priority,fetch_evidence,390,1,tooling,not_applicable,,sufficient_for_triage
G00391,deep_read,fetch_evidence,391;451,1,rtl,not_applicable,,sufficient_for_triage
G00392,deep_read,fetch_evidence,392,1,verification,not_applicable,,sufficient_for_triage
G00393,deep_read,deep_read,393,1,rtl,existing_only,IBEX-001,sufficient_for_triage
G00394,fetch_evidence,deep_read,394,1,rtl,not_applicable,,missing_source_or_context
G00395,deep_read,fetch_evidence,395,1,verification,not_applicable,,sufficient_for_triage
G00396,deep_read,deep_read,396;408,1,verification_interface,not_applicable,,sufficient_for_triage
G00397,low_priority,fetch_evidence,397,1,verification,not_applicable,,sufficient_for_triage
G00399,deep_read,deep_read,399,1,rtl,new_candidate,IBEX-002,sufficient_for_triage
G00400,deep_read,fetch_evidence,400,1,verification,not_applicable,,sufficient_for_triage
G00401,deep_read,fetch_evidence,401,1,rtl,existing_only,IBEX-004,sufficient_for_triage
G00402,low_priority,fetch_evidence,402,1,tooling,not_applicable,,sufficient_for_triage
G00403,low_priority,fetch_evidence,403,1,tooling,not_applicable,,sufficient_for_triage
G00404,low_priority,fetch_evidence,404,1,verification,not_applicable,,sufficient_for_triage
G00405,deep_read,fetch_evidence,405,1,verification,existing_only,IBEX-006,sufficient_for_triage
G00406,deep_read,fetch_evidence,406,1,verification,not_applicable,,sufficient_for_triage
G00407,low_priority,low_priority,407,1,tooling,not_applicable,,missing_source_or_context
G00409,fetch_evidence,fetch_evidence,409,38,tooling;verification,not_applicable,,partition_context
G00410,deep_read,fetch_evidence,410,1,verification,not_applicable,,sufficient_for_triage
G00411,deep_read,fetch_evidence,411;496;512,4,feature;verification,not_applicable,,partition_context
G00412,deep_read,fetch_evidence,412;423,1,feature,not_applicable,IBEX-022,sufficient_for_triage
G00413,low_priority,fetch_evidence,413,1,feature,not_applicable,,sufficient_for_triage
G00414,deep_read,deep_read,414;416;417,3,verification;verification_interface,new_candidate;not_applicable,,partition_context
G00415,deep_read,fetch_evidence,415,1,verification,not_applicable,,sufficient_for_triage
G00418,deep_read,fetch_evidence,418,1,verification,not_applicable,,sufficient_for_triage
G00419,low_priority,fetch_evidence,419,1,tooling,not_applicable,,sufficient_for_triage
G00420,deep_read,fetch_evidence,420;424,1,rtl,not_applicable,,sufficient_for_triage
G00421,deep_read,fetch_evidence,421;425,1,verification_interface,not_applicable,,sufficient_for_triage
G00426,deep_read,fetch_evidence,426,1,verification,not_applicable,IBEX-022,sufficient_for_triage
G00429,deep_read,deep_read,429;430;431,1,tooling,not_applicable,,sufficient_for_triage
G00432,deep_read,fetch_evidence,432;439,1,rtl,not_applicable,,sufficient_for_triage
G00433,low_priority,fetch_evidence,433,1,integration,not_applicable,,sufficient_for_triage
G00434,deep_read,fetch_evidence,434,1,rtl,not_applicable,,sufficient_for_triage
G00435,deep_read,fetch_evidence,435,1,verification,existing_only,IBEX-019,sufficient_for_triage
G00436,fetch_evidence,fetch_evidence,436,1,tooling,not_applicable,,sufficient_for_triage
G00437,low_priority,low_priority,437,1,tooling,not_applicable,,sufficient_for_triage
G00440,deep_read,fetch_evidence,440,1,rtl,not_applicable,,sufficient_for_triage
G00441,low_priority,fetch_evidence,441,1,tooling,not_applicable,,sufficient_for_triage
G00443,deep_read,fetch_evidence,443,1,verification,not_applicable,,sufficient_for_triage
G00444,deep_read,deep_read,444;461,1,rtl,existing_only,,sufficient_for_triage
G00445,fetch_evidence,fetch_evidence,445,2,verification,not_applicable,IBEX-022,partition_context
G00446,fetch_evidence,fetch_evidence,446,1,verification,not_applicable,IBEX-022,sufficient_for_triage
G00447,deep_read,fetch_evidence,447,1,verification,not_applicable,,sufficient_for_triage
G00448,low_priority,fetch_evidence,448,1,verification,not_applicable,,sufficient_for_triage
G00449,low_priority,fetch_evidence,449,1,verification,not_applicable,,sufficient_for_triage
G00450,deep_read,deep_read,450,1,verification,not_applicable,,sufficient_for_triage
G00452,low_priority,fetch_evidence,452,1,verification,not_applicable,,missing_source_or_context
G00453,deep_read,fetch_evidence,453,1,verification,not_applicable,,sufficient_for_triage
G00454,low_priority,fetch_evidence,454;466,1,tooling,not_applicable,,sufficient_for_triage
G00455,low_priority,fetch_evidence,455,1,verification,not_applicable,,sufficient_for_triage
G00456,deep_read,fetch_evidence,456,1,verification,not_applicable,IBEX-022,sufficient_for_triage
G00460,fetch_evidence,fetch_evidence,460,1,rtl,existing_only,IBEX-001,sufficient_for_triage
G00462,fetch_evidence,fetch_evidence,462,2,verification,not_applicable,,partition_context
G00463,deep_read,deep_read,463;465,1,rtl,existing_only,IBEX-005,sufficient_for_triage
G00464,deep_read,fetch_evidence,464,1,tooling,not_applicable,,sufficient_for_triage
G00467,low_priority,fetch_evidence,467,1,feature,not_applicable,,missing_source_or_context
G00468,deep_read,deep_read,468;470,1,verification_interface,not_applicable,,sufficient_for_triage
G00469,deep_read,deep_read,469,1,rtl,new_candidate,,sufficient_for_triage
G00471,deep_read,fetch_evidence,471,1,verification,existing_only,IBEX-005,sufficient_for_triage
G00473,deep_read,deep_read,473;516;522;527;541;555;559;568;571;574;601;624;907,20,rtl;verification_interface,existing_only;new_candidate;not_applicable,IBEX-013;IBEX-018;IBEX-021;IBEX-022,partition_context
G00477,low_priority,low_priority,477,1,tooling,not_applicable,,sufficient_for_triage
G00478,deep_read,fetch_evidence,478,1,verification,not_applicable,,sufficient_for_triage
G00479,low_priority,fetch_evidence,479,1,verification,not_applicable,,sufficient_for_triage
G00480,low_priority,low_priority,480,1,tooling,not_applicable,,sufficient_for_triage
G00481,deep_read,fetch_evidence,481,1,verification,existing_only,IBEX-024,sufficient_for_triage
G00482,deep_read,deep_read,482,1,rtl,not_applicable,,sufficient_for_triage
G00483,deep_read,fetch_evidence,483,1,verification,existing_only,IBEX-002,sufficient_for_triage
G00484,deep_read,fetch_evidence,484,1,verification,not_applicable,,sufficient_for_triage
G00485,deep_read,deep_read,485;486;487;491,2,verification,not_applicable,IBEX-024,partition_context
G00488,low_priority,fetch_evidence,488,1,tooling,not_applicable,,sufficient_for_triage
G00489,low_priority,fetch_evidence,489,1,verification,not_applicable,,sufficient_for_triage
G00490,fetch_evidence,fetch_evidence,490,1,tooling,not_applicable,IBEX-022,sufficient_for_triage
G00492,deep_read,deep_read,492;518,1,rtl,new_candidate,,sufficient_for_triage
G00493,low_priority,fetch_evidence,493,1,tooling,not_applicable,,sufficient_for_triage
G00494,low_priority,fetch_evidence,494,1,tooling,not_applicable,,sufficient_for_triage
G00495,low_priority,fetch_evidence,495,1,feature,not_applicable,,sufficient_for_triage
G00497,deep_read,deep_read,497;507,1,verification,not_applicable,,sufficient_for_triage
G00498,deep_read,fetch_evidence,498,1,verification,not_applicable,,sufficient_for_triage
G00499,low_priority,low_priority,499,1,tooling,not_applicable,,sufficient_for_triage
G00500,deep_read,fetch_evidence,500,1,verification,not_applicable,,sufficient_for_triage
G00503,low_priority,fetch_evidence,503,1,tooling,not_applicable,,sufficient_for_triage
G00504,deep_read,fetch_evidence,504,1,tooling,not_applicable,IBEX-022,sufficient_for_triage
G00505,low_priority,low_priority,505,1,tooling,not_applicable,,sufficient_for_triage
G00506,low_priority,fetch_evidence,506,1,tooling,not_applicable,,sufficient_for_triage
G00508,low_priority,fetch_evidence,508,1,verification,not_applicable,,sufficient_for_triage
G00509,deep_read,fetch_evidence,509,1,rtl,not_applicable,,sufficient_for_triage
G00510,low_priority,low_priority,510,1,tooling,not_applicable,,sufficient_for_triage
G00513,fetch_evidence,fetch_evidence,513,1,verification,not_applicable,,sufficient_for_triage
G00514,fetch_evidence,fetch_evidence,514,1,verification,not_applicable,,missing_source_or_context
G00515,deep_read,fetch_evidence,515,1,verification,existing_only,IBEX-005,sufficient_for_triage
G00517,fetch_evidence,fetch_evidence,517,2,feature;verification,not_applicable,,partition_context
G00519,deep_read,fetch_evidence,519,1,verification,not_applicable,,sufficient_for_triage
G00520,fetch_evidence,fetch_evidence,520,1,verification,not_applicable,,sufficient_for_triage
G00521,low_priority,fetch_evidence,521,1,verification,not_applicable,,sufficient_for_triage
G00523,fetch_evidence,fetch_evidence,523,8,verification,not_applicable,IBEX-001,partition_context
G00524,deep_read,fetch_evidence,524,1,verification,existing_only,IBEX-019,sufficient_for_triage
G00525,low_priority,fetch_evidence,525,1,verification,not_applicable,,sufficient_for_triage
G00528,deep_read,fetch_evidence,528,2,rtl,new_candidate;not_applicable,,partition_context
G00529,deep_read,fetch_evidence,529,1,verification,new_candidate,,sufficient_for_triage
G00530,deep_read,fetch_evidence,530,1,verification,not_applicable,,sufficient_for_triage
G00531,deep_read,deep_read,531,1,verification,not_applicable,,sufficient_for_triage
G00532,low_priority,fetch_evidence,532,1,tooling,not_applicable,,sufficient_for_triage
G00533,fetch_evidence,fetch_evidence,533,57,rtl;tooling;verification;verification_interface,existing_only;not_applicable;unclear,IBEX-003;IBEX-005;IBEX-006;IBEX-014;IBEX-015;IBEX-021,partition_context
G00534,deep_read,deep_read,534,1,verification,not_applicable,IBEX-022,sufficient_for_triage
G00535,low_priority,fetch_evidence,535,1,tooling,not_applicable,,sufficient_for_triage
G00536,deep_read,deep_read,536;540;1326,1,verification_interface,not_applicable,,sufficient_for_triage
G00537,deep_read,deep_read,537,1,verification,not_applicable,,sufficient_for_triage
G00539,deep_read,deep_read,539,1,tooling,not_applicable,,sufficient_for_triage
G00542,deep_read,fetch_evidence,542,3,rtl,new_candidate;not_applicable,,partition_context
G00545,fetch_evidence,fetch_evidence,545,8,verification,not_applicable,IBEX-024,partition_context
G00546,deep_read,fetch_evidence,546,1,verification_interface,not_applicable,,sufficient_for_triage
G00547,deep_read,fetch_evidence,547,1,verification,not_applicable,,sufficient_for_triage
G00548,deep_read,deep_read,548;591,1,verification_interface,new_candidate,,sufficient_for_triage
G00549,fetch_evidence,fetch_evidence,549,8,tooling;verification,not_applicable,IBEX-024,partition_context
G00550,low_priority,fetch_evidence,550,1,tooling,not_applicable,,sufficient_for_triage
G00551,low_priority,low_priority,551,1,tooling,not_applicable,,sufficient_for_triage
G00552,low_priority,fetch_evidence,552,1,verification,not_applicable,,sufficient_for_triage
G00553,deep_read,fetch_evidence,553,2,rtl,not_applicable,IBEX-022,partition_context
G00554,deep_read,fetch_evidence,554,1,tooling,not_applicable,,sufficient_for_triage
G00556,low_priority,fetch_evidence,556,1,verification,not_applicable,,sufficient_for_triage
G00557,deep_read,deep_read,557;560;577,1,rtl,new_candidate,IBEX-003,sufficient_for_triage
G00558,low_priority,fetch_evidence,558,1,tooling,not_applicable,,sufficient_for_triage
G00561,deep_read,fetch_evidence,561,1,rtl,not_applicable,,sufficient_for_triage
G00562,low_priority,fetch_evidence,562,1,tooling,not_applicable,,sufficient_for_triage
G00563,low_priority,low_priority,563,1,tooling,not_applicable,,sufficient_for_triage
G00564,fetch_evidence,fetch_evidence,564,2,verification,not_applicable,,partition_context
G00565,deep_read,fetch_evidence,565,1,verification,existing_only,IBEX-019,sufficient_for_triage
G00566,deep_read,fetch_evidence,566;569;572;576,2,tooling;verification,not_applicable,,partition_context
G00567,deep_read,deep_read,567;575,1,rtl,new_candidate,,sufficient_for_triage
G00570,deep_read,fetch_evidence,570,1,rtl,not_applicable,,sufficient_for_triage
G00573,fetch_evidence,fetch_evidence,573,4,verification,not_applicable,,partition_context
G00578,low_priority,fetch_evidence,578;584,1,tooling,not_applicable,,sufficient_for_triage
G00580,low_priority,fetch_evidence,580,1,tooling,not_applicable,,sufficient_for_triage
G00581,deep_read,deep_read,581,1,verification,not_applicable,,sufficient_for_triage
G00582,low_priority,fetch_evidence,582,1,tooling,not_applicable,,sufficient_for_triage
G00583,low_priority,fetch_evidence,583,1,tooling,not_applicable,,sufficient_for_triage
G00585,deep_read,fetch_evidence,585;647,48,rtl,existing_only;new_candidate;not_applicable,IBEX-007,partition_context
G00586,low_priority,fetch_evidence,586,1,tooling,not_applicable,,missing_source_or_context
G00587,deep_read,fetch_evidence,587,1,verification,not_applicable,,sufficient_for_triage
G00588,fetch_evidence,fetch_evidence,588,1,verification,not_applicable,IBEX-022,sufficient_for_triage
G00589,low_priority,fetch_evidence,589,1,verification,not_applicable,,sufficient_for_triage
G00590,deep_read,fetch_evidence,590;595,2,rtl,not_applicable,,partition_context
G00592,low_priority,fetch_evidence,592,1,verification_interface,not_applicable,,sufficient_for_triage
G00593,low_priority,fetch_evidence,593,1,verification,not_applicable,,sufficient_for_triage
G00594,fetch_evidence,fetch_evidence,594,1,tooling,not_applicable,,sufficient_for_triage
G00596,low_priority,fetch_evidence,596;602,1,tooling,not_applicable,,missing_source_or_context
G00597,low_priority,fetch_evidence,597;598,1,tooling,not_applicable,,sufficient_for_triage
G00599,fetch_evidence,fetch_evidence,599,1,verification,not_applicable,IBEX-022,sufficient_for_triage
G00600,deep_read,fetch_evidence,600,1,verification,not_applicable,,sufficient_for_triage
G00605,low_priority,fetch_evidence,605,1,verification,not_applicable,,missing_source_or_context
G00606,low_priority,fetch_evidence,606,1,rtl,not_applicable,,sufficient_for_triage
G00607,fetch_evidence,fetch_evidence,607,1,rtl,not_applicable,,missing_source_or_context
G00608,fetch_evidence,fetch_evidence,608;614,1,tooling,not_applicable,,sufficient_for_triage
G00609,fetch_evidence,fetch_evidence,609,19,feature;tooling,not_applicable,,partition_context
G00610,deep_read,fetch_evidence,610,1,verification,not_applicable,IBEX-011,sufficient_for_triage
G00611,low_priority,fetch_evidence,611,1,verification_interface,not_applicable,,sufficient_for_triage
G00612,deep_read,deep_read,612;613,1,rtl,new_candidate,,sufficient_for_triage
G00615,low_priority,fetch_evidence,615,1,tooling,not_applicable,,sufficient_for_triage
G00616,fetch_evidence,fetch_evidence,616,1,tooling,not_applicable,,missing_source_or_context
G00617,deep_read,fetch_evidence,617,1,verification,not_applicable,IBEX-011,sufficient_for_triage
G00618,low_priority,low_priority,618,1,verification,not_applicable,,sufficient_for_triage
G00619,fetch_evidence,fetch_evidence,619,1,verification_interface,not_applicable,,missing_source_or_context
G00620,deep_read,deep_read,620,1,verification,not_applicable,,sufficient_for_triage
G00621,low_priority,fetch_evidence,621,1,tooling,not_applicable,,missing_source_or_context
G00622,deep_read,deep_read,622;669;670;671;677;699,1,tooling,not_applicable,,sufficient_for_triage
G00623,deep_read,fetch_evidence,623,1,verification_interface,new_candidate,,sufficient_for_triage
G00625,low_priority,fetch_evidence,625,1,rtl,not_applicable,,sufficient_for_triage
G00626,low_priority,fetch_evidence,626,1,tooling,not_applicable,,sufficient_for_triage
G00627,low_priority,low_priority,627,1,tooling,not_applicable,,sufficient_for_triage
G00628,deep_read,deep_read,628,1,tooling,not_applicable,,sufficient_for_triage
G00629,low_priority,fetch_evidence,629,1,tooling,not_applicable,,sufficient_for_triage
G00630,low_priority,fetch_evidence,630,1,verification,not_applicable,,sufficient_for_triage
G00631,low_priority,low_priority,631,1,tooling,not_applicable,,sufficient_for_triage
G00632,fetch_evidence,fetch_evidence,632,2,verification,not_applicable,,partition_context
G00633,fetch_evidence,fetch_evidence,633,1,verification,not_applicable,,missing_source_or_context
G00634,deep_read,fetch_evidence,634,1,tooling,not_applicable,,sufficient_for_triage
G00635,low_priority,fetch_evidence,635,1,verification,not_applicable,,sufficient_for_triage
G00636,low_priority,deep_read,636,1,tooling,not_applicable,,sufficient_for_triage
G00637,deep_read,fetch_evidence,637,1,verification,not_applicable,,sufficient_for_triage
G00638,low_priority,fetch_evidence,638,1,verification,not_applicable,,sufficient_for_triage
G00639,low_priority,fetch_evidence,639,1,verification,not_applicable,,sufficient_for_triage
G00640,deep_read,fetch_evidence,640,1,verification,not_applicable,,sufficient_for_triage
G00641,fetch_evidence,fetch_evidence,641,1,tooling,not_applicable,,sufficient_for_triage
G00642,deep_read,fetch_evidence,642,1,tooling,not_applicable,,sufficient_for_triage
G00643,deep_read,fetch_evidence,643,1,integration,not_applicable,,sufficient_for_triage
G00644,low_priority,fetch_evidence,644,1,tooling,not_applicable,,missing_source_or_context
G00645,low_priority,fetch_evidence,645,1,tooling,not_applicable,,sufficient_for_triage
G00646,deep_read,fetch_evidence,646,1,tooling,not_applicable,,sufficient_for_triage
G00648,deep_read,fetch_evidence,648,8,verification,not_applicable,,partition_context
G00649,deep_read,fetch_evidence,649;656,1,rtl,new_candidate,,sufficient_for_triage
G00650,low_priority,fetch_evidence,650;658,1,tooling,not_applicable,,sufficient_for_triage
G00651,fetch_evidence,fetch_evidence,651,1,tooling,not_applicable,,missing_source_or_context
G00652,fetch_evidence,fetch_evidence,652;654;871,4,integration;rtl,not_applicable;unclear,IBEX-016,partition_context
G00653,low_priority,fetch_evidence,653,1,tooling,not_applicable,,missing_source_or_context
G00655,deep_read,fetch_evidence,655,1,tooling,not_applicable,,sufficient_for_triage
G00657,deep_read,deep_read,657;661;662,1,verification,not_applicable,,sufficient_for_triage
G00659,deep_read,fetch_evidence,659,1,verification,not_applicable,IBEX-005,sufficient_for_triage
G00660,fetch_evidence,fetch_evidence,660,2,verification,not_applicable,,partition_context
G00663,fetch_evidence,fetch_evidence,663,1,rtl,not_applicable,,missing_source_or_context
G00664,low_priority,fetch_evidence,664,1,integration,not_applicable,,sufficient_for_triage
G00665,fetch_evidence,fetch_evidence,665,1,rtl,not_applicable,,missing_source_or_context
G00666,deep_read,fetch_evidence,666,1,rtl,not_applicable,,sufficient_for_triage
G00667,fetch_evidence,fetch_evidence,667,1,rtl,not_applicable,,missing_source_or_context
G00668,fetch_evidence,fetch_evidence,668,1,rtl,not_applicable,,missing_source_or_context
G00672,deep_read,fetch_evidence,672,1,verification,not_applicable,,sufficient_for_triage
G00673,deep_read,fetch_evidence,673,1,verification,not_applicable,,sufficient_for_triage
G00674,deep_read,deep_read,674;678;682;691;704,1,verification,not_applicable,,sufficient_for_triage
G00675,fetch_evidence,fetch_evidence,675,1,verification,not_applicable,,missing_source_or_context
G00676,low_priority,fetch_evidence,676,1,verification,not_applicable,,sufficient_for_triage
G00679,fetch_evidence,deep_read,679,1,verification,not_applicable,,missing_source_or_context
G00680,deep_read,deep_read,680,1,rtl,not_applicable,,sufficient_for_triage
G00681,deep_read,deep_read,681,1,verification,not_applicable,,sufficient_for_triage
G00684,deep_read,fetch_evidence,684,1,feature,not_applicable,,sufficient_for_triage
G00685,low_priority,fetch_evidence,685,1,tooling,not_applicable,,sufficient_for_triage
G00688,low_priority,fetch_evidence,688,1,tooling,not_applicable,,sufficient_for_triage
G00689,low_priority,fetch_evidence,689,1,tooling,not_applicable,,missing_source_or_context
G00690,low_priority,fetch_evidence,690,1,tooling,not_applicable,,sufficient_for_triage
G00692,low_priority,fetch_evidence,692,1,tooling,not_applicable,,sufficient_for_triage
G00694,low_priority,fetch_evidence,694,1,tooling,not_applicable,,sufficient_for_triage
G00695,deep_read,fetch_evidence,695,1,rtl,existing_only,IBEX-007,sufficient_for_triage
G00696,low_priority,fetch_evidence,696;697,1,tooling,not_applicable,,sufficient_for_triage
G00698,low_priority,low_priority,698,1,verification,not_applicable,,sufficient_for_triage
G00700,deep_read,deep_read,700;701,1,tooling,not_applicable,,sufficient_for_triage
G00702,deep_read,fetch_evidence,702,2,rtl,not_applicable,,partition_context
G00703,deep_read,fetch_evidence,703;724;809,1,verification,not_applicable,IBEX-022,sufficient_for_triage
G00705,fetch_evidence,fetch_evidence,705,1,tooling,not_applicable,IBEX-022,sufficient_for_triage
G00706,low_priority,fetch_evidence,706,1,tooling,not_applicable,,sufficient_for_triage
G00707,deep_read,fetch_evidence,707,1,rtl,not_applicable,,sufficient_for_triage
G00709,deep_read,deep_read,709;713,1,rtl,new_candidate,,sufficient_for_triage
G00710,low_priority,fetch_evidence,710,1,tooling,not_applicable,,sufficient_for_triage
G00711,fetch_evidence,fetch_evidence,711;840;841;848;985;1042;1043;1047;1201;2141,64,rtl;tooling;verification,not_applicable;unclear,IBEX-023,partition_context
G00712,deep_read,deep_read,712,1,rtl,existing_only,IBEX-007,sufficient_for_triage
G00714,fetch_evidence,fetch_evidence,714;745,3,tooling;verification,not_applicable,IBEX-022,partition_context
G00715,deep_read,deep_read,715,1,verification,not_applicable,,sufficient_for_triage
G00716,fetch_evidence,fetch_evidence,716,1,verification,not_applicable,,missing_source_or_context
G00717,deep_read,fetch_evidence,717,1,rtl,not_applicable,,sufficient_for_triage
G00718,deep_read,fetch_evidence,718,1,rtl,existing_only,IBEX-007,sufficient_for_triage
G00719,fetch_evidence,fetch_evidence,719,1,verification_interface,not_applicable,,sufficient_for_triage
G00720,deep_read,fetch_evidence,720,1,verification,not_applicable,IBEX-019,sufficient_for_triage
G00721,deep_read,fetch_evidence,721,1,rtl,not_applicable,,sufficient_for_triage
G00722,deep_read,deep_read,722,1,rtl,new_candidate,,sufficient_for_triage
G00723,fetch_evidence,fetch_evidence,723,2,verification,not_applicable,,partition_context
G00725,deep_read,fetch_evidence,725,1,rtl,not_applicable,,sufficient_for_triage
G00726,low_priority,deep_read,726,1,tooling,not_applicable,,sufficient_for_triage
G00727,deep_read,fetch_evidence,727,1,rtl,new_candidate,,sufficient_for_triage
G00728,low_priority,fetch_evidence,728,1,verification,not_applicable,IBEX-022,sufficient_for_triage
G00729,low_priority,low_priority,729,1,tooling,not_applicable,,sufficient_for_triage
G00730,deep_read,deep_read,730;733;738,1,verification,new_candidate,,sufficient_for_triage
G00731,deep_read,fetch_evidence,731,1,tooling,not_applicable,IBEX-011,sufficient_for_triage
G00732,deep_read,deep_read,732,1,verification,not_applicable,,sufficient_for_triage
G00734,deep_read,fetch_evidence,734,1,tooling,existing_only,IBEX-007,sufficient_for_triage
G00735,low_priority,fetch_evidence,735,1,tooling,not_applicable,,missing_source_or_context
G00736,low_priority,fetch_evidence,736,1,tooling,not_applicable,,sufficient_for_triage
G00737,low_priority,fetch_evidence,737,1,tooling,not_applicable,,sufficient_for_triage
G00739,low_priority,fetch_evidence,739,1,tooling,not_applicable,,sufficient_for_triage
G00740,low_priority,low_priority,740,1,tooling,not_applicable,,missing_source_or_context
G00741,fetch_evidence,fetch_evidence,741;2399;2517,1,tooling,not_applicable,,sufficient_for_triage
G00742,deep_read,fetch_evidence,742,1,rtl,existing_only,IBEX-008,sufficient_for_triage
G00743,low_priority,fetch_evidence,743,1,tooling,not_applicable,,sufficient_for_triage
G00744,deep_read,fetch_evidence,744,1,tooling,not_applicable,,sufficient_for_triage
G00747,low_priority,fetch_evidence,747,1,tooling,not_applicable,,sufficient_for_triage
G00748,deep_read,deep_read,748,1,verification,not_applicable,,sufficient_for_triage
G00749,deep_read,deep_read,749,1,verification,not_applicable,,sufficient_for_triage
G00750,deep_read,fetch_evidence,750,1,verification,not_applicable,,sufficient_for_triage
G00751,low_priority,low_priority,751,1,tooling,not_applicable,,missing_source_or_context
G00752,low_priority,fetch_evidence,752;753,1,verification,not_applicable,IBEX-022,sufficient_for_triage
G00754,fetch_evidence,fetch_evidence,754,90,verification,not_applicable;unclear,,partition_context
G00755,low_priority,fetch_evidence,755,1,tooling,not_applicable,,sufficient_for_triage
G00756,deep_read,fetch_evidence,756,1,rtl,new_candidate,,sufficient_for_triage
G00757,deep_read,deep_read,757,1,integration,not_applicable,,missing_source_or_context
G00758,fetch_evidence,fetch_evidence,758,1,integration,not_applicable,,sufficient_for_triage
G00759,low_priority,fetch_evidence,759,1,tooling,not_applicable,,sufficient_for_triage
G00760,fetch_evidence,fetch_evidence,760,1,verification,not_applicable,,sufficient_for_triage
G00762,low_priority,fetch_evidence,762,1,tooling,not_applicable,,sufficient_for_triage
G00763,deep_read,deep_read,763,1,rtl,not_applicable,,sufficient_for_triage
G00764,fetch_evidence,fetch_evidence,764,1,feature,not_applicable,,sufficient_for_triage
G00765,deep_read,fetch_evidence,765,1,verification,not_applicable,,sufficient_for_triage
G00766,deep_read,fetch_evidence,766,1,verification_interface,not_applicable,,sufficient_for_triage
G00767,deep_read,fetch_evidence,767,1,verification,not_applicable,,sufficient_for_triage
G00768,deep_read,fetch_evidence,768,1,tooling,not_applicable,,sufficient_for_triage
G00769,low_priority,fetch_evidence,769,1,verification,not_applicable,,missing_source_or_context
G00770,deep_read,deep_read,770,1,verification,not_applicable,,sufficient_for_triage
G00771,deep_read,fetch_evidence,771,1,rtl,not_applicable,,sufficient_for_triage
G00772,low_priority,fetch_evidence,772,1,tooling,not_applicable,IBEX-022,sufficient_for_triage
G00773,low_priority,fetch_evidence,773,1,tooling,not_applicable,IBEX-022,sufficient_for_triage
G00774,low_priority,fetch_evidence,774,1,tooling,not_applicable,,sufficient_for_triage
G00775,deep_read,fetch_evidence,775,1,rtl,not_applicable,,sufficient_for_triage
G00776,deep_read,deep_read,776;794;797;804,2,verification,not_applicable,IBEX-022,partition_context
G00779,low_priority,low_priority,779,1,verification,not_applicable,,sufficient_for_triage
G00782,deep_read,deep_read,782,1,rtl,not_applicable,,sufficient_for_triage
G00784,low_priority,low_priority,784,1,tooling,not_applicable,,missing_source_or_context
G00785,low_priority,fetch_evidence,785,1,tooling,not_applicable,,missing_source_or_context
G00787,deep_read,fetch_evidence,787,1,rtl,not_applicable,,sufficient_for_triage
G00788,low_priority,fetch_evidence,788,1,feature,not_applicable,,sufficient_for_triage
G00789,low_priority,fetch_evidence,789,1,verification,not_applicable,,missing_source_or_context
G00790,deep_read,fetch_evidence,790;791,1,verification,not_applicable,,sufficient_for_triage
G00792,deep_read,fetch_evidence,792,1,rtl,existing_only,IBEX-007,sufficient_for_triage
G00793,fetch_evidence,fetch_evidence,793,3,verification,not_applicable,,partition_context
G00795,low_priority,fetch_evidence,795,1,tooling,not_applicable,,sufficient_for_triage
G00796,fetch_evidence,fetch_evidence,796,1,tooling,not_applicable,,sufficient_for_triage
G00798,low_priority,low_priority,798,1,feature,not_applicable,,missing_source_or_context
G00800,deep_read,fetch_evidence,800,1,rtl,not_applicable,,sufficient_for_triage
G00801,low_priority,fetch_evidence,801,1,tooling,not_applicable,,sufficient_for_triage
G00802,fetch_evidence,fetch_evidence,802,1,verification,not_applicable,,sufficient_for_triage
G00803,fetch_evidence,fetch_evidence,803,3,verification_interface,not_applicable,IBEX-022,partition_context
G00805,low_priority,fetch_evidence,805,1,verification,not_applicable,,sufficient_for_triage
G00806,fetch_evidence,fetch_evidence,806,3,verification_interface,not_applicable,IBEX-022,partition_context
G00807,deep_read,fetch_evidence,807,2,verification,not_applicable,,partition_context
G00808,deep_read,deep_read,808;813,1,rtl,existing_only,IBEX-009,sufficient_for_triage
G00810,deep_read,deep_read,810,1,verification,not_applicable,,sufficient_for_triage
G00811,deep_read,fetch_evidence,811,1,verification,not_applicable,,sufficient_for_triage
G00812,low_priority,fetch_evidence,812,1,tooling,not_applicable,,missing_source_or_context
G00814,deep_read,fetch_evidence,814,1,verification_interface,not_applicable,,sufficient_for_triage
G00816,low_priority,fetch_evidence,816,1,feature,not_applicable,IBEX-022,missing_source_or_context
G00817,deep_read,deep_read,817,1,rtl,new_candidate,,sufficient_for_triage
G00818,fetch_evidence,fetch_evidence,818,1,verification,not_applicable,,sufficient_for_triage
G00819,deep_read,fetch_evidence,819,1,rtl,not_applicable,,sufficient_for_triage
G00820,deep_read,fetch_evidence,820,1,verification,not_applicable,IBEX-007,sufficient_for_triage
G00822,deep_read,fetch_evidence,822,1,verification,not_applicable,,sufficient_for_triage
G00823,deep_read,fetch_evidence,823,1,verification,not_applicable,,sufficient_for_triage
G00824,fetch_evidence,fetch_evidence,824,2,tooling,not_applicable,,partition_context
G00825,deep_read,fetch_evidence,825,1,verification,not_applicable,,sufficient_for_triage
G00827,fetch_evidence,fetch_evidence,827,2,rtl,new_candidate;not_applicable,,partition_context
G00828,deep_read,deep_read,828,4,verification,not_applicable,,partition_context
G00829,deep_read,deep_read,829,1,rtl,existing_only,IBEX-007,sufficient_for_triage
G00830,low_priority,deep_read,830,1,tooling,not_applicable,,sufficient_for_triage
G00831,low_priority,fetch_evidence,831,1,verification,not_applicable,,sufficient_for_triage
G00832,deep_read,deep_read,832;835,1,rtl,existing_only,IBEX-007,sufficient_for_triage
G00833,deep_read,fetch_evidence,833;837,1,tooling,not_applicable,,sufficient_for_triage
G00834,deep_read,deep_read,834,1,verification,not_applicable,,sufficient_for_triage
G00836,deep_read,deep_read,836,1,rtl,new_candidate,,sufficient_for_triage
G00838,deep_read,deep_read,838,1,verification,not_applicable,,sufficient_for_triage
G00839,low_priority,fetch_evidence,839,1,tooling,not_applicable,,sufficient_for_triage
G00842,low_priority,fetch_evidence,842,1,verification,not_applicable,IBEX-022,sufficient_for_triage
G00843,fetch_evidence,deep_read,843,1,tooling,not_applicable,,missing_source_or_context
G00844,deep_read,deep_read,844,1,feature,not_applicable,,sufficient_for_triage
G00845,deep_read,deep_read,845;846,1,verification,not_applicable,,sufficient_for_triage
G00847,fetch_evidence,fetch_evidence,847,2,verification,existing_only;not_applicable,IBEX-011,partition_context
G00849,deep_read,deep_read,849;854,1,rtl,existing_only,IBEX-010,sufficient_for_triage
G00850,deep_read,fetch_evidence,850;855;882,1,rtl,new_candidate,IBEX-007,sufficient_for_triage
G00851,deep_read,fetch_evidence,851,1,integration,not_applicable,,sufficient_for_triage
G00852,low_priority,fetch_evidence,852;862,1,tooling,not_applicable,,sufficient_for_triage
G00853,deep_read,deep_read,853,1,verification,not_applicable,,sufficient_for_triage
G00856,low_priority,fetch_evidence,856,1,verification,not_applicable,,sufficient_for_triage
G00857,low_priority,fetch_evidence,857,1,tooling,not_applicable,,sufficient_for_triage
G00858,deep_read,fetch_evidence,858,1,verification,new_candidate,,sufficient_for_triage
G00859,fetch_evidence,deep_read,859;861,2,verification,not_applicable,,partition_context
G00860,fetch_evidence,fetch_evidence,860,3,rtl;verification,existing_only;not_applicable,IBEX-011,partition_context
G00864,deep_read,deep_read,864;875;877;902;903,1,rtl,existing_only,IBEX-011,sufficient_for_triage
G00865,fetch_evidence,fetch_evidence,865,1,verification,not_applicable,,sufficient_for_triage
G00867,deep_read,deep_read,867,1,rtl,not_applicable,,sufficient_for_triage
G00868,deep_read,fetch_evidence,868,1,rtl,not_applicable,,sufficient_for_triage
G00869,fetch_evidence,deep_read,869,2,verification,not_applicable,IBEX-022,partition_context
G00872,deep_read,deep_read,872,1,tooling,not_applicable,,sufficient_for_triage
G00873,deep_read,fetch_evidence,873,1,verification,not_applicable,,sufficient_for_triage
G00874,deep_read,fetch_evidence,874,1,rtl,not_applicable,,sufficient_for_triage
G00876,low_priority,fetch_evidence,876,1,verification,not_applicable,,sufficient_for_triage
G00878,deep_read,fetch_evidence,878,1,verification,not_applicable,,sufficient_for_triage
G00879,fetch_evidence,deep_read,879,1,rtl,not_applicable,,missing_source_or_context
G00880,deep_read,fetch_evidence,880,1,rtl,not_applicable,,sufficient_for_triage
G00881,low_priority,fetch_evidence,881,1,tooling,not_applicable,,sufficient_for_triage
G00883,deep_read,deep_read,883,1,rtl,new_candidate,,sufficient_for_triage
G00884,low_priority,fetch_evidence,884,1,tooling,not_applicable,,sufficient_for_triage
G00885,fetch_evidence,fetch_evidence,885,1,rtl,not_applicable,,missing_source_or_context
G00886,deep_read,deep_read,886;1968;1970;2021,1,rtl,new_candidate,,sufficient_for_triage
G00887,deep_read,fetch_evidence,887,1,verification,not_applicable,,sufficient_for_triage
G00888,low_priority,fetch_evidence,888,1,verification,not_applicable,,sufficient_for_triage
G00889,deep_read,fetch_evidence,889,1,verification,not_applicable,IBEX-022,sufficient_for_triage
G00890,deep_read,fetch_evidence,890,1,verification_interface,not_applicable,,sufficient_for_triage
G00891,low_priority,fetch_evidence,891,1,tooling,not_applicable,,sufficient_for_triage
G00893,fetch_evidence,fetch_evidence,893;894,11,integration;rtl;tooling;verification,not_applicable,,partition_context
G00895,low_priority,fetch_evidence,895,1,tooling,not_applicable,,missing_source_or_context
G00896,deep_read,fetch_evidence,896,1,verification,not_applicable,,sufficient_for_triage
G00897,low_priority,low_priority,897,1,feature,not_applicable,,missing_source_or_context
G00898,fetch_evidence,fetch_evidence,898,2,tooling;verification,not_applicable,,partition_context
G00899,fetch_evidence,fetch_evidence,899,1,verification_interface,not_applicable,,sufficient_for_triage
G00900,low_priority,fetch_evidence,900,1,verification_interface,not_applicable,,sufficient_for_triage
G00901,low_priority,fetch_evidence,901,1,tooling,not_applicable,,sufficient_for_triage
G00904,deep_read,deep_read,904;905;906,1,verification,not_applicable,,sufficient_for_triage
G00908,fetch_evidence,fetch_evidence,908,1,feature,not_applicable,,missing_source_or_context
G00909,low_priority,fetch_evidence,909,1,feature,not_applicable,,sufficient_for_triage
G00910,deep_read,fetch_evidence,910;1232;1235,2,rtl,existing_only;not_applicable,IBEX-014,partition_context
G00911,deep_read,fetch_evidence,911,1,verification,existing_only,IBEX-024,sufficient_for_triage
G00912,deep_read,deep_read,912;919,1,rtl,existing_only,IBEX-012,sufficient_for_triage
G00913,deep_read,fetch_evidence,913,1,verification,not_applicable,,sufficient_for_triage
G00914,low_priority,fetch_evidence,914,1,tooling,not_applicable,,sufficient_for_triage
G00915,deep_read,fetch_evidence,915,1,verification,existing_only,IBEX-011,sufficient_for_triage
G00916,deep_read,fetch_evidence,916,1,verification,existing_only,IBEX-011,sufficient_for_triage
G00917,deep_read,fetch_evidence,917,1,rtl,not_applicable,,sufficient_for_triage
G00918,deep_read,fetch_evidence,918,1,verification,not_applicable,,sufficient_for_triage
G00920,low_priority,low_priority,920,1,tooling,not_applicable,,missing_source_or_context
G00921,deep_read,deep_read,921,1,verification,new_candidate,,sufficient_for_triage
G00922,deep_read,fetch_evidence,922,1,verification,not_applicable,,sufficient_for_triage
G00923,deep_read,fetch_evidence,923,1,rtl,not_applicable,,sufficient_for_triage
G00924,deep_read,fetch_evidence,924,1,verification,not_applicable,,sufficient_for_triage
G00925,low_priority,fetch_evidence,925,1,rtl,not_applicable,,sufficient_for_triage
G00926,low_priority,low_priority,926,1,tooling,not_applicable,,sufficient_for_triage
G00927,low_priority,fetch_evidence,927,1,tooling,not_applicable,,sufficient_for_triage
G00928,deep_read,deep_read,928;1339,1,rtl,new_candidate,IBEX-013,sufficient_for_triage
G00929,fetch_evidence,fetch_evidence,929,1,rtl,not_applicable,IBEX-018,sufficient_for_triage
G00930,low_priority,fetch_evidence,930;938,1,tooling,not_applicable,,sufficient_for_triage
G00931,deep_read,fetch_evidence,931;1016,1,tooling,not_applicable,,sufficient_for_triage
G00932,fetch_evidence,fetch_evidence,932,1,tooling,not_applicable,,sufficient_for_triage
G00933,deep_read,fetch_evidence,933,1,verification,not_applicable,,sufficient_for_triage
G00934,deep_read,fetch_evidence,934,1,verification,not_applicable,,sufficient_for_triage
G00935,deep_read,fetch_evidence,935,1,verification,not_applicable,,sufficient_for_triage
G00936,deep_read,fetch_evidence,936,1,verification,not_applicable,,sufficient_for_triage
G00937,low_priority,fetch_evidence,937,1,tooling,not_applicable,,sufficient_for_triage
G00939,deep_read,fetch_evidence,939,6,rtl,new_candidate;not_applicable,,partition_context
G00940,deep_read,fetch_evidence,940,1,rtl,not_applicable,,sufficient_for_triage
G00941,deep_read,fetch_evidence,941;956;1008;1009,1,tooling,not_applicable,,sufficient_for_triage
G00942,fetch_evidence,fetch_evidence,942,1,verification_interface,not_applicable,,sufficient_for_triage
G00943,low_priority,fetch_evidence,943,1,rtl,not_applicable,,sufficient_for_triage
G00944,deep_read,fetch_evidence,944,1,rtl,not_applicable,,sufficient_for_triage
G00945,fetch_evidence,fetch_evidence,945,3,rtl;verification,not_applicable,,partition_context
G00946,low_priority,fetch_evidence,946,1,rtl,not_applicable,,sufficient_for_triage
G00947,deep_read,fetch_evidence,947,1,rtl,new_candidate,,sufficient_for_triage
G00948,deep_read,fetch_evidence,948,4,verification,not_applicable,,partition_context
G00949,deep_read,fetch_evidence,949,3,verification_interface,new_candidate;not_applicable,,partition_context
G00950,deep_read,fetch_evidence,950,1,verification,not_applicable,,sufficient_for_triage
G00951,low_priority,fetch_evidence,951,1,tooling,not_applicable,,sufficient_for_triage
G00952,low_priority,fetch_evidence,952,1,tooling,not_applicable,,sufficient_for_triage
G00953,deep_read,deep_read,953;954;978,1,verification,not_applicable,,sufficient_for_triage
G00955,deep_read,fetch_evidence,955,1,verification,not_applicable,,sufficient_for_triage
G00957,deep_read,deep_read,957;974,1,rtl,not_applicable,,sufficient_for_triage
G00958,deep_read,deep_read,958,1,verification,not_applicable,,sufficient_for_triage
G00959,low_priority,fetch_evidence,959,1,tooling,not_applicable,,sufficient_for_triage
G00960,low_priority,fetch_evidence,960,1,tooling,not_applicable,,sufficient_for_triage
G00961,low_priority,fetch_evidence,961,1,tooling,not_applicable,,sufficient_for_triage
G00962,low_priority,fetch_evidence,962,1,tooling,not_applicable,,missing_source_or_context
G00963,deep_read,fetch_evidence,963,1,verification,not_applicable,,sufficient_for_triage
G00964,deep_read,fetch_evidence,964;977,1,verification,not_applicable,IBEX-022,sufficient_for_triage
G00967,low_priority,fetch_evidence,967,1,verification,not_applicable,,sufficient_for_triage
G00968,deep_read,fetch_evidence,968,1,verification,not_applicable,,sufficient_for_triage
G00970,fetch_evidence,fetch_evidence,970,5,verification,not_applicable,,partition_context
G00971,low_priority,fetch_evidence,971,1,tooling,not_applicable,,sufficient_for_triage
G00972,fetch_evidence,deep_read,972,1,tooling,not_applicable,,sufficient_for_triage
G00973,low_priority,fetch_evidence,973,1,verification,not_applicable,IBEX-022,sufficient_for_triage
G00975,deep_read,fetch_evidence,975,1,verification_interface,not_applicable,,sufficient_for_triage
G00976,fetch_evidence,fetch_evidence,976,1,rtl,not_applicable,,sufficient_for_triage
G00979,fetch_evidence,deep_read,979,1,tooling,not_applicable,,sufficient_for_triage
G00980,fetch_evidence,fetch_evidence,980,1,rtl,not_applicable,,sufficient_for_triage
G00981,fetch_evidence,deep_read,981,1,tooling,not_applicable,,sufficient_for_triage
G00982,deep_read,fetch_evidence,982,1,rtl,new_candidate,,sufficient_for_triage
G00983,deep_read,deep_read,983;987;1037,2,verification,new_candidate;not_applicable,IBEX-019,partition_context
G00984,deep_read,fetch_evidence,984,1,rtl,not_applicable,,sufficient_for_triage
G00986,deep_read,deep_read,986,1,rtl,new_candidate,,sufficient_for_triage
G00988,deep_read,deep_read,988,1,rtl,new_candidate,IBEX-017,sufficient_for_triage
G00989,deep_read,fetch_evidence,989,1,verification_interface,not_applicable,,sufficient_for_triage
G00990,deep_read,fetch_evidence,990,1,rtl,new_candidate,,sufficient_for_triage
G00991,deep_read,deep_read,991,1,rtl,existing_only,IBEX-019,sufficient_for_triage
G00992,low_priority,fetch_evidence,992,1,feature,not_applicable,IBEX-017,sufficient_for_triage
G00993,deep_read,fetch_evidence,993,1,rtl,not_applicable,,sufficient_for_triage
G00994,fetch_evidence,fetch_evidence,994;1005;1006,4,verification,new_candidate;not_applicable,IBEX-007,partition_context
G00995,fetch_evidence,fetch_evidence,995,4,rtl;verification,not_applicable,,partition_context
G00996,low_priority,low_priority,996,1,tooling,not_applicable,,sufficient_for_triage
G00998,low_priority,fetch_evidence,998;1065,1,tooling,not_applicable,,sufficient_for_triage
G01001,fetch_evidence,fetch_evidence,1001,1,rtl,not_applicable,,sufficient_for_triage
G01002,fetch_evidence,fetch_evidence,1002,1,rtl,not_applicable,,sufficient_for_triage
G01003,deep_read,fetch_evidence,1003;1355,1,tooling,not_applicable,,sufficient_for_triage
G01004,low_priority,fetch_evidence,1004,1,tooling,not_applicable,,sufficient_for_triage
G01007,deep_read,fetch_evidence,1007,1,rtl,not_applicable,,sufficient_for_triage
G01010,low_priority,fetch_evidence,1010,1,tooling,not_applicable,,sufficient_for_triage
G01012,low_priority,fetch_evidence,1012,1,integration,not_applicable,,missing_source_or_context
G01013,low_priority,fetch_evidence,1013,1,tooling,not_applicable,,sufficient_for_triage
G01015,low_priority,low_priority,1015,1,tooling,not_applicable,,sufficient_for_triage
G01017,low_priority,fetch_evidence,1017,1,tooling,not_applicable,,sufficient_for_triage
G01018,deep_read,deep_read,1018;1036,1,rtl,new_candidate,,sufficient_for_triage
G01019,low_priority,fetch_evidence,1019;1020,1,tooling,not_applicable,,sufficient_for_triage
G01021,low_priority,fetch_evidence,1021,1,tooling,not_applicable,,sufficient_for_triage
G01022,low_priority,fetch_evidence,1022,1,tooling,not_applicable,,sufficient_for_triage
G01023,low_priority,fetch_evidence,1023,1,tooling,not_applicable,,sufficient_for_triage
G01024,deep_read,fetch_evidence,1024,1,verification,not_applicable,,sufficient_for_triage
G01025,deep_read,fetch_evidence,1025,1,verification,not_applicable,,sufficient_for_triage
G01026,low_priority,fetch_evidence,1026,1,tooling,not_applicable,,sufficient_for_triage
G01027,low_priority,low_priority,1027,1,tooling,not_applicable,,missing_source_or_context
G01028,low_priority,low_priority,1028,1,verification,not_applicable,,sufficient_for_triage
G01029,deep_read,deep_read,1029;1034;1068;1279;1304;1332,1,rtl,new_candidate,IBEX-013,sufficient_for_triage
G01030,low_priority,deep_read,1030,1,tooling,not_applicable,,sufficient_for_triage
G01031,low_priority,fetch_evidence,1031,1,tooling,not_applicable,,sufficient_for_triage
G01032,deep_read,fetch_evidence,1032;1097,4,rtl,new_candidate;not_applicable,,partition_context
G01033,low_priority,fetch_evidence,1033,1,tooling,not_applicable,,sufficient_for_triage
G01035,deep_read,fetch_evidence,1035,1,rtl,new_candidate,,sufficient_for_triage
G01038,deep_read,fetch_evidence,1038;1040;1049;1050;1051;1052,5,verification,new_candidate;not_applicable,,partition_context
G01039,low_priority,fetch_evidence,1039,1,verification,not_applicable,,sufficient_for_triage
G01041,low_priority,low_priority,1041,1,tooling,not_applicable,,missing_source_or_context
G01044,deep_read,fetch_evidence,1044;1054,1,rtl,existing_only,IBEX-014,sufficient_for_triage
G01045,deep_read,deep_read,1045,1,verification,not_applicable,,sufficient_for_triage
G01046,low_priority,fetch_evidence,1046,1,tooling,not_applicable,,sufficient_for_triage
G01048,deep_read,fetch_evidence,1048;1087,1,rtl,not_applicable,,sufficient_for_triage
G01053,fetch_evidence,fetch_evidence,1053,1,rtl,new_candidate,,missing_source_or_context
G01055,low_priority,fetch_evidence,1055,1,tooling,not_applicable,,sufficient_for_triage
G01056,deep_read,fetch_evidence,1056,1,rtl,not_applicable,IBEX-003,sufficient_for_triage
G01057,low_priority,fetch_evidence,1057,1,tooling,not_applicable,,sufficient_for_triage
G01058,low_priority,low_priority,1058,1,tooling,not_applicable,,missing_source_or_context
G01059,low_priority,low_priority,1059,1,tooling,not_applicable,,sufficient_for_triage
G01060,low_priority,low_priority,1060,1,tooling,not_applicable,,sufficient_for_triage
G01061,low_priority,fetch_evidence,1061,1,tooling,not_applicable,,sufficient_for_triage
G01062,fetch_evidence,fetch_evidence,1062,2,verification,not_applicable,,partition_context
G01063,deep_read,fetch_evidence,1063,1,verification,not_applicable,,sufficient_for_triage
G01064,deep_read,fetch_evidence,1064,1,verification,not_applicable,IBEX-016,sufficient_for_triage
G01066,deep_read,fetch_evidence,1066,1,verification,not_applicable,,sufficient_for_triage
G01067,fetch_evidence,fetch_evidence,1067,1,verification,not_applicable,IBEX-022,sufficient_for_triage
G01069,low_priority,fetch_evidence,1069,1,tooling,not_applicable,,sufficient_for_triage
G01070,deep_read,deep_read,1070;1125;1638,2,rtl,new_candidate,,partition_context
G01071,deep_read,deep_read,1071,1,verification,not_applicable,,missing_source_or_context
G01072,fetch_evidence,fetch_evidence,1072,4,rtl;tooling;verification,not_applicable,,partition_context
G01073,deep_read,fetch_evidence,1073,1,verification,not_applicable,,sufficient_for_triage
G01074,fetch_evidence,fetch_evidence,1074,3,verification,not_applicable,IBEX-014,partition_context
G01075,low_priority,fetch_evidence,1075,1,tooling,not_applicable,,sufficient_for_triage
G01077,low_priority,fetch_evidence,1077,1,tooling,not_applicable,,sufficient_for_triage
G01078,fetch_evidence,deep_read,1078,1,verification_interface,not_applicable,,sufficient_for_triage
G01079,deep_read,fetch_evidence,1079;1081,1,verification,not_applicable,,sufficient_for_triage
G01080,deep_read,deep_read,1080;1094;1095;1135,1,rtl,new_candidate,,sufficient_for_triage
G01082,low_priority,deep_read,1082,1,tooling,not_applicable,,sufficient_for_triage
G01083,fetch_evidence,deep_read,1083,1,tooling,not_applicable,,missing_source_or_context
G01084,low_priority,low_priority,1084,1,tooling,not_applicable,,sufficient_for_triage
G01085,low_priority,low_priority,1085,1,tooling,not_applicable,,missing_source_or_context
G01086,low_priority,fetch_evidence,1086,1,verification,not_applicable,,missing_source_or_context
G01088,low_priority,fetch_evidence,1088,1,tooling,not_applicable,,sufficient_for_triage
G01089,deep_read,fetch_evidence,1089,1,feature,existing_only,IBEX-022,sufficient_for_triage
G01090,deep_read,fetch_evidence,1090,1,rtl,existing_only,IBEX-022,sufficient_for_triage
G01091,low_priority,fetch_evidence,1091,1,tooling,not_applicable,,sufficient_for_triage
G01092,deep_read,deep_read,1092;1115,1,tooling,not_applicable,,sufficient_for_triage
G01093,low_priority,fetch_evidence,1093,1,rtl,not_applicable,,sufficient_for_triage
G01096,deep_read,fetch_evidence,1096,1,verification_interface,not_applicable,,sufficient_for_triage
G01098,low_priority,fetch_evidence,1098,1,tooling,not_applicable,,sufficient_for_triage
G01099,low_priority,fetch_evidence,1099,1,verification,not_applicable,,sufficient_for_triage
G01100,low_priority,fetch_evidence,1100,1,tooling,not_applicable,,sufficient_for_triage
G01101,deep_read,deep_read,1101;1102,1,verification,not_applicable,,sufficient_for_triage
G01103,low_priority,fetch_evidence,1103,1,feature,not_applicable,,sufficient_for_triage
G01104,deep_read,deep_read,1104,1,rtl,not_applicable,,sufficient_for_triage
G01105,deep_read,fetch_evidence,1105;1388,1,rtl,new_candidate,,sufficient_for_triage
G01106,deep_read,deep_read,1106;1107,1,rtl,existing_only,IBEX-015,sufficient_for_triage
G01108,deep_read,fetch_evidence,1108,1,verification,not_applicable,,sufficient_for_triage
G01109,deep_read,fetch_evidence,1109,1,rtl,not_applicable,,sufficient_for_triage
G01110,low_priority,fetch_evidence,1110,1,tooling,not_applicable,,sufficient_for_triage
G01111,fetch_evidence,fetch_evidence,1111,1,rtl,unclear,,missing_source_or_context
G01112,deep_read,fetch_evidence,1112,1,tooling,not_applicable,,sufficient_for_triage
G01113,low_priority,fetch_evidence,1113,1,verification,not_applicable,,sufficient_for_triage
G01114,low_priority,fetch_evidence,1114,1,rtl,not_applicable,,missing_source_or_context
G01116,fetch_evidence,fetch_evidence,1116,1,tooling,not_applicable,,missing_source_or_context
G01117,deep_read,deep_read,1117;1513;1680,1,rtl,new_candidate,,sufficient_for_triage
G01118,low_priority,fetch_evidence,1118,1,rtl,not_applicable,,missing_source_or_context
G01119,low_priority,low_priority,1119,1,tooling,not_applicable,,sufficient_for_triage
G01120,low_priority,fetch_evidence,1120,1,tooling,not_applicable,,sufficient_for_triage
G01121,low_priority,low_priority,1121,1,tooling,not_applicable,,sufficient_for_triage
G01122,fetch_evidence,fetch_evidence,1122;1239,2,verification,not_applicable,,partition_context
G01123,low_priority,low_priority,1123,1,feature,not_applicable,,missing_source_or_context
G01124,low_priority,fetch_evidence,1124,1,tooling,not_applicable,,sufficient_for_triage
G01126,deep_read,fetch_evidence,1126,1,rtl,not_applicable,,sufficient_for_triage
G01127,low_priority,fetch_evidence,1127,1,tooling,not_applicable,,sufficient_for_triage
G01128,low_priority,low_priority,1128,1,verification_interface,not_applicable,,sufficient_for_triage
G01129,deep_read,deep_read,1129;1130,1,rtl,new_candidate,,sufficient_for_triage
G01131,low_priority,fetch_evidence,1131,1,verification,not_applicable,,missing_source_or_context
G01132,deep_read,deep_read,1132;1141,1,rtl,existing_only,IBEX-017,sufficient_for_triage
G01133,low_priority,fetch_evidence,1133,1,rtl,not_applicable,,sufficient_for_triage
G01134,deep_read,deep_read,1134;1136,1,rtl,existing_only,IBEX-016,sufficient_for_triage
G01137,low_priority,fetch_evidence,1137,1,tooling,not_applicable,,missing_source_or_context
G01138,low_priority,fetch_evidence,1138,1,rtl,not_applicable,,sufficient_for_triage
G01139,fetch_evidence,fetch_evidence,1139,1,verification,not_applicable,,missing_source_or_context
G01140,deep_read,fetch_evidence,1140,1,verification,not_applicable,IBEX-022,sufficient_for_triage
G01142,deep_read,fetch_evidence,1142,1,rtl,new_candidate,,sufficient_for_triage
G01143,low_priority,fetch_evidence,1143,1,verification,not_applicable,IBEX-022,sufficient_for_triage
G01144,low_priority,fetch_evidence,1144,1,tooling,not_applicable,,sufficient_for_triage
G01145,deep_read,deep_read,1145,1,tooling,not_applicable,,sufficient_for_triage
G01146,fetch_evidence,fetch_evidence,1146,11,verification,not_applicable,IBEX-022,partition_context
G01147,deep_read,fetch_evidence,1147,1,verification,not_applicable,,sufficient_for_triage
G01148,low_priority,fetch_evidence,1148,1,rtl,not_applicable,,sufficient_for_triage
G01149,low_priority,fetch_evidence,1149,1,tooling,not_applicable,,sufficient_for_triage
G01150,low_priority,fetch_evidence,1150,1,tooling,not_applicable,,sufficient_for_triage
G01151,low_priority,fetch_evidence,1151,1,verification,existing_only,IBEX-022,sufficient_for_triage
G01152,low_priority,fetch_evidence,1152,1,tooling,not_applicable,,sufficient_for_triage
G01153,low_priority,low_priority,1153,1,tooling,not_applicable,,sufficient_for_triage
G01154,fetch_evidence,fetch_evidence,1154;1155,1,verification,not_applicable,,sufficient_for_triage
G01156,deep_read,deep_read,1156,1,rtl,not_applicable,,sufficient_for_triage
G01157,deep_read,deep_read,1157;1159;1177;1183,1,verification,not_applicable,IBEX-019,sufficient_for_triage
G01158,deep_read,deep_read,1158;1161,1,tooling,not_applicable,,sufficient_for_triage
G01160,deep_read,deep_read,1160,1,tooling,not_applicable,,sufficient_for_triage
G01162,deep_read,fetch_evidence,1162,1,tooling,not_applicable,,sufficient_for_triage
G01163,fetch_evidence,fetch_evidence,1163,2,verification,not_applicable,,partition_context
G01164,fetch_evidence,fetch_evidence,1164,1,tooling,not_applicable,,sufficient_for_triage
G01165,fetch_evidence,fetch_evidence,1165,1,verification,not_applicable,,sufficient_for_triage
G01166,fetch_evidence,fetch_evidence,1166,1,rtl,not_applicable,,missing_source_or_context
G01167,deep_read,deep_read,1167;1176,1,verification,existing_only,,sufficient_for_triage
G01168,fetch_evidence,fetch_evidence,1168,1,rtl,not_applicable,IBEX-019,missing_source_or_context
G01169,fetch_evidence,fetch_evidence,1169;1184,1,verification,not_applicable,,sufficient_for_triage
G01170,low_priority,fetch_evidence,1170,1,tooling,not_applicable,,missing_source_or_context
G01171,fetch_evidence,fetch_evidence,1171,1,rtl,not_applicable,IBEX-022,sufficient_for_triage
G01172,low_priority,fetch_evidence,1172,1,unclear,not_applicable,,missing_source_or_context
G01173,low_priority,fetch_evidence,1173;1190,1,tooling,not_applicable,,sufficient_for_triage
G01175,fetch_evidence,fetch_evidence,1175,1,verification_interface,not_applicable,,missing_source_or_context
G01181,deep_read,deep_read,1181;1182,1,rtl,existing_only,IBEX-011,sufficient_for_triage
G01185,low_priority,fetch_evidence,1185,1,feature,existing_only,IBEX-022,sufficient_for_triage
G01186,low_priority,deep_read,1186,1,tooling,not_applicable,,sufficient_for_triage
G01187,deep_read,fetch_evidence,1187;1195,1,tooling,not_applicable,,sufficient_for_triage
G01188,low_priority,fetch_evidence,1188,1,tooling,not_applicable,IBEX-022,sufficient_for_triage
G01189,deep_read,deep_read,1189;1266,4,verification,new_candidate;not_applicable,,partition_context
G01191,low_priority,low_priority,1191;1858,1,tooling,not_applicable,,sufficient_for_triage
G01192,fetch_evidence,fetch_evidence,1192,1,verification,not_applicable,,sufficient_for_triage
G01193,deep_read,deep_read,1193;1241,1,tooling,not_applicable,,sufficient_for_triage
G01194,fetch_evidence,fetch_evidence,1194,1,tooling,not_applicable,,missing_source_or_context
G01196,fetch_evidence,deep_read,1196,1,tooling,not_applicable,,missing_source_or_context
G01197,low_priority,fetch_evidence,1197,1,tooling,not_applicable,,sufficient_for_triage
G01198,low_priority,fetch_evidence,1198,1,tooling,not_applicable,,sufficient_for_triage
G01200,low_priority,deep_read,1200,1,tooling,not_applicable,,sufficient_for_triage
G01202,deep_read,fetch_evidence,1202,1,verification_interface,not_applicable,,sufficient_for_triage
G01203,deep_read,fetch_evidence,1203,1,rtl,new_candidate,,sufficient_for_triage
G01204,fetch_evidence,deep_read,1204,1,verification,not_applicable,IBEX-022,missing_source_or_context
G01205,deep_read,fetch_evidence,1205,1,rtl,new_candidate,,sufficient_for_triage
G01206,deep_read,deep_read,1206,1,rtl,not_applicable,,missing_source_or_context
G01207,low_priority,fetch_evidence,1207,1,tooling,not_applicable,,sufficient_for_triage
G01208,low_priority,fetch_evidence,1208,1,tooling,not_applicable,,sufficient_for_triage
G01209,fetch_evidence,deep_read,1209,1,tooling,not_applicable,,sufficient_for_triage
G01210,low_priority,low_priority,1210,1,tooling,not_applicable,,sufficient_for_triage
G01211,low_priority,fetch_evidence,1211,1,rtl,not_applicable,,sufficient_for_triage
G01212,low_priority,fetch_evidence,1212,1,tooling,not_applicable,,missing_source_or_context
G01213,deep_read,fetch_evidence,1213;1216,1,verification_interface,not_applicable,,sufficient_for_triage
G01214,fetch_evidence,deep_read,1214,1,rtl,not_applicable,,sufficient_for_triage
G01215,fetch_evidence,low_priority,1215,43,tooling;verification,not_applicable,IBEX-011,partition_context
G01217,deep_read,deep_read,1217,1,verification,not_applicable,,sufficient_for_triage
G01218,fetch_evidence,fetch_evidence,1218;1340,11,integration;rtl,not_applicable;unclear,IBEX-002;IBEX-006;IBEX-016,partition_context
G01219,deep_read,deep_read,1219;1227;1228;1229,1,tooling,not_applicable,,sufficient_for_triage
G01220,low_priority,fetch_evidence,1220,1,verification,not_applicable,,missing_source_or_context
G01221,low_priority,fetch_evidence,1221,1,verification,not_applicable,,missing_source_or_context
G01222,fetch_evidence,fetch_evidence,1222,7,rtl;tooling;verification,not_applicable,,partition_context
G01223,deep_read,deep_read,1223,1,verification,not_applicable,,missing_source_or_context
G01224,deep_read,deep_read,1224;1258,1,verification,not_applicable,,sufficient_for_triage
G01225,low_priority,fetch_evidence,1225,1,tooling,not_applicable,,sufficient_for_triage
G01226,low_priority,fetch_evidence,1226,1,tooling,not_applicable,,sufficient_for_triage
G01230,low_priority,deep_read,1230,1,tooling,not_applicable,,sufficient_for_triage
G01231,low_priority,fetch_evidence,1231,1,tooling,not_applicable,,sufficient_for_triage
G01234,deep_read,fetch_evidence,1234,1,rtl,existing_only,IBEX-011,sufficient_for_triage
G01236,fetch_evidence,fetch_evidence,1236,1,verification,not_applicable,,missing_source_or_context
G01237,low_priority,low_priority,1237,1,feature,not_applicable,,missing_source_or_context
G01238,low_priority,fetch_evidence,1238,1,feature,not_applicable,,sufficient_for_triage
G01240,deep_read,fetch_evidence,1240,1,rtl,existing_only,IBEX-022,sufficient_for_triage
G01242,deep_read,fetch_evidence,1242,1,verification_interface,not_applicable,,sufficient_for_triage
G01243,deep_read,fetch_evidence,1243,1,verification_interface,not_applicable,,sufficient_for_triage
G01244,low_priority,fetch_evidence,1244,1,tooling,not_applicable,,sufficient_for_triage
G01245,deep_read,deep_read,1245,1,rtl,not_applicable,,sufficient_for_triage
G01246,low_priority,fetch_evidence,1246,1,tooling,not_applicable,,sufficient_for_triage
G01247,deep_read,deep_read,1247,1,rtl,not_applicable,,sufficient_for_triage
G01248,fetch_evidence,fetch_evidence,1248;1252,1,tooling,not_applicable,,sufficient_for_triage
G01249,low_priority,fetch_evidence,1249,1,feature,not_applicable,,missing_source_or_context
G01253,fetch_evidence,fetch_evidence,1253;1255,1,tooling,not_applicable,,sufficient_for_triage
G01254,low_priority,fetch_evidence,1254,1,tooling,not_applicable,,missing_source_or_context
G01256,deep_read,deep_read,1256,1,rtl,new_candidate,,sufficient_for_triage
G01257,low_priority,fetch_evidence,1257,1,tooling,not_applicable,,sufficient_for_triage
G01259,low_priority,fetch_evidence,1259,1,verification_interface,not_applicable,,sufficient_for_triage
G01260,fetch_evidence,fetch_evidence,1260,1,verification,not_applicable,,missing_source_or_context
G01261,low_priority,deep_read,1261,1,verification,not_applicable,,sufficient_for_triage
G01262,deep_read,deep_read,1262,1,verification,not_applicable,IBEX-005,sufficient_for_triage
G01263,low_priority,fetch_evidence,1263;1265,1,tooling,not_applicable,,sufficient_for_triage
G01264,deep_read,deep_read,1264,1,verification,not_applicable,,sufficient_for_triage
G01267,fetch_evidence,low_priority,1267,1,tooling,not_applicable,,sufficient_for_triage
G01268,deep_read,fetch_evidence,1268,1,rtl,not_applicable,,sufficient_for_triage
G01269,low_priority,fetch_evidence,1269,1,tooling,not_applicable,,sufficient_for_triage
G01270,deep_read,deep_read,1270,1,rtl,existing_only,IBEX-001,sufficient_for_triage
G01271,deep_read,deep_read,1271,1,verification,not_applicable,,sufficient_for_triage
G01272,low_priority,fetch_evidence,1272,1,rtl,not_applicable,,sufficient_for_triage
G01273,fetch_evidence,fetch_evidence,1273,1,rtl,not_applicable,,missing_source_or_context
G01274,low_priority,fetch_evidence,1274,1,tooling,not_applicable,,sufficient_for_triage
G01275,deep_read,fetch_evidence,1275,1,verification,not_applicable,,sufficient_for_triage
G01276,low_priority,fetch_evidence,1276,1,tooling,not_applicable,,sufficient_for_triage
G01277,deep_read,deep_read,1277,1,rtl,existing_only,,sufficient_for_triage
G01278,deep_read,fetch_evidence,1278;1293,1,rtl,not_applicable,IBEX-016,sufficient_for_triage
G01280,deep_read,deep_read,1280;1284;1464,1,verification,not_applicable,,sufficient_for_triage
G01281,fetch_evidence,fetch_evidence,1281,1,verification,not_applicable,IBEX-022,missing_source_or_context
G01282,deep_read,deep_read,1282;1283,1,verification_interface,not_applicable,,sufficient_for_triage
G01285,low_priority,fetch_evidence,1285,1,tooling,not_applicable,,sufficient_for_triage
G01286,fetch_evidence,fetch_evidence,1286,1,verification_interface,not_applicable,,sufficient_for_triage
G01287,deep_read,fetch_evidence,1287,1,verification,not_applicable,,sufficient_for_triage
G01288,low_priority,low_priority,1288,1,tooling,not_applicable,,missing_source_or_context
G01289,deep_read,fetch_evidence,1289,1,rtl,not_applicable,,sufficient_for_triage
G01290,low_priority,fetch_evidence,1290,1,tooling,not_applicable,,sufficient_for_triage
G01291,low_priority,fetch_evidence,1291,1,verification,not_applicable,,sufficient_for_triage
G01292,fetch_evidence,fetch_evidence,1292,9,rtl;tooling;verification,not_applicable,,partition_context
G01294,low_priority,fetch_evidence,1294,1,tooling,not_applicable,,missing_source_or_context
G01295,fetch_evidence,fetch_evidence,1295;1322,1,verification,not_applicable,,sufficient_for_triage
G01296,low_priority,fetch_evidence,1296,1,rtl,not_applicable,,sufficient_for_triage
G01297,deep_read,fetch_evidence,1297;1310,1,rtl,new_candidate,IBEX-016,sufficient_for_triage
G01298,low_priority,fetch_evidence,1298,1,verification,not_applicable,IBEX-022,sufficient_for_triage
G01299,low_priority,fetch_evidence,1299,1,tooling,not_applicable,,sufficient_for_triage
G01300,deep_read,fetch_evidence,1300,1,rtl,not_applicable,,sufficient_for_triage
G01301,low_priority,fetch_evidence,1301,1,rtl,not_applicable,,sufficient_for_triage
G01302,fetch_evidence,fetch_evidence,1302,1,verification,not_applicable,,missing_source_or_context
G01303,fetch_evidence,fetch_evidence,1303,5,feature;rtl;tooling,not_applicable,,partition_context
G01305,fetch_evidence,fetch_evidence,1305,1,verification,not_applicable,,sufficient_for_triage
G01306,low_priority,fetch_evidence,1306,1,tooling,not_applicable,,sufficient_for_triage
G01307,deep_read,fetch_evidence,1307,1,verification,not_applicable,,sufficient_for_triage
G01308,low_priority,fetch_evidence,1308,1,tooling,not_applicable,,sufficient_for_triage
G01309,deep_read,deep_read,1309;1313;1319,1,verification,existing_only,IBEX-019,sufficient_for_triage
G01311,deep_read,deep_read,1311,1,verification,not_applicable,,missing_source_or_context
G01312,low_priority,fetch_evidence,1312,1,verification,not_applicable,,sufficient_for_triage
G01315,low_priority,fetch_evidence,1315,1,tooling,not_applicable,,sufficient_for_triage
G01316,fetch_evidence,fetch_evidence,1316,3,integration;rtl,not_applicable,IBEX-022,partition_context
G01317,deep_read,deep_read,1317,1,verification,not_applicable,,sufficient_for_triage
G01318,fetch_evidence,fetch_evidence,1318,4,rtl,not_applicable,,partition_context
G01320,fetch_evidence,fetch_evidence,1320,5,rtl;tooling;verification,not_applicable,,partition_context
G01321,low_priority,low_priority,1321,1,verification,not_applicable,,sufficient_for_triage
G01323,low_priority,fetch_evidence,1323,1,verification,not_applicable,,sufficient_for_triage
G01325,fetch_evidence,fetch_evidence,1325,2,verification,not_applicable,IBEX-024,partition_context
G01327,deep_read,fetch_evidence,1327,1,verification,not_applicable,,sufficient_for_triage
G01328,low_priority,fetch_evidence,1328,1,tooling,not_applicable,,sufficient_for_triage
G01329,deep_read,deep_read,1329,1,rtl,existing_only,IBEX-010,sufficient_for_triage
G01330,low_priority,fetch_evidence,1330,1,rtl,not_applicable,,sufficient_for_triage
G01331,deep_read,fetch_evidence,1331,1,verification,new_candidate,,sufficient_for_triage
G01333,deep_read,fetch_evidence,1333;1334,1,verification,not_applicable,,sufficient_for_triage
G01335,deep_read,fetch_evidence,1335;1336,1,tooling,not_applicable,,sufficient_for_triage
G01337,deep_read,deep_read,1337;2439;2442;2481;2482,1,verification,existing_only,IBEX-023,sufficient_for_triage
G01338,deep_read,fetch_evidence,1338,1,rtl,not_applicable,,sufficient_for_triage
G01341,deep_read,fetch_evidence,1341,1,rtl,not_applicable,,sufficient_for_triage
G01342,deep_read,deep_read,1342,1,verification,not_applicable,,sufficient_for_triage
G01343,fetch_evidence,fetch_evidence,1343,1,verification,new_candidate,,sufficient_for_triage
G01344,low_priority,fetch_evidence,1344,1,verification,not_applicable,,sufficient_for_triage
G01345,deep_read,fetch_evidence,1345,1,feature,not_applicable,,sufficient_for_triage
G01346,deep_read,fetch_evidence,1346,1,rtl,not_applicable,,missing_source_or_context
G01347,deep_read,fetch_evidence,1347,1,verification_interface,not_applicable,,sufficient_for_triage
G01348,low_priority,low_priority,1348,1,tooling,not_applicable,,sufficient_for_triage
G01349,low_priority,low_priority,1349,1,tooling,not_applicable,,sufficient_for_triage
G01350,deep_read,fetch_evidence,1350,10,feature;integration;rtl;verification;verification_interface,new_candidate;not_applicable,IBEX-017;IBEX-022,partition_context
G01351,fetch_evidence,fetch_evidence,1351,1,rtl,not_applicable,,sufficient_for_triage
G01352,fetch_evidence,deep_read,1352;1360,3,tooling;verification,not_applicable,,partition_context
G01353,fetch_evidence,fetch_evidence,1353,1,rtl,new_candidate,,missing_source_or_context
G01354,fetch_evidence,fetch_evidence,1354,7,integration;rtl;tooling;verification,not_applicable,,partition_context
G01356,fetch_evidence,fetch_evidence,1356,6,verification,not_applicable,IBEX-002;IBEX-008,partition_context
G01357,deep_read,deep_read,1357;1416;1435;1437;1451;1452,9,verification;verification_interface,new_candidate;not_applicable,IBEX-021;IBEX-024,partition_context
G01358,low_priority,fetch_evidence,1358,1,tooling,not_applicable,,sufficient_for_triage
G01359,low_priority,fetch_evidence,1359,1,tooling,not_applicable,,missing_source_or_context
G01361,low_priority,deep_read,1361,1,tooling,not_applicable,,missing_source_or_context
G01362,low_priority,fetch_evidence,1362;1363,1,verification,not_applicable,IBEX-022,sufficient_for_triage
G01364,low_priority,fetch_evidence,1364;2348;2488,1,feature,not_applicable,IBEX-022,sufficient_for_triage
G01365,low_priority,fetch_evidence,1365;1366,1,tooling,not_applicable,,sufficient_for_triage
G01367,deep_read,deep_read,1367,1,rtl,not_applicable,,sufficient_for_triage
G01368,deep_read,deep_read,1368,1,rtl,new_candidate,,sufficient_for_triage
G01369,fetch_evidence,deep_read,1369,1,verification,not_applicable,,missing_source_or_context
G01370,deep_read,fetch_evidence,1370,1,verification,not_applicable,,sufficient_for_triage
G01371,low_priority,fetch_evidence,1371,1,verification,not_applicable,,sufficient_for_triage
G01372,deep_read,fetch_evidence,1372,1,verification,not_applicable,,sufficient_for_triage
G01373,low_priority,fetch_evidence,1373,1,verification,not_applicable,,sufficient_for_triage
G01374,fetch_evidence,fetch_evidence,1374,1,tooling,not_applicable,,sufficient_for_triage
G01375,deep_read,deep_read,1375,1,verification,not_applicable,IBEX-024,missing_source_or_context
G01376,deep_read,fetch_evidence,1376,1,rtl,not_applicable,,sufficient_for_triage
G01377,deep_read,fetch_evidence,1377,1,rtl,not_applicable,,sufficient_for_triage
G01378,low_priority,fetch_evidence,1378,1,tooling,not_applicable,,sufficient_for_triage
G01379,deep_read,deep_read,1379;1380,1,rtl,not_applicable,,sufficient_for_triage
G01381,fetch_evidence,fetch_evidence,1381,1,verification,not_applicable,IBEX-007,sufficient_for_triage
G01382,fetch_evidence,fetch_evidence,1382,1,verification,not_applicable,,sufficient_for_triage
G01383,deep_read,fetch_evidence,1383,1,rtl,existing_only,IBEX-022,sufficient_for_triage
G01384,low_priority,low_priority,1384,1,verification,not_applicable,,missing_source_or_context
G01385,low_priority,fetch_evidence,1385;1386,1,tooling,not_applicable,,sufficient_for_triage
G01387,deep_read,deep_read,1387,1,verification,not_applicable,,sufficient_for_triage
G01389,fetch_evidence,fetch_evidence,1389,2,verification,not_applicable,,partition_context
G01390,deep_read,deep_read,1390;1392;1394;1399,1,tooling,not_applicable,,sufficient_for_triage
G01391,low_priority,fetch_evidence,1391,1,tooling,not_applicable,,sufficient_for_triage
G01393,low_priority,fetch_evidence,1393,1,verification,not_applicable,,missing_source_or_context
G01395,fetch_evidence,fetch_evidence,1395,1,tooling,not_applicable,,sufficient_for_triage
G01396,deep_read,deep_read,1396,1,tooling,not_applicable,,sufficient_for_triage
G01397,deep_read,deep_read,1397,1,tooling,not_applicable,,sufficient_for_triage
G01398,low_priority,fetch_evidence,1398,1,tooling,not_applicable,,sufficient_for_triage
G01400,low_priority,fetch_evidence,1400,1,tooling,not_applicable,,sufficient_for_triage
G01401,low_priority,fetch_evidence,1401,1,tooling,not_applicable,,sufficient_for_triage
G01402,fetch_evidence,deep_read,1402,1,verification,not_applicable,,missing_source_or_context
G01403,fetch_evidence,fetch_evidence,1403,6,rtl;tooling;verification,not_applicable,,partition_context
G01404,low_priority,fetch_evidence,1404,1,tooling,not_applicable,,sufficient_for_triage
G01405,low_priority,fetch_evidence,1405,1,integration,not_applicable,,missing_source_or_context
G01406,deep_read,deep_read,1406,1,rtl,not_applicable,,sufficient_for_triage
G01407,low_priority,fetch_evidence,1407,1,tooling,not_applicable,,sufficient_for_triage
G01408,fetch_evidence,low_priority,1408,8,tooling,not_applicable,,partition_context
G01409,fetch_evidence,fetch_evidence,1409,2,feature;integration,not_applicable,,partition_context
G01410,low_priority,fetch_evidence,1410,1,tooling,not_applicable,,sufficient_for_triage
G01411,low_priority,fetch_evidence,1411,1,rtl,not_applicable,,sufficient_for_triage
G01412,deep_read,fetch_evidence,1412,1,rtl,not_applicable,,sufficient_for_triage
G01413,deep_read,fetch_evidence,1413,1,integration,not_applicable,,sufficient_for_triage
G01414,deep_read,deep_read,1414;1455,1,rtl,new_candidate,,sufficient_for_triage
G01415,low_priority,fetch_evidence,1415,1,tooling,not_applicable,,sufficient_for_triage
G01417,deep_read,fetch_evidence,1417,1,rtl,not_applicable,,sufficient_for_triage
G01418,deep_read,fetch_evidence,1418,2,rtl,new_candidate;not_applicable,,partition_context
G01419,deep_read,fetch_evidence,1419;2044;2047,1,rtl,new_candidate,,sufficient_for_triage
G01420,deep_read,fetch_evidence,1420,1,feature,not_applicable,,sufficient_for_triage
G01421,deep_read,deep_read,1421,1,rtl,new_candidate,,sufficient_for_triage
G01422,fetch_evidence,fetch_evidence,1422;1470;1476;1483;1484;1493;1529;1530;1532,13,rtl;unclear;verification,not_applicable,IBEX-022,partition_context
G01423,deep_read,fetch_evidence,1423;1512,1,rtl,new_candidate,,sufficient_for_triage
G01424,low_priority,fetch_evidence,1424,1,tooling,not_applicable,,missing_source_or_context
G01425,low_priority,deep_read,1425;1426,1,tooling,not_applicable,,sufficient_for_triage
G01427,low_priority,fetch_evidence,1427,1,tooling,not_applicable,,sufficient_for_triage
G01428,deep_read,fetch_evidence,1428,1,rtl,existing_only,IBEX-017,sufficient_for_triage
G01429,deep_read,deep_read,1429,1,verification,not_applicable,,sufficient_for_triage
G01430,low_priority,fetch_evidence,1430,1,feature,not_applicable,,sufficient_for_triage
G01431,low_priority,fetch_evidence,1431,1,integration,not_applicable,,missing_source_or_context
G01432,low_priority,fetch_evidence,1432,1,integration,not_applicable,,missing_source_or_context
G01433,deep_read,deep_read,1433;1471;1474;1489;1500;1506;1507,3,integration;rtl,existing_only;new_candidate,IBEX-007,partition_context
G01434,low_priority,fetch_evidence,1434,1,tooling,not_applicable,,sufficient_for_triage
G01436,low_priority,fetch_evidence,1436,1,verification,not_applicable,,missing_source_or_context
G01438,low_priority,fetch_evidence,1438,1,verification,not_applicable,,missing_source_or_context
G01439,low_priority,fetch_evidence,1439,1,tooling,not_applicable,,sufficient_for_triage
G01440,deep_read,deep_read,1440;1449,1,tooling,not_applicable,,sufficient_for_triage
G01441,deep_read,fetch_evidence,1441;1443,1,verification_interface,not_applicable,,sufficient_for_triage
G01442,low_priority,fetch_evidence,1442,1,tooling,not_applicable,,sufficient_for_triage
G01444,deep_read,deep_read,1444;1446,1,tooling,not_applicable,,sufficient_for_triage
G01445,fetch_evidence,fetch_evidence,1445;1448,8,rtl;tooling;verification,not_applicable,IBEX-023,partition_context
G01447,low_priority,low_priority,1447,1,tooling,not_applicable,,sufficient_for_triage
G01450,low_priority,fetch_evidence,1450,1,tooling,not_applicable,,missing_source_or_context
G01453,low_priority,fetch_evidence,1453,1,tooling,not_applicable,,missing_source_or_context
G01454,low_priority,fetch_evidence,1454,1,rtl,not_applicable,,sufficient_for_triage
G01456,fetch_evidence,fetch_evidence,1456,1,verification,not_applicable,IBEX-022,sufficient_for_triage
G01457,low_priority,fetch_evidence,1457;1458,1,verification,not_applicable,,sufficient_for_triage
G01459,low_priority,low_priority,1459,1,tooling,not_applicable,,missing_source_or_context
G01460,deep_read,deep_read,1460;1475;1478;1582;1600;1641,9,feature;rtl;verification,not_applicable,IBEX-022,partition_context
G01461,low_priority,fetch_evidence,1461,1,tooling,not_applicable,,sufficient_for_triage
G01462,deep_read,deep_read,1462;1469,1,rtl,new_candidate,,sufficient_for_triage
G01463,fetch_evidence,fetch_evidence,1463,2,verification,not_applicable,IBEX-017,partition_context
G01465,deep_read,deep_read,1465,1,rtl,new_candidate,,sufficient_for_triage
G01466,low_priority,low_priority,1466,1,integration,not_applicable,,sufficient_for_triage
G01467,deep_read,fetch_evidence,1467,1,verification,new_candidate,IBEX-009,sufficient_for_triage
G01468,deep_read,fetch_evidence,1468,1,verification,not_applicable,IBEX-009,sufficient_for_triage
G01472,deep_read,deep_read,1472;1813,1,rtl,existing_only,IBEX-020,sufficient_for_triage
G01473,deep_read,fetch_evidence,1473,1,verification,not_applicable,,sufficient_for_triage
G01477,fetch_evidence,fetch_evidence,1477,9,rtl;verification,not_applicable,,partition_context
G01479,deep_read,deep_read,1479;2186;2499;2500,2,rtl;verification,mixed;new_candidate,IBEX-004;IBEX-017,partition_context
G01480,fetch_evidence,fetch_evidence,1480,6,rtl,existing_only;not_applicable,IBEX-022,partition_context
G01481,low_priority,fetch_evidence,1481;1501,1,tooling,not_applicable,,sufficient_for_triage
G01482,deep_read,deep_read,1482;1485;1488,9,rtl;verification,not_applicable,,partition_context
G01486,deep_read,fetch_evidence,1486,6,rtl;verification,not_applicable,,partition_context
G01487,low_priority,fetch_evidence,1487,1,verification,not_applicable,,sufficient_for_triage
G01490,deep_read,fetch_evidence,1490,1,verification,not_applicable,,sufficient_for_triage
G01491,fetch_evidence,fetch_evidence,1491,1,verification,not_applicable,,sufficient_for_triage
G01492,low_priority,fetch_evidence,1492,1,verification,not_applicable,,sufficient_for_triage
G01494,low_priority,fetch_evidence,1494,1,rtl,not_applicable,,sufficient_for_triage
G01495,fetch_evidence,fetch_evidence,1495,3,verification,existing_only;not_applicable,IBEX-002,partition_context
G01496,deep_read,deep_read,1496,1,verification,not_applicable,,missing_source_or_context
G01497,deep_read,deep_read,1497;2136,1,verification_interface,not_applicable,,sufficient_for_triage
G01498,low_priority,fetch_evidence,1498,1,tooling,not_applicable,,sufficient_for_triage
G01499,deep_read,deep_read,1499,1,verification,not_applicable,,missing_source_or_context
G01502,fetch_evidence,fetch_evidence,1502,7,verification,not_applicable,,partition_context
G01503,low_priority,low_priority,1503,1,rtl,not_applicable,,sufficient_for_triage
G01504,low_priority,low_priority,1504,1,verification,not_applicable,,sufficient_for_triage
G01505,deep_read,fetch_evidence,1505,1,rtl,not_applicable,,sufficient_for_triage
G01508,low_priority,low_priority,1508,1,unclear,not_applicable,,missing_source_or_context
G01509,low_priority,low_priority,1509,1,integration,not_applicable,,missing_source_or_context
G01510,low_priority,fetch_evidence,1510,1,integration,not_applicable,,sufficient_for_triage
G01511,low_priority,fetch_evidence,1511,1,tooling,not_applicable,,sufficient_for_triage
G01514,deep_read,fetch_evidence,1514;1643,1,rtl,not_applicable,,sufficient_for_triage
G01515,deep_read,fetch_evidence,1515,1,rtl,not_applicable,,sufficient_for_triage
G01516,low_priority,fetch_evidence,1516,1,tooling,not_applicable,,sufficient_for_triage
G01517,low_priority,deep_read,1517;1518;1523,1,tooling,not_applicable,,sufficient_for_triage
G01519,low_priority,fetch_evidence,1519,1,tooling,not_applicable,,sufficient_for_triage
G01520,low_priority,fetch_evidence,1520,1,feature,not_applicable,,sufficient_for_triage
G01521,fetch_evidence,fetch_evidence,1521,1,verification,not_applicable,,sufficient_for_triage
G01522,deep_read,deep_read,1522,1,verification_interface,not_applicable,,sufficient_for_triage
G01524,deep_read,fetch_evidence,1524,2,verification,existing_only;unclear,IBEX-011,partition_context
G01525,deep_read,deep_read,1525,1,verification,not_applicable,,sufficient_for_triage
G01526,low_priority,fetch_evidence,1526;1527,1,tooling,not_applicable,,sufficient_for_triage
G01528,deep_read,fetch_evidence,1528,1,rtl,not_applicable,,sufficient_for_triage
G01531,fetch_evidence,fetch_evidence,1531,1,rtl,not_applicable,,sufficient_for_triage
G01533,low_priority,fetch_evidence,1533,1,verification,not_applicable,,sufficient_for_triage
G01534,deep_read,fetch_evidence,1534,1,integration,not_applicable,,sufficient_for_triage
G01535,deep_read,fetch_evidence,1535,1,verification,existing_only,IBEX-022,sufficient_for_triage
G01536,low_priority,low_priority,1536,1,tooling,not_applicable,,sufficient_for_triage
G01537,low_priority,fetch_evidence,1537,1,tooling,not_applicable,,sufficient_for_triage
G01538,deep_read,fetch_evidence,1538,1,rtl,not_applicable,,sufficient_for_triage
G01539,fetch_evidence,fetch_evidence,1539,2,verification,not_applicable,,partition_context
G01540,low_priority,fetch_evidence,1540,1,tooling,not_applicable,,sufficient_for_triage
G01541,deep_read,fetch_evidence,1541,1,rtl,not_applicable,,sufficient_for_triage
G01542,low_priority,fetch_evidence,1542,1,tooling,not_applicable,,sufficient_for_triage
G01543,low_priority,fetch_evidence,1543,1,verification,not_applicable,,sufficient_for_triage
G01544,deep_read,fetch_evidence,1544,1,verification_interface,not_applicable,,sufficient_for_triage
G01545,deep_read,fetch_evidence,1545,1,verification,not_applicable,,sufficient_for_triage
G01546,deep_read,deep_read,1546,1,tooling,not_applicable,,sufficient_for_triage
G01547,deep_read,deep_read,1547,1,tooling,not_applicable,,sufficient_for_triage
G01548,fetch_evidence,fetch_evidence,1548,1,tooling,not_applicable,,missing_source_or_context
G01549,fetch_evidence,deep_read,1549,1,rtl,not_applicable,,missing_source_or_context
G01550,deep_read,fetch_evidence,1550,1,verification,not_applicable,,sufficient_for_triage
G01551,fetch_evidence,fetch_evidence,1551,8,rtl;verification,not_applicable,,partition_context
G01552,fetch_evidence,fetch_evidence,1552,1,verification,not_applicable,,sufficient_for_triage
G01553,low_priority,fetch_evidence,1553;1554,1,integration,not_applicable,,sufficient_for_triage
G01555,low_priority,low_priority,1555,1,tooling,not_applicable,,sufficient_for_triage
G01556,deep_read,deep_read,1556,1,rtl,not_applicable,,sufficient_for_triage
G01557,deep_read,deep_read,1557;1672,1,tooling,not_applicable,,sufficient_for_triage
G01558,deep_read,fetch_evidence,1558,1,verification,not_applicable,,sufficient_for_triage
G01559,low_priority,fetch_evidence,1559,1,verification,not_applicable,,sufficient_for_triage
G01560,fetch_evidence,deep_read,1560,1,tooling,not_applicable,,missing_source_or_context
G01561,deep_read,deep_read,1561,1,verification,not_applicable,,sufficient_for_triage
G01562,deep_read,deep_read,1562,1,verification,not_applicable,,sufficient_for_triage
G01563,fetch_evidence,fetch_evidence,1563;1577,1,verification,not_applicable,IBEX-008,sufficient_for_triage
G01564,deep_read,fetch_evidence,1564;1696;1697;1700,1,verification,not_applicable,,sufficient_for_triage
G01565,low_priority,fetch_evidence,1565,1,tooling,not_applicable,,missing_source_or_context
G01566,fetch_evidence,fetch_evidence,1566;1569;1650;1705;1778;1788,5,tooling;verification,not_applicable,,partition_context
G01567,fetch_evidence,fetch_evidence,1567,1,verification,not_applicable,,missing_source_or_context
G01568,deep_read,fetch_evidence,1568;1570;1685;1689,1,verification,not_applicable,,sufficient_for_triage
G01571,fetch_evidence,deep_read,1571;1588,1,verification,not_applicable,,sufficient_for_triage
G01572,low_priority,fetch_evidence,1572,1,verification,not_applicable,,sufficient_for_triage
G01573,deep_read,fetch_evidence,1573,1,verification,existing_only,IBEX-022,sufficient_for_triage
G01574,deep_read,fetch_evidence,1574,1,tooling,not_applicable,,sufficient_for_triage
G01575,fetch_evidence,fetch_evidence,1575,1,verification,not_applicable,,sufficient_for_triage
G01576,deep_read,deep_read,1576;1658;1660;1662,2,verification,not_applicable,IBEX-003,partition_context
G01578,deep_read,fetch_evidence,1578,1,tooling,not_applicable,,sufficient_for_triage
G01579,deep_read,deep_read,1579;1659;1695;1702;1719;1720;1734;1735;1736;1737;2193;2195;2214,6,rtl;verification,existing_only;new_candidate;not_applicable,IBEX-008;IBEX-014;IBEX-021;IBEX-023,partition_context
G01580,fetch_evidence,fetch_evidence,1580,1,rtl,not_applicable,,missing_source_or_context
G01581,deep_read,fetch_evidence,1581,1,rtl,not_applicable,,sufficient_for_triage
G01583,deep_read,fetch_evidence,1583,1,rtl,not_applicable,,sufficient_for_triage
G01584,deep_read,fetch_evidence,1584,2,rtl,new_candidate,IBEX-003,partition_context
G01585,deep_read,fetch_evidence,1585,3,verification,existing_only;not_applicable,IBEX-002;IBEX-008,partition_context
G01586,fetch_evidence,deep_read,1586,1,rtl,not_applicable,,sufficient_for_triage
G01587,deep_read,deep_read,1587;1595,1,rtl,not_applicable,,sufficient_for_triage
G01589,low_priority,fetch_evidence,1589,1,verification,not_applicable,,sufficient_for_triage
G01590,low_priority,fetch_evidence,1590,1,verification,not_applicable,,sufficient_for_triage
G01591,low_priority,fetch_evidence,1591,1,tooling,not_applicable,,sufficient_for_triage
G01592,fetch_evidence,fetch_evidence,1592,2,verification,not_applicable,,partition_context
G01593,low_priority,fetch_evidence,1593,1,verification,not_applicable,,sufficient_for_triage
G01594,fetch_evidence,fetch_evidence,1594,1,verification,not_applicable,,sufficient_for_triage
G01596,fetch_evidence,fetch_evidence,1596,10,verification,not_applicable,IBEX-022,partition_context
G01597,low_priority,fetch_evidence,1597,1,verification,not_applicable,,sufficient_for_triage
G01598,fetch_evidence,fetch_evidence,1598,1,verification,not_applicable,,sufficient_for_triage
G01599,low_priority,fetch_evidence,1599,1,verification,not_applicable,,sufficient_for_triage
G01601,fetch_evidence,fetch_evidence,1601,1,rtl,unclear,,missing_source_or_context
G01602,fetch_evidence,fetch_evidence,1602,3,rtl;verification_interface,new_candidate;not_applicable,IBEX-022,partition_context
G01603,low_priority,fetch_evidence,1603,1,tooling,not_applicable,,sufficient_for_triage
G01604,fetch_evidence,fetch_evidence,1604,1,verification,not_applicable,,sufficient_for_triage
G01605,deep_read,fetch_evidence,1605,4,rtl;verification,new_candidate;not_applicable,,partition_context
G01606,low_priority,fetch_evidence,1606,1,rtl,not_applicable,,sufficient_for_triage
G01607,deep_read,deep_read,1607,1,rtl,not_applicable,,sufficient_for_triage
G01608,low_priority,low_priority,1608,1,feature,not_applicable,,missing_source_or_context
G01609,low_priority,fetch_evidence,1609,1,tooling,not_applicable,,sufficient_for_triage
G01610,low_priority,fetch_evidence,1610,1,tooling,not_applicable,,sufficient_for_triage
G01611,deep_read,fetch_evidence,1611,1,tooling,not_applicable,,sufficient_for_triage
G01612,low_priority,fetch_evidence,1612,1,tooling,not_applicable,,sufficient_for_triage
G01613,deep_read,fetch_evidence,1613,1,verification,not_applicable,,sufficient_for_triage
G01614,deep_read,deep_read,1614,1,tooling,not_applicable,,sufficient_for_triage
G01615,low_priority,low_priority,1615,1,tooling,not_applicable,,sufficient_for_triage
G01616,low_priority,fetch_evidence,1616,1,tooling,not_applicable,,sufficient_for_triage
G01617,deep_read,fetch_evidence,1617,6,rtl,existing_only;new_candidate;not_applicable,IBEX-017,partition_context
G01618,fetch_evidence,fetch_evidence,1618,1,tooling,not_applicable,,sufficient_for_triage
G01619,fetch_evidence,fetch_evidence,1619,1,verification,not_applicable,,sufficient_for_triage
G01620,fetch_evidence,fetch_evidence,1620,1,rtl,not_applicable,,sufficient_for_triage
G01621,low_priority,fetch_evidence,1621,1,tooling,not_applicable,,missing_source_or_context
G01622,low_priority,fetch_evidence,1622,1,verification,not_applicable,,missing_source_or_context
G01623,fetch_evidence,fetch_evidence,1623,1,verification,not_applicable,,sufficient_for_triage
G01624,deep_read,fetch_evidence,1624,1,tooling,not_applicable,IBEX-022,sufficient_for_triage
G01625,low_priority,fetch_evidence,1625,1,verification,not_applicable,,sufficient_for_triage
G01626,low_priority,fetch_evidence,1626,1,verification,not_applicable,,sufficient_for_triage
G01627,low_priority,fetch_evidence,1627,1,tooling,not_applicable,,sufficient_for_triage
G01628,low_priority,fetch_evidence,1628,1,tooling,not_applicable,,sufficient_for_triage
G01629,low_priority,low_priority,1629,1,tooling,not_applicable,,sufficient_for_triage
G01630,low_priority,fetch_evidence,1630,1,tooling,not_applicable,IBEX-022,sufficient_for_triage
G01631,low_priority,fetch_evidence,1631,1,verification,not_applicable,,sufficient_for_triage
G01632,fetch_evidence,fetch_evidence,1632,1,feature,not_applicable,,sufficient_for_triage
G01633,deep_read,fetch_evidence,1633,1,verification,not_applicable,,sufficient_for_triage
G01634,deep_read,fetch_evidence,1634,1,verification,not_applicable,,sufficient_for_triage
G01635,deep_read,fetch_evidence,1635,1,verification,not_applicable,,sufficient_for_triage
G01636,deep_read,fetch_evidence,1636,3,verification,existing_only,IBEX-008,partition_context
G01637,deep_read,fetch_evidence,1637,1,verification,existing_only,IBEX-022,sufficient_for_triage
G01639,low_priority,fetch_evidence,1639,1,tooling,not_applicable,,sufficient_for_triage
G01640,deep_read,fetch_evidence,1640,1,tooling,not_applicable,,sufficient_for_triage
G01642,low_priority,fetch_evidence,1642,1,verification,not_applicable,IBEX-022,sufficient_for_triage
G01644,low_priority,fetch_evidence,1644,1,tooling,not_applicable,IBEX-022,sufficient_for_triage
G01645,deep_read,deep_read,1645;1725,1,verification_interface,not_applicable,,sufficient_for_triage
G01646,deep_read,deep_read,1646,1,rtl,not_applicable,,sufficient_for_triage
G01647,deep_read,fetch_evidence,1647,14,rtl,existing_only;new_candidate;not_applicable,IBEX-012;IBEX-017;IBEX-021,partition_context
G01648,low_priority,fetch_evidence,1648,1,verification,not_applicable,,missing_source_or_context
G01649,deep_read,deep_read,1649;1654;1731;1732;1760;1761;1808;1811;1853;1882;1901;1904;1905;1907;1910;1911;1912;1916;1923;1924;1928;1929;1930;1935;1936;1939;1943,10,verification;verification_interface,new_candidate;not_applicable,IBEX-001;IBEX-021,partition_context
G01651,deep_read,fetch_evidence,1651,1,verification,not_applicable,,sufficient_for_triage
G01652,low_priority,deep_read,1652,1,tooling,not_applicable,,sufficient_for_triage
G01653,deep_read,fetch_evidence,1653,1,verification,not_applicable,IBEX-022,sufficient_for_triage
G01655,low_priority,fetch_evidence,1655,1,tooling,not_applicable,,sufficient_for_triage
G01656,deep_read,deep_read,1656;1766;1767;1800;1803,1,rtl,new_candidate,,sufficient_for_triage
G01657,deep_read,fetch_evidence,1657,4,verification,existing_only;not_applicable,IBEX-011;IBEX-014,partition_context
G01661,low_priority,fetch_evidence,1661,1,verification,not_applicable,,sufficient_for_triage
G01663,deep_read,deep_read,1663;1721;1779,1,verification,not_applicable,,sufficient_for_triage
G01664,deep_read,fetch_evidence,1664;1670,1,verification,not_applicable,,sufficient_for_triage
G01665,low_priority,fetch_evidence,1665,1,tooling,not_applicable,,sufficient_for_triage
G01666,low_priority,fetch_evidence,1666,1,tooling,not_applicable,,sufficient_for_triage
G01667,deep_read,fetch_evidence,1667,1,verification,not_applicable,,sufficient_for_triage
G01668,fetch_evidence,fetch_evidence,1668,20,verification,existing_only;not_applicable;unclear,IBEX-004;IBEX-011;IBEX-024,partition_context
G01669,fetch_evidence,fetch_evidence,1669,1,verification,not_applicable,,sufficient_for_triage
G01671,low_priority,deep_read,1671,1,tooling,not_applicable,,sufficient_for_triage
G01673,low_priority,fetch_evidence,1673,1,verification,not_applicable,,sufficient_for_triage
G01674,deep_read,deep_read,1674,1,verification,not_applicable,,sufficient_for_triage
G01675,deep_read,fetch_evidence,1675,1,verification,not_applicable,,sufficient_for_triage
G01676,low_priority,fetch_evidence,1676,1,tooling,not_applicable,,sufficient_for_triage
G01677,low_priority,fetch_evidence,1677,1,verification,not_applicable,,sufficient_for_triage
G01678,low_priority,fetch_evidence,1678,1,tooling,not_applicable,,sufficient_for_triage
G01679,deep_read,deep_read,1679,1,tooling,not_applicable,,sufficient_for_triage
G01681,low_priority,fetch_evidence,1681,1,rtl,not_applicable,,sufficient_for_triage
G01682,fetch_evidence,fetch_evidence,1682,2,rtl,new_candidate;not_applicable,,partition_context
G01683,low_priority,low_priority,1683,1,verification,not_applicable,,missing_source_or_context
G01684,low_priority,fetch_evidence,1684,1,tooling,not_applicable,,missing_source_or_context
G01686,low_priority,fetch_evidence,1686,1,verification,not_applicable,,missing_source_or_context
G01687,deep_read,deep_read,1687;1716,1,verification,existing_only,IBEX-017,sufficient_for_triage
G01688,fetch_evidence,fetch_evidence,1688,2,verification,not_applicable,,partition_context
G01690,deep_read,deep_read,1690,1,verification,not_applicable,,sufficient_for_triage
G01691,deep_read,deep_read,1691;1699;1773;2024;2338,1,verification,existing_only,IBEX-005,sufficient_for_triage
G01692,deep_read,deep_read,1692;1706,9,verification_interface,not_applicable,,partition_context
G01693,low_priority,fetch_evidence,1693;1771,1,verification,not_applicable,,sufficient_for_triage
G01694,deep_read,deep_read,1694,1,verification,not_applicable,,missing_source_or_context
G01698,low_priority,low_priority,1698,1,tooling,not_applicable,,sufficient_for_triage
G01701,deep_read,deep_read,1701;1763;1769;1801;1840;1846;1850;1855;1863;1872,5,rtl;verification,existing_only;new_candidate;not_applicable,IBEX-002;IBEX-015;IBEX-021;IBEX-024,partition_context
G01703,deep_read,fetch_evidence,1703;1776;1787,1,verification,not_applicable,IBEX-003,sufficient_for_triage
G01704,deep_read,fetch_evidence,1704;1715;1717;1730,1,verification,not_applicable,,sufficient_for_triage
G01707,low_priority,fetch_evidence,1707,1,integration,not_applicable,,missing_source_or_context
G01708,low_priority,fetch_evidence,1708,1,tooling,not_applicable,,sufficient_for_triage
G01709,deep_read,deep_read,1709,1,verification,new_candidate,,sufficient_for_triage
G01710,low_priority,low_priority,1710,1,tooling,not_applicable,,missing_source_or_context
G01711,fetch_evidence,fetch_evidence,1711,1,verification,not_applicable,IBEX-022,missing_source_or_context
G01712,deep_read,deep_read,1712,1,rtl,new_candidate,,sufficient_for_triage
G01713,deep_read,deep_read,1713,1,verification_interface,existing_only,IBEX-024,sufficient_for_triage
G01714,deep_read,fetch_evidence,1714,1,verification,not_applicable,IBEX-011,sufficient_for_triage
G01718,deep_read,fetch_evidence,1718;1750,1,verification,not_applicable,,sufficient_for_triage
G01722,deep_read,fetch_evidence,1722,1,verification,not_applicable,,sufficient_for_triage
G01723,low_priority,fetch_evidence,1723,1,tooling,not_applicable,,missing_source_or_context
G01724,deep_read,low_priority,1724,1,verification,not_applicable,,sufficient_for_triage
G01726,low_priority,fetch_evidence,1726,1,verification,not_applicable,,sufficient_for_triage
G01727,deep_read,deep_read,1727,1,verification,not_applicable,,sufficient_for_triage
G01728,deep_read,fetch_evidence,1728;1729,1,verification,not_applicable,,sufficient_for_triage
G01733,fetch_evidence,fetch_evidence,1733;1805;1980;1986,4,rtl;tooling,existing_only;not_applicable,IBEX-002,partition_context
G01738,deep_read,deep_read,1738,1,rtl,existing_only,IBEX-020,sufficient_for_triage
G01739,deep_read,deep_read,1739;1768,1,verification,not_applicable,,sufficient_for_triage
G01740,deep_read,deep_read,1740;1780,1,rtl,new_candidate,,sufficient_for_triage
G01741,deep_read,fetch_evidence,1741;1947,1,verification,not_applicable,,sufficient_for_triage
G01742,deep_read,deep_read,1742;1817;1818,1,verification,not_applicable,IBEX-011,sufficient_for_triage
G01743,deep_read,deep_read,1743;1744,1,rtl,existing_only,IBEX-015,sufficient_for_triage
G01745,deep_read,fetch_evidence,1745;1753,1,verification,new_candidate,,sufficient_for_triage
G01746,low_priority,fetch_evidence,1746,1,rtl,not_applicable,IBEX-011,sufficient_for_triage
G01747,deep_read,deep_read,1747;1754,1,rtl,new_candidate,,sufficient_for_triage
G01748,deep_read,fetch_evidence,1748,1,rtl,existing_only,IBEX-005,sufficient_for_triage
G01749,fetch_evidence,fetch_evidence,1749,7,rtl;tooling;verification_interface,not_applicable,,partition_context
G01751,low_priority,fetch_evidence,1751,1,tooling,not_applicable,,sufficient_for_triage
G01752,deep_read,fetch_evidence,1752;1807,2,rtl;verification_interface,new_candidate;not_applicable,,partition_context
G01755,deep_read,fetch_evidence,1755;1873,1,verification,new_candidate,,sufficient_for_triage
G01756,deep_read,deep_read,1756;1762;1881;1895,2,verification,new_candidate;not_applicable,,partition_context
G01757,fetch_evidence,fetch_evidence,1757,1,verification,not_applicable,,missing_source_or_context
G01758,deep_read,fetch_evidence,1758;1844,1,rtl,new_candidate,,sufficient_for_triage
G01759,deep_read,deep_read,1759;1879,1,verification,new_candidate,,sufficient_for_triage
G01764,deep_read,fetch_evidence,1764,1,verification_interface,not_applicable,,sufficient_for_triage
G01765,deep_read,deep_read,1765;1824;1825;1908;2017;2051;2053,1,verification,new_candidate,,sufficient_for_triage
G01770,deep_read,deep_read,1770,1,rtl,new_candidate,,sufficient_for_triage
G01772,deep_read,deep_read,1772;1816;1856;2459;2468,6,rtl,existing_only;not_applicable,IBEX-001;IBEX-015,partition_context
G01774,deep_read,deep_read,1774,2,rtl,existing_only,IBEX-016,partition_context
G01775,deep_read,deep_read,1775;1887,1,verification,not_applicable,,sufficient_for_triage
G01777,deep_read,fetch_evidence,1777;1790,4,verification,new_candidate;not_applicable,IBEX-008;IBEX-011;IBEX-023,partition_context
G01781,low_priority,fetch_evidence,1781,1,tooling,not_applicable,,sufficient_for_triage
G01782,low_priority,fetch_evidence,1782,1,tooling,not_applicable,,sufficient_for_triage
G01783,low_priority,fetch_evidence,1783,1,verification,not_applicable,,sufficient_for_triage
G01784,low_priority,low_priority,1784,1,tooling,not_applicable,,missing_source_or_context
G01785,low_priority,fetch_evidence,1785,1,tooling,not_applicable,,sufficient_for_triage
G01786,low_priority,fetch_evidence,1786,1,tooling,not_applicable,,sufficient_for_triage
G01789,deep_read,deep_read,1789;1823;1848;1857;1876,1,verification,not_applicable,IBEX-024,sufficient_for_triage
G01791,low_priority,fetch_evidence,1791,1,tooling,not_applicable,,missing_source_or_context
G01792,low_priority,fetch_evidence,1792,1,tooling,not_applicable,,sufficient_for_triage
G01793,deep_read,fetch_evidence,1793,1,verification,not_applicable,IBEX-022,sufficient_for_triage
G01794,fetch_evidence,fetch_evidence,1794,3,tooling;unclear;verification,not_applicable,,partition_context
G01795,fetch_evidence,fetch_evidence,1795,1,verification,not_applicable,IBEX-002,sufficient_for_triage
G01796,low_priority,fetch_evidence,1796,1,rtl,not_applicable,,sufficient_for_triage
G01797,deep_read,fetch_evidence,1797,1,rtl,new_candidate,,sufficient_for_triage
G01798,low_priority,fetch_evidence,1798,1,verification,not_applicable,,sufficient_for_triage
G01799,deep_read,deep_read,1799;1917,1,rtl,not_applicable,,sufficient_for_triage
G01802,fetch_evidence,fetch_evidence,1802,1,verification,not_applicable,,missing_source_or_context
G01804,low_priority,fetch_evidence,1804,1,tooling,not_applicable,,sufficient_for_triage
G01806,low_priority,fetch_evidence,1806,1,verification,not_applicable,,missing_source_or_context
G01809,deep_read,deep_read,1809,1,rtl,existing_only,IBEX-009,sufficient_for_triage
G01810,fetch_evidence,deep_read,1810,1,tooling,not_applicable,IBEX-022,missing_source_or_context
G01812,deep_read,fetch_evidence,1812,1,rtl,not_applicable,,sufficient_for_triage
G01814,deep_read,deep_read,1814,1,rtl,new_candidate,IBEX-019,sufficient_for_triage
G01815,deep_read,deep_read,1815,1,verification,not_applicable,,sufficient_for_triage
G01819,low_priority,fetch_evidence,1819,1,tooling,not_applicable,,sufficient_for_triage
G01820,deep_read,deep_read,1820;1821,1,verification,not_applicable,IBEX-022,sufficient_for_triage
G01822,deep_read,fetch_evidence,1822,1,verification,not_applicable,IBEX-022,sufficient_for_triage
G01826,deep_read,deep_read,1826;1854,1,tooling,not_applicable,,sufficient_for_triage
G01827,deep_read,deep_read,1827;1865,1,rtl,new_candidate,,sufficient_for_triage
G01828,deep_read,fetch_evidence,1828,1,rtl,existing_only,IBEX-022,sufficient_for_triage
G01829,deep_read,deep_read,1829,1,rtl,existing_only,,sufficient_for_triage
G01830,deep_read,deep_read,1830,1,tooling,not_applicable,,sufficient_for_triage
G01831,low_priority,fetch_evidence,1831;1832,1,tooling,not_applicable,,sufficient_for_triage
G01833,deep_read,deep_read,1833;1861;1864,1,verification,not_applicable,,sufficient_for_triage
G01834,deep_read,fetch_evidence,1834,1,rtl,existing_only,,sufficient_for_triage
G01835,deep_read,deep_read,1835,1,rtl,new_candidate,,sufficient_for_triage
G01836,low_priority,fetch_evidence,1836,1,tooling,not_applicable,,missing_source_or_context
G01837,deep_read,deep_read,1837;1839,1,rtl,existing_only,IBEX-011,sufficient_for_triage
G01838,fetch_evidence,fetch_evidence,1838,1,verification,not_applicable,,sufficient_for_triage
G01841,low_priority,low_priority,1841,1,tooling,not_applicable,,sufficient_for_triage
G01842,low_priority,fetch_evidence,1842,1,tooling,not_applicable,,sufficient_for_triage
G01843,low_priority,deep_read,1843,1,tooling,not_applicable,,missing_source_or_context
G01845,low_priority,fetch_evidence,1845,1,verification,not_applicable,,sufficient_for_triage
G01847,fetch_evidence,deep_read,1847,1,verification,new_candidate,,missing_source_or_context
G01849,low_priority,fetch_evidence,1849,1,tooling,not_applicable,,sufficient_for_triage
G01851,fetch_evidence,fetch_evidence,1851,1,verification,not_applicable,,missing_source_or_context
G01852,fetch_evidence,fetch_evidence,1852,1,verification,not_applicable,,missing_source_or_context
G01859,deep_read,deep_read,1859;1890,1,tooling,not_applicable,,sufficient_for_triage
G01860,fetch_evidence,deep_read,1860,1,tooling,not_applicable,IBEX-022,missing_source_or_context
G01862,deep_read,deep_read,1862,1,verification,not_applicable,,sufficient_for_triage
G01866,deep_read,fetch_evidence,1866,1,tooling,not_applicable,IBEX-022,sufficient_for_triage
G01867,low_priority,fetch_evidence,1867,1,rtl,not_applicable,,missing_source_or_context
G01868,deep_read,fetch_evidence,1868,1,verification,not_applicable,,sufficient_for_triage
G01869,deep_read,deep_read,1869,1,verification,existing_only,IBEX-011,missing_source_or_context
G01870,deep_read,fetch_evidence,1870,1,verification,existing_only,IBEX-011,sufficient_for_triage
G01871,deep_read,deep_read,1871,1,verification,not_applicable,,sufficient_for_triage
G01874,fetch_evidence,fetch_evidence,1874,1,verification,not_applicable,,missing_source_or_context
G01875,deep_read,deep_read,1875,1,verification,not_applicable,,sufficient_for_triage
G01877,deep_read,fetch_evidence,1877,1,verification,not_applicable,,sufficient_for_triage
G01878,deep_read,deep_read,1878,1,verification,new_candidate,,sufficient_for_triage
G01880,deep_read,fetch_evidence,1880,1,verification,not_applicable,,sufficient_for_triage
G01883,deep_read,deep_read,1883,1,verification_interface,existing_only,IBEX-021,sufficient_for_triage
G01884,deep_read,deep_read,1884,1,rtl,not_applicable,,sufficient_for_triage
G01885,low_priority,fetch_evidence,1885,1,tooling,not_applicable,,sufficient_for_triage
G01886,deep_read,fetch_evidence,1886,1,verification,not_applicable,IBEX-011,sufficient_for_triage
G01888,low_priority,fetch_evidence,1888,1,tooling,not_applicable,,missing_source_or_context
G01889,low_priority,fetch_evidence,1889,1,tooling,not_applicable,,sufficient_for_triage
G01891,low_priority,fetch_evidence,1891,1,verification,not_applicable,,sufficient_for_triage
G01892,low_priority,fetch_evidence,1892,1,verification,not_applicable,,missing_source_or_context
G01893,low_priority,fetch_evidence,1893;1899,1,tooling,not_applicable,,sufficient_for_triage
G01894,deep_read,fetch_evidence,1894,1,verification,not_applicable,,sufficient_for_triage
G01896,deep_read,fetch_evidence,1896,1,verification,not_applicable,,sufficient_for_triage
G01897,low_priority,fetch_evidence,1897,1,verification,not_applicable,,sufficient_for_triage
G01898,fetch_evidence,fetch_evidence,1898,6,rtl;tooling;verification,not_applicable,,partition_context
G01900,deep_read,fetch_evidence,1900,1,tooling,not_applicable,,sufficient_for_triage
G01902,fetch_evidence,fetch_evidence,1902,1,verification,not_applicable,,missing_source_or_context
G01903,fetch_evidence,fetch_evidence,1903,1,verification,not_applicable,,missing_source_or_context
G01906,deep_read,fetch_evidence,1906,1,verification,existing_only,IBEX-006,sufficient_for_triage
G01909,deep_read,deep_read,1909,1,verification,existing_only,IBEX-021,sufficient_for_triage
G01915,deep_read,deep_read,1915,1,verification,not_applicable,,sufficient_for_triage
G01918,deep_read,deep_read,1918,1,verification_interface,existing_only,IBEX-015,sufficient_for_triage
G01919,deep_read,deep_read,1919;2014;2015,1,verification_interface,existing_only,IBEX-005,sufficient_for_triage
G01920,deep_read,deep_read,1920;1957,1,tooling,not_applicable,,sufficient_for_triage
G01921,deep_read,deep_read,1921,1,verification,existing_only,,sufficient_for_triage
G01922,deep_read,deep_read,1922,1,verification,new_candidate,IBEX-021,sufficient_for_triage
G01925,fetch_evidence,fetch_evidence,1925,1,verification,not_applicable,,missing_source_or_context
G01926,fetch_evidence,fetch_evidence,1926,1,verification,not_applicable,,missing_source_or_context
G01927,low_priority,fetch_evidence,1927,1,tooling,not_applicable,,missing_source_or_context
G01931,fetch_evidence,fetch_evidence,1931,1,tooling,not_applicable,,missing_source_or_context
G01932,low_priority,fetch_evidence,1932,1,tooling,not_applicable,,missing_source_or_context
G01933,low_priority,fetch_evidence,1933,1,tooling,not_applicable,,sufficient_for_triage
G01934,deep_read,fetch_evidence,1934,1,verification,not_applicable,IBEX-011,sufficient_for_triage
G01937,deep_read,fetch_evidence,1937,1,verification_interface,not_applicable,,sufficient_for_triage
G01938,low_priority,fetch_evidence,1938,1,tooling,not_applicable,,sufficient_for_triage
G01940,fetch_evidence,fetch_evidence,1940,1,tooling,not_applicable,,sufficient_for_triage
G01941,low_priority,fetch_evidence,1941,1,tooling,not_applicable,,sufficient_for_triage
G01942,deep_read,deep_read,1942,1,rtl,new_candidate,,sufficient_for_triage
G01944,deep_read,fetch_evidence,1944;2052,1,verification,existing_only,IBEX-008,sufficient_for_triage
G01945,fetch_evidence,fetch_evidence,1945,1,verification,not_applicable,,sufficient_for_triage
G01946,fetch_evidence,fetch_evidence,1946,1,tooling,not_applicable,,missing_source_or_context
G01948,deep_read,deep_read,1948,1,verification,new_candidate,,sufficient_for_triage
G01949,low_priority,fetch_evidence,1949,1,verification,not_applicable,,sufficient_for_triage
G01950,deep_read,fetch_evidence,1950,1,verification,not_applicable,,sufficient_for_triage
G01951,fetch_evidence,fetch_evidence,1951,1,verification,not_applicable,,sufficient_for_triage
G01952,deep_read,fetch_evidence,1952,1,verification,not_applicable,IBEX-011,sufficient_for_triage
G01953,fetch_evidence,deep_read,1953,1,tooling,not_applicable,,missing_source_or_context
G01954,fetch_evidence,fetch_evidence,1954,2,verification,not_applicable,,partition_context
G01955,fetch_evidence,fetch_evidence,1955,1,verification,not_applicable,,missing_source_or_context
G01956,fetch_evidence,deep_read,1956,1,verification,not_applicable,,missing_source_or_context
G01958,fetch_evidence,fetch_evidence,1958,1,tooling,not_applicable,,missing_source_or_context
G01959,fetch_evidence,fetch_evidence,1959,1,verification,not_applicable,,missing_source_or_context
G01960,low_priority,fetch_evidence,1960,1,tooling,not_applicable,,sufficient_for_triage
G01961,low_priority,low_priority,1961,1,verification,not_applicable,,missing_source_or_context
G01962,fetch_evidence,fetch_evidence,1962,48,rtl;tooling;verification,not_applicable;unclear,IBEX-008;IBEX-011;IBEX-024,partition_context
G01963,fetch_evidence,fetch_evidence,1963,1,verification,unclear,,missing_source_or_context
G01964,fetch_evidence,fetch_evidence,1964,1,rtl,existing_only,IBEX-008,sufficient_for_triage
G01965,low_priority,fetch_evidence,1965,1,verification,not_applicable,,sufficient_for_triage
G01966,low_priority,fetch_evidence,1966,1,verification,not_applicable,,missing_source_or_context
G01967,deep_read,deep_read,1967,1,verification,not_applicable,,sufficient_for_triage
G01969,fetch_evidence,low_priority,1969,10,tooling,not_applicable,,partition_context
G01971,low_priority,fetch_evidence,1971,1,tooling,not_applicable,,sufficient_for_triage
G01972,low_priority,fetch_evidence,1972,1,integration,not_applicable,,missing_source_or_context
G01973,deep_read,deep_read,1973;1974;2312;2403,3,rtl,new_candidate,IBEX-016;IBEX-017;IBEX-018,partition_context
G01975,deep_read,fetch_evidence,1975,1,verification_interface,not_applicable,,sufficient_for_triage
G01976,low_priority,fetch_evidence,1976,1,tooling,not_applicable,,missing_source_or_context
G01977,low_priority,low_priority,1977,1,tooling,not_applicable,,sufficient_for_triage
G01978,low_priority,low_priority,1978,1,integration,not_applicable,,sufficient_for_triage
G01979,low_priority,fetch_evidence,1979,1,tooling,not_applicable,,sufficient_for_triage
G01981,fetch_evidence,fetch_evidence,1981,823,tooling;verification,existing_only;not_applicable;unclear,IBEX-008;IBEX-011;IBEX-014;IBEX-024,partition_context
G01982,deep_read,deep_read,1982,1,verification,existing_only,IBEX-016,sufficient_for_triage
G01983,deep_read,fetch_evidence,1983,1,verification,not_applicable,,sufficient_for_triage
G01984,low_priority,fetch_evidence,1984,1,tooling,not_applicable,,missing_source_or_context
G01985,low_priority,deep_read,1985,1,tooling,not_applicable,,sufficient_for_triage
G01987,low_priority,fetch_evidence,1987,1,tooling,not_applicable,,missing_source_or_context
G01988,deep_read,fetch_evidence,1988,1,verification,existing_only,IBEX-016,sufficient_for_triage
G01989,deep_read,fetch_evidence,1989,1,verification,not_applicable,IBEX-014,sufficient_for_triage
G01990,low_priority,fetch_evidence,1990,1,verification,not_applicable,,sufficient_for_triage
G01991,deep_read,fetch_evidence,1991,1,verification,not_applicable,,sufficient_for_triage
G01992,deep_read,fetch_evidence,1992,1,rtl,existing_only,,sufficient_for_triage
G01993,low_priority,fetch_evidence,1993,1,tooling,not_applicable,,sufficient_for_triage
G01994,deep_read,deep_read,1994,1,verification,not_applicable,,sufficient_for_triage
G01995,low_priority,fetch_evidence,1995,1,tooling,not_applicable,,sufficient_for_triage
G01996,low_priority,fetch_evidence,1996,1,tooling,not_applicable,,sufficient_for_triage
G01997,low_priority,fetch_evidence,1997,1,tooling,not_applicable,,sufficient_for_triage
G01998,fetch_evidence,fetch_evidence,1998,1,verification,not_applicable,,missing_source_or_context
G01999,low_priority,fetch_evidence,1999,1,tooling,not_applicable,,sufficient_for_triage
G02000,low_priority,fetch_evidence,2000,1,tooling,not_applicable,,sufficient_for_triage
G02001,low_priority,fetch_evidence,2001,1,tooling,not_applicable,,sufficient_for_triage
G02002,fetch_evidence,deep_read,2002,1,integration,not_applicable,,missing_source_or_context
G02003,low_priority,fetch_evidence,2003,1,tooling,not_applicable,,missing_source_or_context
G02004,low_priority,fetch_evidence,2004,1,tooling,not_applicable,,sufficient_for_triage
G02005,fetch_evidence,fetch_evidence,2005,1,verification,not_applicable,,missing_source_or_context
G02006,deep_read,deep_read,2006;2007,1,tooling,not_applicable,,sufficient_for_triage
G02008,fetch_evidence,deep_read,2008,1,tooling,not_applicable,,sufficient_for_triage
G02009,deep_read,fetch_evidence,2009,1,verification_interface,new_candidate,,sufficient_for_triage
G02010,low_priority,low_priority,2010,1,tooling,not_applicable,,missing_source_or_context
G02011,deep_read,deep_read,2011;2025;2037,1,verification,not_applicable,,sufficient_for_triage
G02012,low_priority,fetch_evidence,2012,1,tooling,not_applicable,,sufficient_for_triage
G02013,low_priority,fetch_evidence,2013,1,tooling,not_applicable,,sufficient_for_triage
G02016,deep_read,fetch_evidence,2016,1,verification,not_applicable,,sufficient_for_triage
G02018,deep_read,deep_read,2018,1,tooling,not_applicable,,sufficient_for_triage
G02019,fetch_evidence,fetch_evidence,2019;2020,1,rtl,not_applicable,,sufficient_for_triage
G02022,deep_read,deep_read,2022,1,rtl,new_candidate,,sufficient_for_triage
G02023,deep_read,fetch_evidence,2023;2347,3,rtl;verification_interface,existing_only;not_applicable,IBEX-022,partition_context
G02026,fetch_evidence,fetch_evidence,2026,1,verification,not_applicable,,sufficient_for_triage
G02027,fetch_evidence,fetch_evidence,2027,1,tooling,not_applicable,,missing_source_or_context
G02028,deep_read,fetch_evidence,2028,1,verification_interface,new_candidate,,sufficient_for_triage
G02029,low_priority,fetch_evidence,2029,1,tooling,not_applicable,,sufficient_for_triage
G02030,deep_read,deep_read,2030,2,rtl,existing_only,IBEX-022,partition_context
G02031,deep_read,deep_read,2031,1,rtl,not_applicable,,sufficient_for_triage
G02032,low_priority,fetch_evidence,2032,1,tooling,not_applicable,,sufficient_for_triage
G02033,low_priority,fetch_evidence,2033,1,tooling,not_applicable,,sufficient_for_triage
G02034,low_priority,fetch_evidence,2034,1,tooling,not_applicable,,sufficient_for_triage
G02035,low_priority,fetch_evidence,2035,1,tooling,not_applicable,,missing_source_or_context
G02036,low_priority,fetch_evidence,2036,1,rtl,not_applicable,,sufficient_for_triage
G02038,low_priority,fetch_evidence,2038,1,tooling,not_applicable,,sufficient_for_triage
G02039,deep_read,deep_read,2039,1,tooling,not_applicable,,sufficient_for_triage
G02040,low_priority,fetch_evidence,2040,1,tooling,not_applicable,,sufficient_for_triage
G02041,low_priority,fetch_evidence,2041,1,feature,not_applicable,,missing_source_or_context
G02042,deep_read,fetch_evidence,2042,1,tooling,not_applicable,,sufficient_for_triage
G02043,low_priority,low_priority,2043,1,tooling,not_applicable,,missing_source_or_context
G02045,low_priority,fetch_evidence,2045,1,tooling,not_applicable,,sufficient_for_triage
G02046,fetch_evidence,fetch_evidence,2046,1,rtl,not_applicable,,sufficient_for_triage
G02048,low_priority,fetch_evidence,2048,1,tooling,not_applicable,,missing_source_or_context
G02049,fetch_evidence,fetch_evidence,2049,1,tooling,not_applicable,,missing_source_or_context
G02050,deep_read,fetch_evidence,2050,1,verification,not_applicable,,sufficient_for_triage
G02054,deep_read,deep_read,2054;2056,1,rtl,not_applicable,,sufficient_for_triage
G02055,fetch_evidence,fetch_evidence,2055,1,tooling,not_applicable,,missing_source_or_context
G02057,fetch_evidence,fetch_evidence,2057,1,verification,new_candidate,,sufficient_for_triage
G02058,low_priority,fetch_evidence,2058;2079,1,tooling,not_applicable,,sufficient_for_triage
G02059,fetch_evidence,fetch_evidence,2059,7,rtl;tooling;verification,not_applicable,,partition_context
G02060,fetch_evidence,fetch_evidence,2060,1,verification,not_applicable,,sufficient_for_triage
G02061,fetch_evidence,fetch_evidence,2061,1,verification,not_applicable,,sufficient_for_triage
G02062,deep_read,fetch_evidence,2062,1,tooling,not_applicable,,sufficient_for_triage
G02063,low_priority,fetch_evidence,2063,1,tooling,not_applicable,,sufficient_for_triage
G02064,low_priority,fetch_evidence,2064,1,tooling,not_applicable,,missing_source_or_context
G02065,fetch_evidence,fetch_evidence,2065,1,tooling,not_applicable,,missing_source_or_context
G02066,low_priority,low_priority,2066,1,tooling,not_applicable,,missing_source_or_context
G02067,deep_read,fetch_evidence,2067,1,tooling,not_applicable,,sufficient_for_triage
G02068,low_priority,fetch_evidence,2068,1,tooling,not_applicable,,sufficient_for_triage
G02069,fetch_evidence,fetch_evidence,2069,1,verification_interface,not_applicable,,missing_source_or_context
G02070,low_priority,low_priority,2070,1,tooling,not_applicable,,missing_source_or_context
G02072,fetch_evidence,fetch_evidence,2072,1,tooling,not_applicable,,missing_source_or_context
G02073,low_priority,fetch_evidence,2073,1,tooling,not_applicable,,missing_source_or_context
G02074,deep_read,low_priority,2074,1,tooling,not_applicable,,sufficient_for_triage
G02075,deep_read,deep_read,2075,1,verification_interface,not_applicable,,sufficient_for_triage
G02076,low_priority,deep_read,2076,1,tooling,not_applicable,,sufficient_for_triage
G02077,low_priority,fetch_evidence,2077,1,tooling,not_applicable,,missing_source_or_context
G02078,fetch_evidence,fetch_evidence,2078,4,tooling,not_applicable,,partition_context
G02080,deep_read,fetch_evidence,2080;2081,1,tooling,not_applicable,,sufficient_for_triage
G02083,low_priority,fetch_evidence,2083,1,tooling,not_applicable,,missing_source_or_context
G02084,low_priority,fetch_evidence,2084,1,verification,not_applicable,,missing_source_or_context
G02085,fetch_evidence,deep_read,2085,1,tooling,not_applicable,,missing_source_or_context
G02086,deep_read,fetch_evidence,2086,1,tooling,not_applicable,,sufficient_for_triage
G02087,low_priority,fetch_evidence,2087,1,tooling,not_applicable,,missing_source_or_context
G02088,low_priority,low_priority,2088,1,unclear,not_applicable,,missing_source_or_context
G02089,low_priority,fetch_evidence,2089,1,verification,not_applicable,,missing_source_or_context
G02090,low_priority,low_priority,2090,1,integration,not_applicable,,missing_source_or_context
G02091,deep_read,deep_read,2091;2093,1,verification_interface,not_applicable,,sufficient_for_triage
G02092,deep_read,fetch_evidence,2092,1,verification,not_applicable,,sufficient_for_triage
G02094,deep_read,deep_read,2094;2255,1,rtl,not_applicable,,sufficient_for_triage
G02095,deep_read,deep_read,2095;2096;2108;2127,1,verification,not_applicable,,sufficient_for_triage
G02097,low_priority,fetch_evidence,2097,1,tooling,not_applicable,,sufficient_for_triage
G02098,low_priority,fetch_evidence,2098,1,verification_interface,not_applicable,,missing_source_or_context
G02099,fetch_evidence,fetch_evidence,2099,1,verification_interface,new_candidate,IBEX-021,sufficient_for_triage
G02100,fetch_evidence,fetch_evidence,2100,1,tooling,not_applicable,,missing_source_or_context
G02101,deep_read,fetch_evidence,2101;2102;2105,1,tooling,not_applicable,,sufficient_for_triage
G02103,fetch_evidence,fetch_evidence,2103,2,tooling;verification,not_applicable,,partition_context
G02104,low_priority,deep_read,2104,1,rtl,not_applicable,,sufficient_for_triage
G02106,low_priority,fetch_evidence,2106,1,tooling,not_applicable,,missing_source_or_context
G02107,fetch_evidence,deep_read,2107,1,tooling,not_applicable,,sufficient_for_triage
G02109,low_priority,fetch_evidence,2109,1,tooling,not_applicable,,sufficient_for_triage
G02110,fetch_evidence,fetch_evidence,2110,1,verification,not_applicable,,missing_source_or_context
G02111,low_priority,fetch_evidence,2111,1,verification,not_applicable,,missing_source_or_context
G02112,low_priority,fetch_evidence,2112,1,tooling,not_applicable,,sufficient_for_triage
G02113,low_priority,fetch_evidence,2113,1,tooling,not_applicable,,sufficient_for_triage
G02114,low_priority,fetch_evidence,2114,1,tooling,not_applicable,,missing_source_or_context
G02115,low_priority,low_priority,2115,1,tooling,not_applicable,,sufficient_for_triage
G02116,fetch_evidence,fetch_evidence,2116,1,tooling,not_applicable,,sufficient_for_triage
G02117,deep_read,deep_read,2117;2173;2174;2182;2184,2,rtl;verification,new_candidate,,partition_context
G02118,low_priority,fetch_evidence,2118,1,tooling,not_applicable,,missing_source_or_context
G02119,low_priority,fetch_evidence,2119,1,tooling,not_applicable,,sufficient_for_triage
G02120,deep_read,deep_read,2120,1,verification,not_applicable,,sufficient_for_triage
G02121,low_priority,fetch_evidence,2121,1,tooling,not_applicable,,sufficient_for_triage
G02122,low_priority,low_priority,2122,1,verification,not_applicable,,missing_source_or_context
G02123,low_priority,low_priority,2123,1,tooling,not_applicable,,missing_source_or_context
G02124,deep_read,deep_read,2124,1,verification_interface,not_applicable,,missing_source_or_context
G02125,fetch_evidence,fetch_evidence,2125,1,verification,not_applicable,,missing_source_or_context
G02126,low_priority,fetch_evidence,2126,1,tooling,not_applicable,,sufficient_for_triage
G02128,fetch_evidence,fetch_evidence,2128,1,tooling,not_applicable,,missing_source_or_context
G02129,deep_read,deep_read,2129;2131;2133;2134,1,rtl,not_applicable,,sufficient_for_triage
G02130,deep_read,fetch_evidence,2130,2,rtl,not_applicable,,partition_context
G02132,low_priority,deep_read,2132;2137,1,tooling,not_applicable,,sufficient_for_triage
G02135,deep_read,deep_read,2135,1,integration,not_applicable,,sufficient_for_triage
G02138,low_priority,fetch_evidence,2138,1,tooling,not_applicable,,sufficient_for_triage
G02139,low_priority,fetch_evidence,2139,1,tooling,not_applicable,,missing_source_or_context
G02140,low_priority,low_priority,2140,1,verification,not_applicable,,missing_source_or_context
G02142,deep_read,deep_read,2142,1,integration,new_candidate,,sufficient_for_triage
G02143,fetch_evidence,deep_read,2143,1,tooling,not_applicable,,sufficient_for_triage
G02144,deep_read,deep_read,2144;2166;2213,1,rtl,new_candidate,IBEX-009,sufficient_for_triage
G02145,fetch_evidence,fetch_evidence,2145,4,rtl;tooling;verification,not_applicable,,partition_context
G02146,low_priority,fetch_evidence,2146,1,tooling,not_applicable,,sufficient_for_triage
G02147,deep_read,fetch_evidence,2147,1,rtl,not_applicable,,sufficient_for_triage
G02148,low_priority,fetch_evidence,2148,1,tooling,not_applicable,,sufficient_for_triage
G02149,low_priority,fetch_evidence,2149,1,tooling,not_applicable,,sufficient_for_triage
G02150,fetch_evidence,fetch_evidence,2150,1,tooling,not_applicable,,missing_source_or_context
G02151,low_priority,fetch_evidence,2151,1,verification,not_applicable,,sufficient_for_triage
G02152,fetch_evidence,deep_read,2152,1,tooling,not_applicable,,missing_source_or_context
G02153,deep_read,fetch_evidence,2153;2157,1,tooling,not_applicable,,sufficient_for_triage
G02154,low_priority,fetch_evidence,2154,1,tooling,not_applicable,,sufficient_for_triage
G02155,low_priority,fetch_evidence,2155,1,tooling,not_applicable,,sufficient_for_triage
G02156,fetch_evidence,fetch_evidence,2156,9,tooling,not_applicable,,partition_context
G02158,low_priority,fetch_evidence,2158,1,tooling,not_applicable,,sufficient_for_triage
G02159,fetch_evidence,fetch_evidence,2159,1,rtl,not_applicable,,missing_source_or_context
G02160,low_priority,fetch_evidence,2160,1,tooling,not_applicable,,sufficient_for_triage
G02161,fetch_evidence,fetch_evidence,2161,1,tooling,not_applicable,,missing_source_or_context
G02162,low_priority,fetch_evidence,2162,1,feature,not_applicable,,missing_source_or_context
G02163,fetch_evidence,fetch_evidence,2163,1,rtl,not_applicable,,missing_source_or_context
G02164,low_priority,fetch_evidence,2164,1,feature,not_applicable,,sufficient_for_triage
G02165,deep_read,deep_read,2165,1,rtl,new_candidate,,sufficient_for_triage
G02167,deep_read,fetch_evidence,2167,1,tooling,not_applicable,IBEX-022,missing_source_or_context
G02168,fetch_evidence,fetch_evidence,2168,1,verification,unclear,,missing_source_or_context
G02169,deep_read,deep_read,2169,1,rtl,new_candidate,,sufficient_for_triage
G02170,deep_read,fetch_evidence,2170,15,rtl;tooling;verification,not_applicable,,partition_context
G02171,low_priority,fetch_evidence,2171,1,verification,not_applicable,,sufficient_for_triage
G02172,fetch_evidence,fetch_evidence,2172,1,verification,not_applicable,,missing_source_or_context
G02175,deep_read,fetch_evidence,2175;2185,1,verification,new_candidate,,sufficient_for_triage
G02176,low_priority,fetch_evidence,2176,1,tooling,not_applicable,,sufficient_for_triage
G02177,deep_read,fetch_evidence,2177,1,verification,not_applicable,,sufficient_for_triage
G02178,deep_read,deep_read,2178,1,rtl,new_candidate,,sufficient_for_triage
G02179,low_priority,fetch_evidence,2179,1,tooling,not_applicable,,missing_source_or_context
G02180,deep_read,deep_read,2180,1,rtl,not_applicable,,sufficient_for_triage
G02181,low_priority,low_priority,2181,1,tooling,not_applicable,,sufficient_for_triage
G02183,deep_read,deep_read,2183;2187,2,verification;verification_interface,mixed;new_candidate,IBEX-009,partition_context
G02188,deep_read,deep_read,2188;2192,1,rtl,new_candidate,,sufficient_for_triage
G02189,deep_read,deep_read,2189,1,rtl,not_applicable,,sufficient_for_triage
G02190,deep_read,fetch_evidence,2190,1,rtl,not_applicable,,sufficient_for_triage
G02191,low_priority,low_priority,2191,1,tooling,not_applicable,,sufficient_for_triage
G02194,fetch_evidence,fetch_evidence,2194,1,integration,not_applicable,,sufficient_for_triage
G02196,fetch_evidence,fetch_evidence,2196,1,tooling,not_applicable,,missing_source_or_context
G02197,deep_read,deep_read,2197,1,integration,not_applicable,,sufficient_for_triage
G02198,fetch_evidence,fetch_evidence,2198,1,verification,not_applicable,,missing_source_or_context
G02199,fetch_evidence,fetch_evidence,2199,1,verification,not_applicable,,missing_source_or_context
G02200,low_priority,fetch_evidence,2200,1,tooling,not_applicable,,sufficient_for_triage
G02201,fetch_evidence,fetch_evidence,2201,1,rtl,not_applicable,,missing_source_or_context
G02202,fetch_evidence,fetch_evidence,2202,1,rtl,not_applicable,,sufficient_for_triage
G02203,low_priority,fetch_evidence,2203,1,tooling,not_applicable,,missing_source_or_context
G02204,low_priority,fetch_evidence,2204,1,verification,not_applicable,,sufficient_for_triage
G02205,deep_read,fetch_evidence,2205;2209,1,tooling,not_applicable,,sufficient_for_triage
G02206,deep_read,deep_read,2206,1,rtl,not_applicable,,sufficient_for_triage
G02207,low_priority,fetch_evidence,2207,1,tooling,not_applicable,,missing_source_or_context
G02208,low_priority,fetch_evidence,2208,1,tooling,not_applicable,,missing_source_or_context
G02210,fetch_evidence,fetch_evidence,2210,1,verification,not_applicable,,missing_source_or_context
G02211,low_priority,low_priority,2211,1,tooling,not_applicable,,sufficient_for_triage
G02212,deep_read,deep_read,2212;2215;2216,1,rtl,not_applicable,,sufficient_for_triage
G02217,deep_read,fetch_evidence,2217;2266,1,rtl,not_applicable,,sufficient_for_triage
G02218,low_priority,low_priority,2218,1,tooling,not_applicable,,sufficient_for_triage
G02219,low_priority,low_priority,2219,1,tooling,not_applicable,,sufficient_for_triage
G02220,fetch_evidence,fetch_evidence,2220,1032,feature;integration;rtl;unclear;verification;verification_interface,not_applicable;unclear,IBEX-022,partition_context
G02221,fetch_evidence,fetch_evidence,2221,3,tooling,not_applicable,,partition_context
G02222,deep_read,fetch_evidence,2222,1,rtl,not_applicable,,sufficient_for_triage
G02223,low_priority,fetch_evidence,2223,1,tooling,not_applicable,,sufficient_for_triage
G02224,deep_read,deep_read,2224,1,rtl,not_applicable,,sufficient_for_triage
G02225,low_priority,fetch_evidence,2225,1,tooling,not_applicable,,sufficient_for_triage
G02226,deep_read,deep_read,2226,1,rtl,not_applicable,,sufficient_for_triage
G02227,low_priority,fetch_evidence,2227,1,tooling,not_applicable,,sufficient_for_triage
G02228,deep_read,deep_read,2228,1,rtl,not_applicable,,sufficient_for_triage
G02229,deep_read,fetch_evidence,2229,1,rtl,not_applicable,,sufficient_for_triage
G02230,deep_read,deep_read,2230;2239;2241;2250,1,rtl,not_applicable,,sufficient_for_triage
G02231,deep_read,deep_read,2231,1,verification_interface,new_candidate,,sufficient_for_triage
G02232,deep_read,fetch_evidence,2232;2233;2262;2279,2,rtl;verification,new_candidate,IBEX-002,partition_context
G02234,low_priority,fetch_evidence,2234,1,verification,not_applicable,,sufficient_for_triage
G02235,low_priority,fetch_evidence,2235,1,tooling,not_applicable,,missing_source_or_context
G02236,deep_read,deep_read,2236;2240;2261,1,verification_interface,not_applicable,,sufficient_for_triage
G02237,deep_read,deep_read,2237,1,rtl,existing_only,IBEX-016,missing_source_or_context
G02238,low_priority,fetch_evidence,2238,1,tooling,not_applicable,,sufficient_for_triage
G02242,deep_read,deep_read,2242;2465,1,verification,existing_only,IBEX-014,sufficient_for_triage
G02243,deep_read,fetch_evidence,2243,1,verification_interface,not_applicable,,sufficient_for_triage
G02244,deep_read,fetch_evidence,2244,1,verification,not_applicable,,sufficient_for_triage
G02245,fetch_evidence,fetch_evidence,2245,7,rtl;tooling;verification,new_candidate;not_applicable;unclear,,partition_context
G02246,deep_read,deep_read,2246,1,rtl,new_candidate,,sufficient_for_triage
G02247,low_priority,low_priority,2247,1,tooling,not_applicable,,sufficient_for_triage
G02248,low_priority,fetch_evidence,2248,1,tooling,not_applicable,,sufficient_for_triage
G02249,deep_read,deep_read,2249;2251,1,verification_interface,new_candidate,,sufficient_for_triage
G02252,deep_read,deep_read,2252;2446,1,rtl,existing_only,IBEX-018,sufficient_for_triage
G02253,fetch_evidence,deep_read,2253,1,tooling,not_applicable,,sufficient_for_triage
G02254,deep_read,fetch_evidence,2254,1,verification_interface,not_applicable,,sufficient_for_triage
G02256,low_priority,fetch_evidence,2256,1,tooling,not_applicable,,sufficient_for_triage
G02257,low_priority,low_priority,2257,1,tooling,not_applicable,,sufficient_for_triage
G02258,deep_read,deep_read,2258,1,integration,new_candidate,,sufficient_for_triage
G02259,low_priority,fetch_evidence,2259,1,verification,not_applicable,,sufficient_for_triage
G02260,deep_read,deep_read,2260;2454,1,tooling,not_applicable,,sufficient_for_triage
G02263,fetch_evidence,fetch_evidence,2263,1,tooling,not_applicable,,sufficient_for_triage
G02264,fetch_evidence,fetch_evidence,2264,1,verification,not_applicable,IBEX-022,missing_source_or_context
G02265,fetch_evidence,fetch_evidence,2265,1,tooling,not_applicable,,missing_source_or_context
G02267,low_priority,fetch_evidence,2267,1,feature,not_applicable,,sufficient_for_triage
G02268,deep_read,fetch_evidence,2268;2269,1,rtl,not_applicable,,sufficient_for_triage
G02270,deep_read,fetch_evidence,2270,1,tooling,not_applicable,,sufficient_for_triage
G02271,low_priority,fetch_evidence,2271,1,tooling,not_applicable,,sufficient_for_triage
G02272,low_priority,fetch_evidence,2272,1,verification,not_applicable,,sufficient_for_triage
G02273,deep_read,fetch_evidence,2273,1,verification,not_applicable,,sufficient_for_triage
G02274,fetch_evidence,fetch_evidence,2274,2,verification,not_applicable,IBEX-022,partition_context
G02275,deep_read,deep_read,2275,1,verification,not_applicable,,sufficient_for_triage
G02276,low_priority,fetch_evidence,2276,1,verification,not_applicable,,sufficient_for_triage
G02277,fetch_evidence,fetch_evidence,2277,1,tooling,not_applicable,,sufficient_for_triage
G02278,deep_read,deep_read,2278,1,rtl,existing_only,IBEX-007,sufficient_for_triage
G02280,fetch_evidence,fetch_evidence,2280,10,tooling,not_applicable,,partition_context
G02282,deep_read,deep_read,2282,1,rtl,not_applicable,IBEX-022,sufficient_for_triage
G02283,low_priority,fetch_evidence,2283,1,tooling,not_applicable,,sufficient_for_triage
G02284,deep_read,fetch_evidence,2284,1,tooling,not_applicable,,sufficient_for_triage
G02285,deep_read,fetch_evidence,2285,1,tooling,not_applicable,,sufficient_for_triage
G02286,deep_read,deep_read,2286,1,verification,not_applicable,,sufficient_for_triage
G02287,low_priority,fetch_evidence,2287,1,tooling,not_applicable,,sufficient_for_triage
G02288,deep_read,deep_read,2288;2289;2324;2326;2398;2444;2445,93,rtl;unclear;verification,existing_only;new_candidate;not_applicable;unclear,IBEX-002;IBEX-008;IBEX-011;IBEX-022,partition_context
G02290,fetch_evidence,fetch_evidence,2290,2,tooling,not_applicable,,partition_context
G02291,low_priority,fetch_evidence,2291,1,tooling,not_applicable,,missing_source_or_context
G02292,low_priority,fetch_evidence,2292,1,tooling,not_applicable,,sufficient_for_triage
G02293,deep_read,fetch_evidence,2293,1,rtl,not_applicable,,sufficient_for_triage
G02294,deep_read,deep_read,2294;2296,1,rtl,not_applicable,,sufficient_for_triage
G02295,low_priority,fetch_evidence,2295,1,rtl,not_applicable,,missing_source_or_context
G02297,deep_read,deep_read,2297,1,verification,not_applicable,,sufficient_for_triage
G02298,low_priority,fetch_evidence,2298,1,tooling,not_applicable,,sufficient_for_triage
G02299,low_priority,fetch_evidence,2299,1,verification,not_applicable,,sufficient_for_triage
G02300,deep_read,deep_read,2300,1,tooling,not_applicable,IBEX-022,sufficient_for_triage
G02301,deep_read,deep_read,2301,1,verification,existing_only,IBEX-005,sufficient_for_triage
G02302,deep_read,deep_read,2302,1,verification,not_applicable,,sufficient_for_triage
G02303,fetch_evidence,fetch_evidence,2303,3,tooling,not_applicable,,partition_context
G02304,low_priority,fetch_evidence,2304,1,tooling,not_applicable,,sufficient_for_triage
G02305,low_priority,low_priority,2305,1,integration,not_applicable,,missing_source_or_context
G02306,low_priority,fetch_evidence,2306,1,feature,not_applicable,,sufficient_for_triage
G02307,low_priority,fetch_evidence,2307,1,verification,not_applicable,,missing_source_or_context
G02308,low_priority,fetch_evidence,2308,1,tooling,not_applicable,,missing_source_or_context
G02309,fetch_evidence,fetch_evidence,2309;2320;2321,15,rtl;tooling;verification,new_candidate;not_applicable;unclear,,partition_context
G02310,low_priority,low_priority,2310,1,tooling,not_applicable,,missing_source_or_context
G02311,deep_read,deep_read,2311,1,integration,new_candidate,,sufficient_for_triage
G02313,deep_read,fetch_evidence,2313,1,rtl,existing_only,IBEX-007,sufficient_for_triage
G02314,deep_read,deep_read,2314,1,verification,not_applicable,,sufficient_for_triage
G02315,low_priority,fetch_evidence,2315,1,tooling,not_applicable,,missing_source_or_context
G02316,low_priority,fetch_evidence,2316;2317,1,tooling,not_applicable,,sufficient_for_triage
G02318,fetch_evidence,fetch_evidence,2318,22,integration;rtl;tooling;verification;verification_interface,not_applicable;unclear,IBEX-022,partition_context
G02319,deep_read,deep_read,2319,1,rtl,new_candidate,,sufficient_for_triage
G02322,deep_read,fetch_evidence,2322,1,rtl,not_applicable,,sufficient_for_triage
G02323,deep_read,deep_read,2323,1,integration,unclear,,missing_source_or_context
G02325,low_priority,deep_read,2325,1,tooling,not_applicable,IBEX-022,sufficient_for_triage
G02327,deep_read,fetch_evidence,2327,1,tooling,not_applicable,,sufficient_for_triage
G02328,deep_read,fetch_evidence,2328,1,rtl,not_applicable,IBEX-011,sufficient_for_triage
G02329,fetch_evidence,deep_read,2329,1,rtl,existing_only,IBEX-007,sufficient_for_triage
G02330,deep_read,deep_read,2330,1,rtl,existing_only,IBEX-009,missing_source_or_context
G02331,deep_read,deep_read,2331,1,rtl,new_candidate,,missing_source_or_context
G02332,deep_read,deep_read,2332,1,rtl,new_candidate,IBEX-009,missing_source_or_context
G02333,fetch_evidence,fetch_evidence,2333,1,tooling,not_applicable,,missing_source_or_context
G02334,deep_read,fetch_evidence,2334;2336,1,verification_interface,not_applicable,,sufficient_for_triage
G02335,fetch_evidence,fetch_evidence,2335,1,verification_interface,not_applicable,,sufficient_for_triage
G02337,deep_read,deep_read,2337,1,verification_interface,new_candidate,,sufficient_for_triage
G02339,fetch_evidence,fetch_evidence,2339,23,integration;rtl;tooling;verification,not_applicable,,partition_context
G02340,low_priority,fetch_evidence,2340,1,tooling,not_applicable,,sufficient_for_triage
G02341,deep_read,deep_read,2341,1,rtl,new_candidate,,sufficient_for_triage
G02342,deep_read,deep_read,2342,1,rtl,new_candidate,,sufficient_for_triage
G02343,low_priority,fetch_evidence,2343,1,rtl,not_applicable,,missing_source_or_context
G02344,deep_read,deep_read,2344,1,rtl,not_applicable,,sufficient_for_triage
G02345,deep_read,deep_read,2345;2355;2356;2375,2,tooling,not_applicable,,partition_context
G02346,deep_read,deep_read,2346,1,verification_interface,not_applicable,IBEX-021,sufficient_for_triage
G02349,low_priority,fetch_evidence,2349,1,tooling,not_applicable,,sufficient_for_triage
G02350,deep_read,deep_read,2350;2353,1,rtl,new_candidate,IBEX-007,sufficient_for_triage
G02351,fetch_evidence,fetch_evidence,2351,1,unclear,unclear,,missing_source_or_context
G02352,fetch_evidence,deep_read,2352,1,rtl,unclear,,missing_source_or_context
G02354,deep_read,fetch_evidence,2354,1,tooling,not_applicable,,sufficient_for_triage
G02357,deep_read,fetch_evidence,2357,1,rtl,not_applicable,,sufficient_for_triage
G02358,low_priority,fetch_evidence,2358,1,tooling,not_applicable,,missing_source_or_context
G02359,low_priority,fetch_evidence,2359,1,tooling,not_applicable,,sufficient_for_triage
G02360,deep_read,deep_read,2360,1,rtl,not_applicable,,missing_source_or_context
G02361,low_priority,fetch_evidence,2361,1,feature,existing_only,IBEX-022,sufficient_for_triage
G02362,low_priority,fetch_evidence,2362,1,rtl,not_applicable,,sufficient_for_triage
G02363,deep_read,fetch_evidence,2363,1,rtl,not_applicable,,sufficient_for_triage
G02364,deep_read,fetch_evidence,2364,2,rtl,not_applicable,,partition_context
G02365,fetch_evidence,fetch_evidence,2365,1,verification_interface,not_applicable,,sufficient_for_triage
G02366,low_priority,fetch_evidence,2366,1,tooling,not_applicable,IBEX-022,missing_source_or_context
G02367,deep_read,fetch_evidence,2367,1,feature,not_applicable,,sufficient_for_triage
G02368,low_priority,low_priority,2368,1,tooling,not_applicable,,sufficient_for_triage
G02369,low_priority,low_priority,2369,1,tooling,not_applicable,,sufficient_for_triage
G02370,deep_read,deep_read,2370;2371,1,verification,not_applicable,,sufficient_for_triage
G02372,low_priority,deep_read,2372,1,tooling,not_applicable,,sufficient_for_triage
G02373,fetch_evidence,fetch_evidence,2373,1,tooling,not_applicable,,sufficient_for_triage
G02374,deep_read,deep_read,2374;2461;2497;2498,2,rtl;verification,new_candidate,IBEX-017,partition_context
G02376,deep_read,fetch_evidence,2376,1,rtl,not_applicable,,sufficient_for_triage
G02377,low_priority,fetch_evidence,2377,1,tooling,not_applicable,,sufficient_for_triage
G02378,low_priority,fetch_evidence,2378,1,tooling,not_applicable,,missing_source_or_context
G02379,deep_read,fetch_evidence,2379,1,rtl,not_applicable,,sufficient_for_triage
G02380,fetch_evidence,fetch_evidence,2380,1,rtl,new_candidate,,sufficient_for_triage
G02381,deep_read,fetch_evidence,2381,1,rtl,not_applicable,,sufficient_for_triage
G02382,fetch_evidence,fetch_evidence,2382,1,rtl,not_applicable,,sufficient_for_triage
G02383,fetch_evidence,fetch_evidence,2383,1,rtl,not_applicable,,sufficient_for_triage
G02384,fetch_evidence,deep_read,2384,1,rtl,not_applicable,,sufficient_for_triage
G02385,deep_read,fetch_evidence,2385,1,rtl,new_candidate,,sufficient_for_triage
G02386,deep_read,deep_read,2386,1,rtl,existing_only,,sufficient_for_triage
G02387,deep_read,fetch_evidence,2387,1,rtl,new_candidate,,sufficient_for_triage
G02388,deep_read,deep_read,2388,1,rtl,new_candidate,,sufficient_for_triage
G02389,fetch_evidence,fetch_evidence,2389,1,rtl,new_candidate,,sufficient_for_triage
G02390,deep_read,fetch_evidence,2390,1,rtl,new_candidate,,sufficient_for_triage
G02391,deep_read,fetch_evidence,2391,1,rtl,new_candidate,,sufficient_for_triage
G02392,fetch_evidence,fetch_evidence,2392,1,rtl,new_candidate,,missing_source_or_context
G02393,deep_read,fetch_evidence,2393,1,rtl,new_candidate,,sufficient_for_triage
G02394,deep_read,deep_read,2394,1,rtl,not_applicable,,sufficient_for_triage
G02395,deep_read,deep_read,2395,1,rtl,new_candidate,,sufficient_for_triage
G02396,deep_read,deep_read,2396;2397,1,tooling,not_applicable,,sufficient_for_triage
G02401,low_priority,fetch_evidence,2401,1,feature,not_applicable,,sufficient_for_triage
G02413,low_priority,fetch_evidence,2413,1,tooling,not_applicable,,missing_source_or_context
G02437,fetch_evidence,fetch_evidence,2437,16,tooling,not_applicable,,partition_context
G02438,low_priority,fetch_evidence,2438,1,tooling,not_applicable,,sufficient_for_triage
G02440,deep_read,deep_read,2440,1,rtl,not_applicable,IBEX-013,sufficient_for_triage
G02441,deep_read,deep_read,2441,1,rtl,not_applicable,,sufficient_for_triage
G02443,deep_read,deep_read,2443,1,tooling,not_applicable,,sufficient_for_triage
G02447,deep_read,deep_read,2447;2449,1,verification,not_applicable,,sufficient_for_triage
G02448,low_priority,fetch_evidence,2448,1,tooling,not_applicable,,sufficient_for_triage
G02450,low_priority,fetch_evidence,2450,1,tooling,not_applicable,,sufficient_for_triage
G02451,low_priority,low_priority,2451,1,tooling,not_applicable,,sufficient_for_triage
G02452,deep_read,deep_read,2452,1,rtl,existing_only,IBEX-009,sufficient_for_triage
G02453,deep_read,fetch_evidence,2453,1,integration,not_applicable,,missing_source_or_context
G02455,deep_read,fetch_evidence,2455;2456;2464;2466;2467,11,integration;rtl,new_candidate;not_applicable,IBEX-022,partition_context
G02457,fetch_evidence,fetch_evidence,2457,2,rtl,not_applicable,,partition_context
G02458,fetch_evidence,deep_read,2458,1,tooling,not_applicable,,missing_source_or_context
G02460,low_priority,low_priority,2460,1,tooling,not_applicable,,sufficient_for_triage
G02462,low_priority,fetch_evidence,2462,1,tooling,not_applicable,,missing_source_or_context
G02463,low_priority,fetch_evidence,2463,1,tooling,not_applicable,,sufficient_for_triage
G02469,deep_read,fetch_evidence,2469;2470,1,rtl,new_candidate,,sufficient_for_triage
G02471,low_priority,deep_read,2471,1,tooling,not_applicable,,sufficient_for_triage
G02472,low_priority,low_priority,2472,1,tooling,not_applicable,,missing_source_or_context
G02473,deep_read,deep_read,2473,1,rtl,existing_only,IBEX-005,sufficient_for_triage
G02474,deep_read,deep_read,2474,1,rtl,existing_only,IBEX-005,sufficient_for_triage
G02475,deep_read,deep_read,2475;2477;2478;2479;2480;2486,22,rtl;tooling,existing_only;new_candidate;not_applicable;unclear,IBEX-007;IBEX-021;IBEX-022,partition_context
G02476,deep_read,deep_read,2476;2489,1,verification_interface,new_candidate,,sufficient_for_triage
G02483,deep_read,fetch_evidence,2483,1,verification_interface,not_applicable,,sufficient_for_triage
G02484,deep_read,fetch_evidence,2484,12,tooling,not_applicable,IBEX-017;IBEX-022,partition_context
G02485,low_priority,fetch_evidence,2485,1,tooling,not_applicable,,sufficient_for_triage
G02487,deep_read,deep_read,2487,1,rtl,new_candidate,IBEX-005,sufficient_for_triage
G02490,deep_read,deep_read,2490,1,rtl,new_candidate,IBEX-011,sufficient_for_triage
G02491,deep_read,deep_read,2491;2495,1,rtl,existing_only,IBEX-011,sufficient_for_triage
G02492,low_priority,deep_read,2492,1,tooling,existing_only,IBEX-022,sufficient_for_triage
G02493,deep_read,deep_read,2493,1,tooling,not_applicable,IBEX-022,sufficient_for_triage
G02494,low_priority,fetch_evidence,2494,1,tooling,not_applicable,,sufficient_for_triage
G02496,deep_read,deep_read,2496,1,rtl,new_candidate,,sufficient_for_triage
G02501,fetch_evidence,fetch_evidence,2501,1,verification,existing_only,IBEX-022,sufficient_for_triage
G02502,deep_read,deep_read,2502,1,verification_interface,new_candidate,,sufficient_for_triage
G02503,deep_read,deep_read,2503,1,verification,not_applicable,,sufficient_for_triage
G02504,low_priority,fetch_evidence,2504,1,rtl,not_applicable,,sufficient_for_triage
G02505,deep_read,fetch_evidence,2505,1,rtl,new_candidate,,sufficient_for_triage
G02506,deep_read,deep_read,2506,1,verification,not_applicable,,sufficient_for_triage
G02507,low_priority,fetch_evidence,2507,1,tooling,not_applicable,,sufficient_for_triage
G02508,deep_read,deep_read,2508,1,rtl,new_candidate,,sufficient_for_triage
G02509,deep_read,deep_read,2509,1,rtl,new_candidate,,sufficient_for_triage
G02510,deep_read,deep_read,2510,1,verification,not_applicable,IBEX-022,sufficient_for_triage
G02511,deep_read,deep_read,2511,1,verification,not_applicable,,sufficient_for_triage
G02512,deep_read,deep_read,2512,1,verification,new_candidate,IBEX-007,sufficient_for_triage
G02513,deep_read,deep_read,2513,1,verification,existing_only,IBEX-009,sufficient_for_triage
G02514,deep_read,deep_read,2514,1,verification,new_candidate,,sufficient_for_triage
G02515,deep_read,deep_read,2515,1,verification,not_applicable,,sufficient_for_triage
G02516,deep_read,deep_read,2516,1,verification,not_applicable,,sufficient_for_triage
G02518,deep_read,deep_read,2518,1,verification_interface,new_candidate,,sufficient_for_triage
